image,title,artist,year,movement,excerpt
https://upload.wikimedia.org/wikipedia/commons/6/61/Padova_Cappella_degli_Scrovegni_Innen_Langhaus_West_5.jpg,scrovegni chapel,giotto,1305,proto-renaissance,"The Scrovegni Chapel, also known as the Arena Chapel, is a small church, adjacent to the Augustinian monastery, the Monastero degli Eremitani in Padua, region of Veneto, Italy. The chapel and monastery are now part of the complex of the Musei Civici di Padova."
https://upload.wikimedia.org/wikipedia/commons/9/92/Taddeo_Gaddi%2C_Stories_of_the_Virgin%2C_c1330%2C_Baroncelli_chapel%2C_Santa_Croce%2C_Florence.jpg,stories of the virgin,taddeo gaddi,1330,proto-renaissance,"Stories Of The Virgin is a Proto-Renaissance work by Taddeo Gaddi, dated 1330.\n\nTaddeo Gaddi was a medieval Italian painter and architect. He was born in Florence. He was the son of the painter Gaddo di Zanobi, called Gaddo Gaddi. He was a member of Giotto's workshop from 1313 until the master's death in 1337. According to Giorgio Vasari, he was considered Giotto's most talented pupil: in 1347 he was placed at the top in a list of Florence's most renowned painters. He also traded as a merchant and had a branch establishment in Venice. As well as a painter, he was a mosaicist and architect."
https://upload.wikimedia.org/wikipedia/commons/3/34/Taddeo_Gaddi%2C_Adoration_of_the_Magi%2C_c1330%2C_Baroncelli_chapel%2C_Santa_Croce%2C_Florence.jpg,adoration of the magi,taddeo gaddi,1330,proto-renaissance,"Adoration Of The Magi is a Proto-Renaissance work by Taddeo Gaddi, dated 1330.\n\nTaddeo Gaddi was a medieval Italian painter and architect. He was born in Florence. He was the son of the painter Gaddo di Zanobi, called Gaddo Gaddi. He was a member of Giotto's workshop from 1313 until the master's death in 1337. According to Giorgio Vasari, he was considered Giotto's most talented pupil: in 1347 he was placed at the top in a list of Florence's most renowned painters. He also traded as a merchant and had a branch establishment in Venice. As well as a painter, he was a mosaicist and architect."
https://upload.wikimedia.org/wikipedia/commons/3/34/Taddeo_Gaddi%2C_Visitation%2C_c1330%2C_Baroncelli_chapel%2C_Santa_Croce%2C_Florence.jpg,visitation,taddeo gaddi,1330,proto-renaissance,"Visitation is a Proto-Renaissance work by Taddeo Gaddi, dated 1330.\n\nTaddeo Gaddi was a medieval Italian painter and architect. He was born in Florence. He was the son of the painter Gaddo di Zanobi, called Gaddo Gaddi. He was a member of Giotto's workshop from 1313 until the master's death in 1337. According to Giorgio Vasari, he was considered Giotto's most talented pupil: in 1347 he was placed at the top in a list of Florence's most renowned painters. He also traded as a merchant and had a branch establishment in Venice. As well as a painter, he was a mosaicist and architect."
https://upload.wikimedia.org/wikipedia/commons/3/3c/Taddeo_Gaddi%2C_Arbor_vitae%2C_c1330-40_or_-60%2C_Santa_Croce_Refectory%2C_Florence.jpg,arbor vitae,taddeo gaddi,1330-1340,proto-renaissance,"Arbor Vitae is a Proto-Renaissance work by Taddeo Gaddi, dated 1330-1340.\n\nTaddeo Gaddi was a medieval Italian painter and architect. He was born in Florence. He was the son of the painter Gaddo di Zanobi, called Gaddo Gaddi. He was a member of Giotto's workshop from 1313 until the master's death in 1337. According to Giorgio Vasari, he was considered Giotto's most talented pupil: in 1347 he was placed at the top in a list of Florence's most renowned painters. He also traded as a merchant and had a branch establishment in Venice. As well as a painter, he was a mosaicist and architect."
https://upload.wikimedia.org/wikipedia/commons/c/c7/Los_Desposorios_de_la_Virgen%2C_por_Robert_Campin.jpg,the marriage of mary,robert campin,1420,early netherlandish,"The Marriage of the Virgin, also known as The Betrothal of the Virgin, is a c. 1420–1430 oil on oak painting by the Early Netherlandish painter Robert Campin. The painting was intended to be a metaphor, primarily focused on the transition from the Old to the New Testament, which is expressed through iconography and disguised symbolism. It entered into the Spanish royal collection at El Escorial in 1584. It was later obtained by Prado Museum, where it continues to reside. This work by Robert Campin is one of his earliest and was previously attributed to Roger Van der Weyden.\n\nThe painting shows the betrothing of Mary and Joseph in front of an incomplete Gothic portal."
https://upload.wikimedia.org/wikipedia/commons/a/ac/The_Nativity_Robert_Campin.jpg,nativity,robert campin,1420,early netherlandish,"Nativity is a panel painting of c. 1420 by the Early Netherlandish painter Robert Campin, now in the Musée des Beaux-Arts de Dijon, France.  As often, the moment shown is the Adoration of the Shepherds. Harshly realistic, the Child Jesus and his parents are shown in poverty, the figures crowded in a small structure, with broken-down walls, and a thatched roof with a hole, the single space shared with animals. In this Campin abandons the traditional narrative.\n\nThe Virgin is presented as in her teens, Joseph as a much older man. Four angels hover above them, holding gifts. Two of them hold a scroll with lettering addressed to one of the midwives in the lower portion of the panel."
https://upload.wikimedia.org/wikipedia/commons/2/21/La_Anunciaci%C3%B3n%2C_por_Robert_Campin.jpg,annunciation,robert campin,1420-1425,early netherlandish,"Annunciation is a Early Netherlandish work by Robert Campin, dated 1420-1425.\n\nThe Entombment Triptych (or ""Seilern Triptych"" Courtauld Institute, London) is dated to around 1425. The central panel shows his debt to the sculpture of the time (Campin was known to have polychromed several statues).\n\nAround 1425–1428 Campin painted the Mérode Altarpiece, a triptych (three paneled paintings) commissioned for private use. The Annunciation occupies the central panel. The Archangel Gabriel is shown approaching Mary, who sits reading. She is depicted in a well-kept middle-class Flemish home."
https://upload.wikimedia.org/wikipedia/commons/8/8b/Gentile_da_Fabriano_-_Adorazione_dei_Magi_-_Google_Art_ProjectFXD.jpg,adoration of the magi,gentile de fabriano,1423,international gothic,"The Adoration of the Magi — also known as the Adoration of the Kings or the Visitation of the Wise Men — is the name traditionally given to a popular subject in the Nativity of Jesus in art. In these depictions, three Magi, having found Jesus by following a star, lay before him gifts of gold, frankincense, and myrrh, and worship him. The scene originates from the Biblical account in Matthew 2:11: ""On entering the house, they saw the child with Mary his mother; and they knelt down and paid him homage. Then, opening their treasure chests, they offered him gifts of gold, frankincense, and myrrh. And having been warned in a dream not to return to Herod, they left for their own country by another path""."
https://upload.wikimedia.org/wikipedia/commons/8/87/Triptych-with-the-entombment-of-christ-1822.jpg,the seilern triptych,robert campin,1425,early netherlandish,"The Seilern Triptych (also known as Entombment), variously dated c. 1410-15 or c. 1420–25, is a large oil and gold leaf on panel, fixed winged triptych altarpiece generally attributed to the Early Netherlandish painter Robert Campin. It is the earliest of two known triptychs attributed to him, although the outer wing panels paintings are lost. The work details the events of Christ's passion; with iconography associated with the liturgy of Holy Week."
https://upload.wikimedia.org/wikipedia/commons/c/cb/Izokefalizm.jpg,the tribute money / brancacci chapel,masaccio,1425-1427,early renaissance,"The Brancacci Chapel is a chapel in the Church of Santa Maria del Carmine in Florence, central Italy. It is sometimes called the ""Sistine Chapel of the early Renaissance"" for its painting cycle, among the most famous and influential of the period. Construction of the chapel was commissioned by Felice Brancacci and began in 1422. The paintings were executed over the years 1425 to 1427. Public access is currently gained via the neighbouring convent, designed by Brunelleschi."
https://upload.wikimedia.org/wikipedia/commons/2/21/Masaccio_expulsion-1427.jpg,expulsion of adam and eve / brancacci chapel,masaccio,1425-1427,early renaissance,"Expulsion Of Adam And Eve / Brancacci Chapel is a Early Renaissance work by Masaccio, dated 1425-1427.\n\nThe first works attributed to Masaccio are the San Giovenale Triptych (1422), now in the Masaccio Museum of Sacred Art in Cascia di Reggello near Florence, and the Virgin and Child with Saint Anne (Sant'Anna Metterza) (c. 1424) at the Uffizi.\n\nThe Tribute Money – fresco, 247 x 597 cm, Brancacci Chapel, Florence Holy Trinity – fresco, 667 x 317 cm, Santa Maria Novella, Florence Portrait of a Young Man (1425) – wood, National Gallery of Art, Washington, D.C."
https://upload.wikimedia.org/wikipedia/commons/2/27/Masolino%2C_predica_di_san_pietro%2C_cappella_brancacci.jpg,st peter preaching / brancacci chapel,masaccio,1425-1427,early renaissance,"The Brancacci Chapel is a chapel in the Church of Santa Maria del Carmine in Florence, central Italy. It is sometimes called the ""Sistine Chapel of the early Renaissance"" for its painting cycle, among the most famous and influential of the period. Construction of the chapel was commissioned by Felice Brancacci and began in 1422. The paintings were executed over the years 1425 to 1427. Public access is currently gained via the neighbouring convent, designed by Brunelleschi."
https://upload.wikimedia.org/wikipedia/commons/8/83/Filippino_lippi_e_masaccio%2C_san_pietro_in_cattedra%2C_cappella_brancacci.jpg,raising the son of theophilus and st peter enthroned / brancacci chapel,masaccio / filippino lippi,1425-1427,early renaissance,"Raising The Son Of Theophilus And St Peter Enthroned / Brancacci Chapel is a Early Renaissance work by Masaccio / Filippino Lippi, dated 1425-1427.\n\nFilippino's early solo works greatly resemble those of Botticelli, but perhaps with less sensitivity and subtlety. The first ones (dating from 1475 onward) were attributed to an anonymous ""Amico di Sandro"" (i.e.\n\nMadonna with Child, St. Anthony of Padua and a Friar (before 1480)—Tempera on panel, 57 × 41.5 cm, Museum of Fine Arts, Budapest The Coronation of the Virgin (c. 1480)—Tempera on panel, 90.2 × 223 cm, National Gallery of Art, Washington, D.C."
https://upload.wikimedia.org/wikipedia/commons/4/41/Masacc14.jpg,st peter healing the sick with his shadow / brancacci chapel,masaccio,1425-1427,early renaissance,"St Peter Healing The Sick With His Shadow / Brancacci Chapel is a Early Renaissance work by Masaccio, dated 1425-1427.\n\nSan Giovenale Triptych (1422) tempera on panel, 108 x 153 cm, Cascia di Reggello Madonna with Child (1424) – tempera on panel, 24 x 18 cm, Palazzo Vecchio, Florence Virgin and Child with Saint Anne – tempera on panel, 175 x 103 cm, Uffizi, Florence\n\nMadonna with Child and Angel (1426) – oil on table, National Gallery, London Crucifixion (c. 1426) – tempera on panel, 83 x 63 cm, Museo di Capodimonte, Naples St. Paul (1426) – tempera on panel, 51 x 30 cm, Museo Nazionale, Pisa"
https://upload.wikimedia.org/wikipedia/commons/3/38/Cappella_brancacci%2C_Battesimo_dei_neofiti_%28restaurato%29%2C_Masaccio2.jpg,baptism of the neophytes / brancacci chapel,masaccio,1425-1427,early renaissance,"Baptism Of The Neophytes / Brancacci Chapel is a Early Renaissance work by Masaccio, dated 1425-1427.\n\nIn Florence, Masaccio could study the works of Giotto and become friends with Brunelleschi and Donatello. According to Vasari, at their prompting in 1423 Masaccio travelled to Rome with Masolino: from that point he was freed of all Gothic and Byzantine influence, as seen in his altarpiece for the Carmelite Ch\n\nThe Tribute Money – fresco, 247 x 597 cm, Brancacci Chapel, Florence Holy Trinity – fresco, 667 x 317 cm, Santa Maria Novella, Florence Portrait of a Young Man (1425) – wood, National Gallery of Art, Washington, D.C."
https://upload.wikimedia.org/wikipedia/commons/4/48/Masolino%2C_resurrezione_di_tabita_%28full%29.jpg,healing of the cripple and raising of tabitha / brancacci chapel,masolino,1425-1427,early renaissance,"Healing Of The Cripple And Raising Of Tabitha / Brancacci Chapel is a Early Renaissance work by Masolino, dated 1425-1427.\n\nMasolino was possibly born in Panicale, present-day Umbria. He may have been an assistant to Ghiberti in Florence between 1403 and 1407. In 1423, he joined the Florentine guild Arte dei Medici e Speziali (Doctors and Apothecaries), which included painters as an independent branch.\n\nIn Germany: Madonna and Child, tempera on wood, Alte Pinakothek. Madonna and Child (1423), tempera on panel in Kunsthalle Bremen. In Florence: Cappella Brancacci: cycle of frescoes in collaboration with Masaccio, 1424."
https://upload.wikimedia.org/wikipedia/commons/6/64/The_Distribution_of_Alms_and_Death_of_Ananias.jpg,the distribution of alms and death of ananias / brancacci chapel,masaccio,1425-1427,early renaissance,"The Distribution Of Alms And Death Of Ananias / Brancacci Chapel is a Early Renaissance work by Masaccio, dated 1425-1427.\n\nThe first works attributed to Masaccio are the San Giovenale Triptych (1422), now in the Masaccio Museum of Sacred Art in Cascia di Reggello near Florence, and the Virgin and Child with Saint Anne (Sant'Anna Metterza) (c. 1424) at the Uffizi.\n\nAround 1427 Masaccio won a prestigious commission to produce a Holy Trinity for the Dominican church of Santa Maria Novella in Florence."
https://upload.wikimedia.org/wikipedia/commons/d/d2/Masaccio%2C_trinit%C3%A0.jpg,the holy trinity,masaccio,1426-1428,early renaissance,"The Holy Trinity, with the Virgin and Saint John and donors is a fresco by the Italian Renaissance artist Masaccio in the Dominican church of Santa Maria Novella, in Florence. The fresco was among Masaccio's last major commissions and is often cited as one of the first monumental Renaissance paintings to utilize linear perspective."
https://upload.wikimedia.org/wikipedia/commons/b/bf/Annunciation_Triptych_%28Merode_Altarpiece%29_MET_DP273206.jpg,merode altarpiece,robert campin,1422-1432,early netherlandish,"The Mérode Altarpiece is an oil on oak panel triptych, now in The Cloisters in New York. It is unsigned and undated, but attributed to Early Netherlandish painter Robert Campin and an assistant. The three panels represent, from left to right, the donors kneeling in prayer in a garden, the moment of the Annunciation to Mary, which is set in a contemporary, domestic setting, and Saint Joseph, a carpenter with the tools of his trade. The many elements of religious symbolism include the lily and fountain, and the Holy Spirit represented by the rays of light coming through from the central panel's left-hand window."
https://upload.wikimedia.org/wikipedia/commons/8/8c/Lamgods_open.jpg,ghent altarpiece,jan van eyck / hubert van eyck,1432,early netherlandish,"The Ghent Altarpiece, also called the Adoration of the Mystic Lamb (Dutch: De aanbidding van het Lam Gods), is a very large and complex 15th-century polyptych altarpiece in St Bavo's Cathedral, Ghent, Belgium. It was begun around the mid-1420s and completed by 1432, and it is attributed to the Early Netherlandish painters and brothers Hubert and Jan van Eyck. The altarpiece  is a prominent example of the transition from Middle Age to Renaissance art and is considered a masterpiece of European art, identified by some as ""the first major oil painting.""\n\nThe panels are organised in two vertical registers, each with double sets of foldable wings containing inner and outer panel paintings."
https://upload.wikimedia.org/wikipedia/commons/b/b8/%D7%99%D7%90%D7%9F_%D7%95%D7%90%D7%9F_%D7%90%D7%99%D7%99%D7%A7.jpg,portrait of a man in a red turban,jan van eyck,1433,early netherlandish,"Portrait of a Man is the title given to a small oil painting by the Early Netherlandish painter Jan van Eyck, completed in 1433 in Bruges. The inscription at the top of the frame, which is original, contains his motto Als Ich Can was a common autograph for van Eyck. However this is his first known usage of the term, and it is unusually large and prominent. This and the sitter's unusually direct and confrontational gaze have been taken as an indication that the work is a self-portrait."
https://upload.wikimedia.org/wikipedia/commons/5/53/The_Arnolfini_portrait_%281434%29.jpg,the arnolfini portrait,jan van eyck,1434,early netherlandish / northern renaissance,"The Arnolfini Portrait is an oil painting on oak panel by the Early Netherlandish painter Jan van Eyck, dated 1434 and now in the National Gallery, London. It is a full-length double portrait, believed to depict the Italian merchant Giovanni di Nicolao Arnolfini and his wife, presumably in their residence at the Flemish city of Bruges."
https://upload.wikimedia.org/wikipedia/commons/0/0d/RobertCampin-Trinity.jpg,holy trinity,robert campin,1433-1435,early netherlandish,"Holy Trinity is a Early Netherlandish work by Robert Campin, dated 1433-1435.\n\nThe tightest definition of the works from his own hand includes only the ""Flémalle"" panels, a 'Nativity at Dijon, a Crucified Thief (fragment of a Crucifixion) in Frankfurt, two portraits of a man and woman in London (of around 1430), and perhaps the Seilern Triptych.\n\nCampin was married to Ysabel de Stocquain (Elisabeth van Stokkem). The couple was childless. He had an affair with Laurence Polette, for which he was prosecuted in 1432 and sentenced to banishment for a year."
https://upload.wikimedia.org/wikipedia/commons/5/5a/El_Descendimiento%2C_by_Rogier_van_der_Weyden%2C_from_Prado_in_Google_Earth.jpg,the descent from the cross,rogier van der weyden,1435,early netherlandish,"The Descent from the Cross is a panel painting by the Flemish artist Rogier van der Weyden created c. 1435, now in the Museo del Prado, Madrid. The crucified Christ is lowered from the cross, his lifeless body held by Joseph of Arimathea and Nicodemus."
https://upload.wikimedia.org/wikipedia/commons/2/2c/The_Virgin_with_Chancellor_Rolin_by_Jan_van_Eyck_%28Louvre%29.webp,madonna of chancellor rolin,jan van eyck,1435,early netherlandish,"The Madonna of Chancellor Rolin is an oil painting by the Early Netherlandish painter Jan van Eyck, dating from around 1435. It is now in the Musée du Louvre, Paris. It was commissioned by Nicolas Rolin chancellor of the Duchy of Burgundy, then aged about 60, whose votive portrait takes up the left side of the picture, for his parish church, Notre-Dame-du-Chastel in Autun, where it remained until the church burnt down in 1793. After a period in Autun Cathedral, it was moved to the Louvre in 1805."
https://upload.wikimedia.org/wikipedia/commons/e/eb/Robert_Campin_013.jpg,portrait of a man,robert campin,1435,early netherlandish,"A Man and A Woman is the title sometimes used for a pair of oil and egg tempera on oak panel paintings attributed to the Early Netherlandish painter Robert Campin, completed c. 1435. Although usually considered pendants or companion pieces, they may also have been wings of a since-dismantled diptych. The latter theory is supported by the fact that the reverse of both panels are marbled, indicating that they were not intended to be hung against a wall.\n\nThere has been considerable speculation as to the middle-class sitters' identities. For a time in the early 19th century they were thought, on little evidence, to be of Quentin Matsys and his wife, later of Rogier van der Weyden and his wife."
https://upload.wikimedia.org/wikipedia/commons/2/2f/Robert_Campin_012.jpg,portrait of a woman,robert campin,1435,early netherlandish,"A Man and A Woman is the title sometimes used for a pair of oil and egg tempera on oak panel paintings attributed to the Early Netherlandish painter Robert Campin, completed c. 1435. Although usually considered pendants or companion pieces, they may also have been wings of a since-dismantled diptych. The latter theory is supported by the fact that the reverse of both panels are marbled, indicating that they were not intended to be hung against a wall.\n\nThere has been considerable speculation as to the middle-class sitters' identities. For a time in the early 19th century they were thought, on little evidence, to be of Quentin Matsys and his wife, later of Rogier van der Weyden and his wife."
https://upload.wikimedia.org/wikipedia/commons/9/9e/Saint_Luke_Drawing_the_Virgin_MFA_Boston.jpg,saint luke drawing the virgin,rogier van der weyden,1435-1440,early netherlandish,"Saint Luke Drawing the Virgin is a large oil and tempera on oak panel painting, usually dated between 1435 and 1440, attributed to the Early Netherlandish painter Rogier van der Weyden. Housed in the Museum of Fine Arts, Boston, it shows Luke the Evangelist, patron saint of artists, sketching the Virgin Mary as she nurses the Child Jesus. The figures are positioned in a bourgeois interior which leads out towards a courtyard, river, town and landscape."
https://upload.wikimedia.org/wikipedia/commons/7/7d/Robert_Campin_015.jpg,werl triptych (right panel),robert campin,1438,early netherlandish,"The Werl Triptych (or Triptych of Heinrich von Werl) is a triptych altarpiece completed in Cologne in 1438, of which the centre panel has been lost. The two remaining wings are now in the Prado in Madrid.  It was long attributed to the Master of Flémalle, now generally believed to have been Robert Campin, although this identity is not universally accepted. Some art historians believe it may have been painted as a pastiche by either the workshop or a follower of Campin or the Master of Flémalle.\n\nThe right-hand wing depicts a seated, pious Saint Barbara, who is shown engrossed in her reading of a bound and gilded holy book, seated in front of a warm, open fire which lights the room with a golden glow."
https://upload.wikimedia.org/wikipedia/commons/b/bb/Jan_van_Eyck_-_The_Madonna_in_the_Church_-_Google_Art_Project.jpg,madonna in the church,jan van eyck,1438-1440,early netherlandish,"Madonna In The Church is a Early Netherlandish work by Jan Van Eyck, dated 1438-1440.\n\nVan Eyck is known to have had two brothers, Hubert, who died in 1426 and with whom Jan probably served his apprenticeship and Lambert (active between 1431 and 1442), both also painters. The order of their births has not been established, though Alfred Acres states that Hubert was probably older than Jan.\n\nMost of the Turin-Milan Hours were destroyed by fire in 1904 and survive only in photographs and copies; only three pages at most attributed to Hand G now survive, those with large miniatures of the Birth of John the Baptist, the Finding of the True Cross and the Office of the Dead (or Requiem Mass), with the"
https://upload.wikimedia.org/wikipedia/commons/d/d2/Rogier_van_der_Weyden_-_Triptych-_The_Crucifixion_-_Google_Art_Project.jpg,the crucifixion triptych,rogier van der weyden,1440,early netherlandish,"The Crucifixion Triptych is a painted altarpiece of c. 1443–1445 by Rogier van der Weyden, now in the Kunsthistorisches Museum in Vienna. The central scene shows the Crucifixion of Christ, with the Virgin Mary embracing the foot of the cross as she mourns. John the Evangelist is depicted in the red robe, placing his hand on her back in comfort and the painting's two donors kneeling to the right. On the left-hand side panel isolated is Mary Magdalene, while on the right side panel is Saint Veronica holding an image of Christ. A unified landscape background across all three panels shows a skyline Jerusalem in the distance."
https://upload.wikimedia.org/wikipedia/commons/7/78/Rogier_van_der_Weyden_%281399_-_1464%29_-_Portrait_of_a_Young_Woman_with_a_White_Headdress_-_545D_-_Gem%C3%A4ldegalerie.jpg,portrait of a woman with a winged bonnet,rogier van der weyden,1440,early netherlandish,"Portrait Of A Woman With A Winged Bonnet is a Early Netherlandish work by Rogier Van Der Weyden, dated 1440.\n\nIn 1426, Rogier married Elisabeth, the daughter of a Brussels shoemaker, Jan Goffaert and his wife Cathelyne van Stockem. Rogier and Elisabeth had four children, the first being Cornelius (b. 1427), who became a Carthusian monk and Margaretha, born in 1432.\n\nFrom 2 March 1436 onward, Rogier held the title of 'painter to the town of Brussels' (stadsschilder), a very prestigious post since Brussels was at that time the most important residence of the splendid court of the Dukes of Burgundy."
https://upload.wikimedia.org/wikipedia/commons/8/82/Robert_Campin_-_The_Virgin_and_Child_before_a_Firescreen_%28National_Gallery_London%29.jpg,virgin and child before a firescreen,robert campin,1440,early netherlandish,"The Virgin and Child Enthroned (also known as the Thyssen Madonna) is a small oil-on-oak panel painting dated c. 1433, usually attributed to the Early Netherlandish artist Rogier van der Weyden. It is closely related to his Madonna Standing, completed during the same period. The panel is filled with Christian iconography, including representations of prophets, the Annunciation, Christ's infancy and resurrection, and Mary's Coronation. It is generally accepted as the earliest extant work by van der Weyden, one of three works attributed to him of the Virgin and Child enclosed in a niche on an exterior wall of a Gothic church."
https://upload.wikimedia.org/wikipedia/commons/8/88/Rogier_van_der_Weyden_001.jpg,the last judgement / beaune altarpiece,rogier van der weyden,1443-1451,early netherlandish,"The Beaune Altarpiece is a large polyptych c. 1443–1451 altarpiece by the Early Netherlandish artist Rogier van der Weyden, painted in oil on oak panels with parts later transferred to canvas. It consists of fifteen paintings on nine panels, of which six are painted on both sides. Unusually for the period, it retains some of its original frames."
https://upload.wikimedia.org/wikipedia/commons/2/21/Seven_Sacraments_Rogier.jpg,seven sacraments altarpiece,rogier van der weyden,1445-1450,early netherlandish,"Seven Sacraments Altarpiece is a Early Netherlandish work by Rogier Van Der Weyden, dated 1445-1450.\n\nThe Miraflores Altarpiece was probably commissioned by King Juan II of Castile, since Juan II donated it to the monastery of Miraflores in 1445.\n\nDifferent properties and investments are documented and witness his material prosperity. The portraits he painted of the Burgundian Dukes, their relatives and courtiers, demonstrate a close relationship with the elite of the Netherlands."
https://upload.wikimedia.org/wikipedia/commons/8/88/Rogier_van_der_Weyden_%28workshop_of%29_-_Portrait_of_Isabella_of_Portugal.jpg,portrait of isabella of portugal,rogier van der weyden,1450,early netherlandish,"The Portrait of Isabella of Portugal is a 15th-century oil-on-oak painting of Isabella of Portugal, Duchess of Burgundy, the third wife of Philip the Good. The portrait was probably completed by a member of Rogier van der Weyden's workshop, although it was earlier attributed to him. It dates to around 1450."
https://upload.wikimedia.org/wikipedia/commons/6/65/Rogier_van_der_Weyden_-_Portrait_of_a_Lady_-_Google_Art_Project.jpg,portrait of a lady,rogier van der weyden,1460,early netherlandish,"Portrait of a Lady is a small oil-on-oak panel painting executed around 1460 by the Netherlandish painter Rogier van der Weyden. The composition is built from the geometric shapes that form the lines of the woman's veil, neckline, face, and arms, and by the fall of the light that illuminates her face and headdress. The vivid contrasts of darkness and light enhance the almost unnatural beauty and Gothic elegance of the model."
https://upload.wikimedia.org/wikipedia/commons/b/bc/Weyden%2C_Rogier_van_der_-_Francesco_d%27Este.jpg,portrait of francesco d'este,rogier van der weyden,1460,early netherlandish,"Portrait Of Francesco D'Este is a Early Netherlandish work by Rogier Van Der Weyden, dated 1460.\n\nThe Miraflores Altarpiece was probably commissioned by King Juan II of Castile, since Juan II donated it to the monastery of Miraflores in 1445.\n\nDifferent properties and investments are documented and witness his material prosperity. The portraits he painted of the Burgundian Dukes, their relatives and courtiers, demonstrate a close relationship with the elite of the Netherlands."
https://upload.wikimedia.org/wikipedia/commons/c/c9/Das_J%C3%BCngste_Gericht_%28Memling%29.jpg,the last judgement,hans memling,1466-1473,early netherlandish,"The Last Judgment is a fresco by the Italian Renaissance painter Michelangelo covering the whole altar wall of the Sistine Chapel in Vatican City. It is a depiction of the Second Coming of Christ and the final and eternal judgment by God of all humanity. The dead rise and descend to their fates, as judged by Christ who is surrounded by prominent saints. Altogether there are over 300 figures, with nearly all the males and angels originally shown as nudes; many were later partly covered up by painted draperies, of which some remain after recent cleaning and restoration."
https://upload.wikimedia.org/wikipedia/commons/f/f3/Paolo_Uccello_Heiliger_Georg_und_der_Drachen_1_470.jpg,saint george and the dragon,paolo uccello,1470,early renaissance,"Saint George and the Dragon is a painting by Paolo Uccello dating from around 1470. It is on display in the National Gallery, London, United Kingdom. It was formerly housed in the Palais Lanckoroński in Vienna, belonging to Count Karol Lanckoroński and sold by his son and heir Anton in 1959 through Mr. Farago. The first mention of its being there is 1898."
https://upload.wikimedia.org/wikipedia/commons/a/af/Hans_Memling_Passione.jpg,scenes from the passion of the christ,hans memling,1470,early netherlandish,"Scenes from the Passion of Christ is an oil painting on a panel of Baltic oak, painted c.1470 by German-born Early Netherlandish painter Hans Memling. The painting shows 23 vignettes of the Life of Christ combined in one narrative composition without a central dominating scene: 19 episodes from the Passion of Christ, the Resurrection, and three later appearances of the risen Christ. The painting was commissioned by Tommaso Portinari, an Italian banker based in Bruges, who is depicted in a donor portrait kneeling and praying in the lower left corner, with his wife, Maria Baroncelli, in a similar attitude in the lower right corner."
https://www.tripimprover.com/uploads/7/3/6/3/73636755/leonardo-da-vinci-annunciation-1024px_2_orig.jpg,annunciation,leonardo da vinci,1472,early renaissance,"The Annunciation is a painting by the Italian Renaissance artist Leonardo da Vinci, dated to c. 1472–1476. Leonardo's earliest extant major work, it was completed in Florence while he was an apprentice in the studio of Andrea del Verrocchio. The painting was made using oil and tempera on a large poplar panel and depicts the Annunciation, a popular biblical subject in 15th-century Florence. Since 1867 it has been housed in the Uffizi in Florence, the city where it was created. Though the work has been criticized for inaccuracies in its composition, it is among the best-known portrayals of the Annunciation in Christian art."
https://upload.wikimedia.org/wikipedia/commons/9/9d/Botticelli_-_Adoration_of_the_Magi_%28Zanobi_Altar%29_-_Uffizi.jpg,adoration of the magi,sandro botticelli,1475,early renaissance,"The Adoration of the Magi is a painting by the Italian Renaissance master Sandro Botticelli. Botticelli painted this piece for the altar in Gaspare di Zanobi del Lama's chapel in Santa Maria Novella around 1475. This painting depicts the Biblical story of the Three Magi following a star to find the newborn Jesus. The image of the altarpiece centers on the Virgin Mary and the newborn Jesus, with Saint Joseph behind them. Before them are the three kings who are described in the New Testament story of the Adoration of the Magi. The three kings worship the Christ Child and present him with gifts of gold, frankincense and myrrh. In addition, the Holy Family is surrounded by a group of people who came to see the child who was said to be the son of God."
https://upload.wikimedia.org/wikipedia/commons/1/1c/Hugo_van_der_Goes_-_Portinari_Triptych_%28c._1477%29.jpg,portinari altarpiece,hugo van der goes,1475-1476,early netherlandish,"The Portinari Altarpiece or Portinari Triptych is an oil-on-wood triptych painting by the Flemish painter Hugo van der Goes, commissioned by Tommaso Portinari, representing the Adoration of the Shepherds. It measures 253 x 304 cm, and is now in the Galleria degli Uffizi in Florence, Italy."
https://upload.wikimedia.org/wikipedia/commons/c/c8/Memling_-_Adoration_of_the_Magi_Triptych.jpg,adoration of the magi,hans memling,1479-1480,early netherlandish,"The Adoration of the Magi is an oil on panel triptych by Hans Memling, painted in 1479–1480, though Max Jakob Friedländer places it in 1470. It is now in the Prado Museum in Madrid, which acquired it in 1847. It is also known as the Prado Triptych."
https://upload.wikimedia.org/wikipedia/commons/3/3c/Botticelli-primavera.jpg,primavera,sandro botticelli,1482,early renaissance,"Primavera is a large panel painting in tempera paint by the Italian Renaissance painter Sandro Botticelli made in the late 1470s or early 1480s. It has been described as ""one of the most written about, and most controversial paintings in the world"", and also ""one of the most popular paintings in Western art""."
https://upload.wikimedia.org/wikipedia/commons/e/e4/Leonardo_Da_Vinci_-_Vergine_delle_Rocce_%28Louvre%29.jpg,virgin of the rocks,leonardo da vinci,1483-1486,high renaissance,"The Virgin of the Rocks (Italian: Vergine delle rocce), sometimes the Madonna of the Rocks, is the name of two paintings by the Italian Renaissance artist Leonardo da Vinci, of the same subject, with a composition which is identical except for several significant details. The version generally considered the prime version, the earlier of the two, is unrestored and hangs in the Louvre in Paris. The other, which was restored between 2008 and 2010, hangs in the National Gallery, London. The works are often known as the Louvre Virgin of the Rocks and London Virgin of the Rocks respectively. The paintings are both nearly 2 metres (over 6 feet) high and are painted in oils."
https://upload.wikimedia.org/wikipedia/commons/b/b2/Annunciation_Memling.jpg,annunciation,hans memling,1480-1489,early netherlandish,"The Annunciation is a panel-painting by the Early Netherlandish artist Hans Memling. It depicts the Annunciation as the archangel Gabriel's announces to the Virgin Mary that she will conceive and become the mother of Jesus, as described in the Gospel of Luke. The painting was executed in the 1480s and transferred to canvas from its original oak panel sometime after 1928. It is today held in the Robert Lehman collection at the Metropolitan Museum of Art in New York."
https://cdn.topofart.com/images/artists/Alessandro_Filippepi_Botticelli/paintings-wm/botticelli001.webp,the birth of venus,sandro botticelli,1485,early renaissance,"The Birth of Venus is a painting by the Italian artist Sandro Botticelli, probably executed in the mid-1480s. It depicts the goddess Venus arriving at the shore after her birth, when she had emerged from the sea fully grown. The painting is in the Uffizi Gallery in Florence, Italy."
https://upload.wikimedia.org/wikipedia/commons/2/22/Da_Vinci_Vitruve_Luc_Viatour.jpg,vitruvian man,leonardo da vinci,1490,high renaissance,"Vitruvian Man is a drawing by the Italian Renaissance artist and scientist Leonardo da Vinci, dated to c. 1490. Inspired by the Roman architect Vitruvius, it depicts a nude man in two overlapping standing positions, inscribed within a circle and a square. Art historian Carmen C. Bambach described it as ""justly ranked among the all-time iconic images of Western civilization"". While not the only drawing inspired by Vitruvius, Leonardo's work uniquely combines artistic vision with scientific inquiry and is often considered an archetypal representation of the High Renaissance."
https://upload.wikimedia.org/wikipedia/commons/b/bf/Lady_with_an_Ermine_-_Leonardo_da_Vinci_%28adjusted_levels%29.jpg,lady with an ermine,leonardo da vinci,1491,high renaissance,"The Lady with an Ermine is a portrait painting by the Italian Renaissance artist Leonardo da Vinci. Dated to c. 1489–1491, the work is painted in oils on a panel of walnut wood. Its subject is Cecilia Gallerani, a mistress of Ludovico Sforza, Duke of Milan; Leonardo was painter to the Sforza court in Milan at the time of its execution. It is the second of only four surviving portraits of women painted by Leonardo, the others being Ginevra de' Benci, La Belle Ferronnière and the Mona Lisa."
https://upload.wikimedia.org/wikipedia/commons/4/4b/%C3%9Altima_Cena_-_Da_Vinci_5.jpg,the last supper,leonardo da vinci,1498,high renaissance,"Commissioned by Ludovico Sforza for the Dominican convent of Santa Maria delle Grazie in Milan, Leonardo da Vinci's Last Supper was created during a period when Milan was competing culturally with Florence and other Italian courts. Leonardo was serving not just as a painter but as a court engineer, architect, theatrical designer, and scientific investigator, and the mural reflects his obsession with mathematics, optics, anatomy, and human psychology.\n\nThe painting became revolutionary because Leonardo abandoned the static, symbolic treatment common in earlier depictions of the scene and instead turned the apostles into psychologically distinct individuals reacting in real time. Its mathematically precise one-point perspective and unified lighting became landmarks of High Renaissance composition and deeply influenced European religious painting for centuries.\n\nLeonardo also experimented technically by painting on dry plaster with a mixture of tempera and oil rather than using traditional buon fresco. The method allowed slower, more detailed work and subtler modeling, but it failed almost immediately: the mural began deteriorating within decades and has survived repeated restorations, humidity damage, wartime bombing, and centuries of neglect. During World War II, the convent was heavily bombed, yet the wall containing The Last Supper narrowly survived.\n\nThe painting's condition, innovations, and cultural afterlife have made it one of the most studied artworks in history. It has inspired endless copies, restorations, scholarly debates, conspiracy theories, and reinterpretations in popular culture, while remaining one of the defining achievements of the High Renaissance."
https://www.arthistoryproject.com/site/assets/files/9880/hieronymus-bosch-the-garden-of-earthly-delights-1504-obelisk-art-history.webp,the garden of earthly delights,hieronymus bosch,1490-1510,early netherlandish,"The Garden of Earthly Delights is the modern title given to a five-panel triptych by the Early Netherlandish master Hieronymus Bosch, between 1490 and 1510, when Bosch was between 40 and 60 years old. Because of Bosch's religious beliefs, interpretations of the work typically assume it is a warning against the perils of temptation. The outer panels place the work on the Third Day of Creation. The intricacy of its symbolism, particularly that of the central panel, has led to a wide range of scholarly interpretations over the centuries."
https://upload.wikimedia.org/wikipedia/commons/e/ec/Mona_Lisa%2C_by_Leonardo_da_Vinci%2C_from_C2RMF_retouched.jpg,mona lisa,leonardo da vinci,1503,high renaissance,"The Mona Lisa is a half-length portrait painting by the Italian artist Leonardo da Vinci. Considered an archetypal masterpiece of the Italian Renaissance, it has been described as ""the best known, the most visited, the most written about, the most sung about, [and] the most parodied work of art in the world."" The painting's novel qualities include the subject's enigmatic expression, the monumentality of the composition, the subtle modelling of forms, and the atmospheric illusionism."
https://upload.wikimedia.org/wikipedia/commons/3/36/Giorgione_-_Pala_di_Castelfranco.jpg,castelfranco madonna,giogione,1503-1504,high renaissance,
https://upload.wikimedia.org/wikipedia/commons/3/3b/Giorgione%2C_giudizio_di_salomone.jpg,the judgement of solomon,giorgione,1502-1505,high renaissance,The Judgment of Solomon is a painting by the Italian Renaissance master Giorgione of the Judgement of Solomon created c. 1502–1505. It is housed in the Galleria degli Uffizi of Florence.
https://upload.wikimedia.org/wikipedia/commons/7/78/Giorgione_-_Judith.jpg,judith,giorgione,1504,high renaissance,"Judith is a painting by the Italian painter Giorgione, executed around 1504. It is one of the few authentic works by Giorgione owned by the Russian Hermitage Museum. The painting, originally attributed to Raphael, came to the Hermitage in 1772 from Paris. Like many other paintings, it refers to the Judith and Holofernes motif."
https://cdn.topofart.com/images/artists/Giorgio_da_Castelfranco_Giorgione/paintings-wm/giorgione014.webp,the tempest,giorgione,1505,high renaissance,"The Tempest is a Renaissance painting by the Italian master Giorgione dated between 1506 and 1508. Originally commissioned by the Venetian noble Gabriele Vendramin, the painting is now in the Gallerie dell'Accademia of Venice, Italy. Despite considerable discussion by art historians, the meaning of the scene remains elusive."
https://upload.wikimedia.org/wikipedia/commons/3/38/The_Adoration_of_the_Shepherds_-_Giorgione_-_1505_NG_Wash_DC.jpg,adoration of the shepherds,giorgione,1505,high renaissance,"The Adoration of the Shepherds, sometimes still known as the Allendale Nativity, after a former owner, is a painting by the Italian Renaissance painter Giorgione, completed in about 1505 to 1510. The attribution is now usual, although not universal; the usual other view is that it is an early Titian. It is certainly a Venetian painting of that period. It is displayed in the National Gallery of Art of Washington, D.C., United States."
https://upload.wikimedia.org/wikipedia/commons/f/f9/Albrecht_D%C3%BCrer_-_Feast_of_Rose_Garlands_-_Google_Art_Project.jpg,feast of the rosary,albrecht durer,1506,northern renaissance,"The Feast of the Rosary is a 1506 oil painting by Albrecht Dürer, now in the National Gallery, Prague, Czech Republic. According to Czech art historian Jaroslav Pešina, it is ""probably the most superb painting that a German master has ever created."" The work also relates to a series of artworks commissioned by Maximilian I, his Burgundian subjects or figures close to his family to commemorate the Duchess Mary of Burgundy, Maximilian's first wife and to provide the focus for a cult-like phenomenon that associated her with her name-saint, the Virgin Mary."
https://upload.wikimedia.org/wikipedia/commons/a/a8/Giorgione_-_Three_Philosophers_-_Google_Art_Project.jpg,the three philosophers,giorgione,1505-1509,high renaissance,"The Three Philosophers is an oil painting on canvas attributed to the Italian High Renaissance artist Giorgione.  It shows three philosophers – one young, one middle-aged, and one old.\n\nThe work may have been commissioned by the Venetian noble Taddeo Contarini, a Venetian merchant with an interest in the occult and alchemy. The Three Philosophers was finished one year before the painter died. One of Giorgione’s last paintings, it is now displayed at the Kunsthistorisches Museum in Vienna.\n\nThe painting was thought to have been finished by Sebastiano del Piombo, but a ""new infrared reflectogram lends no support to the theory""."
https://cdn.topofart.com/images/artists/da_Vinci_Leonardo/paintings-wm/leonardo021.webp,virgin and child with st anne,leonardo da vinci,1502-1513,high renaissance,"The Virgin and Child with Saint Anne is an unfinished oil painting by High Renaissance artist Leonardo da Vinci, dated to c. 1501–1519. It depicts Saint Anne, her daughter the Virgin Mary and the infant Jesus. Christ is shown grasping a sacrificial lamb symbolizing his Passion. The painting was commissioned as the high altarpiece for the Church of Santissima Annunziata in Florence and its theme had long preoccupied Leonardo."
https://cdn.topofart.com/images/artists/Giorgio_da_Castelfranco_Giorgione/paintings-wm/giorgione003.webp,the sleeping venus,giorgione,1508-1510,high renaissance,"The Sleeping Venus, also known as the Dresden Venus, is a painting traditionally attributed to the Italian Renaissance painter Giorgione, although it has long been widely thought that Titian completed it after Giorgione's death in 1510. The landscape and sky are generally accepted to be mainly by Titian. In the 21st century, much scholarly opinion has shifted further, to see the nude figure of Venus as also painted by Titian, leaving Giorgione's contribution uncertain. It is in the Gemäldegalerie, Dresden. After World War II, the painting was briefly in possession of the Soviet Union."
https://upload.wikimedia.org/wikipedia/commons/6/61/Giorgione_Budapest_01.jpg,portrait of a young man,giorgione,1508-1510,high renaissance,"Portrait of a Young Man or Portrait of a Youth is a c.1508-1510 painting, attributed to Giorgione and now in the Museum of Fine Arts in Budapest. Some have instead attributed it to Giorgione's collaborator Giovanni Cariani."
https://upload.wikimedia.org/wikipedia/commons/4/49/%22The_School_of_Athens%22_by_Raffaello_Sanzio_da_Urbino.jpg,the school of athens,raphael,1511,high renaissance,The School of Athens is a fresco by the Italian Renaissance artist Raphael. It was painted between 1509 and 1511 as part of a commission by Pope Julius II to decorate the rooms now called the Stanze di Raffaello in the Apostolic Palace in Vatican City.
https://cdn.topofart.com/images/artists/Tiziano_Vecellio_Titian/paintings-wm/titian002.webp,a man with a quilted sleeve (ariosto),titian,1510-1512,high renaissance,"A Man with a Quilted Sleeve is a painting of about 1510 by the Venetian painter Titian in the National Gallery, London, measuring 81.2 by 66.3 centimetres. Though the quality of the painting has always been praised, there has been much discussion as to the identity of the sitter. It was long thought to be a portrait of Ariosto, then a self-portrait, but since 2017 has been called Portrait of Gerolamo (?) Barbarigo by the gallery, having also been called merely Portrait of a Man, the title used here, The Man with the Blue Sleeve, and no doubt other variants."
https://upload.wikimedia.org/wikipedia/commons/5/5b/Michelangelo_-_Creation_of_Adam_%28cropped%29.jpg,the creation of adam,michelangelo,1512,high renaissance,"The Creation of Adam, also known as The Creation of Man, is a fresco painting by Italian artist Michelangelo, which forms part of the Sistine Chapel's ceiling, painted 1508–1512. It illustrates the Biblical creation narrative from the Book of Genesis in which God gives life to Adam, the first man. The fresco is part of a complex scheme and is chronologically the fourth in the series of panels depicting episodes from Genesis."
https://upload.wikimedia.org/wikipedia/commons/3/38/Leonardo_da_Vinci_-_presumed_self-portrait_-_WGA12798.jpg,portrait of a man in red chalk,leonardo da vinci,1512,high renaissance,"Portrait of a Man in Red Chalk is a drawing currently in the collection of the Royal Library of Turin. It is widely, though not universally, accepted as a self-portrait of the Renaissance artist Leonardo da Vinci. It is thought that Leonardo drew this self-portrait at about the age of 60. The portrait has been extensively reproduced and has become an iconic representation of him as a polymath or ""Renaissance man"". Despite this, some historians and scholars disagree as to the true identity of the sitter."
https://cdn.topofart.com/images/artists/Raffaello_Sanzio_Raphael/paintings-wm/raphael016.webp,the sistine madonna,raphael,1513,high renaissance,"The Sistine Madonna, also called the Madonna di San Sisto, is an oil painting by the Italian artist Raphael. The painting was commissioned in 1512 by Pope Julius II for the church of San Sisto, Piacenza, and probably executed c. 1513–1514. The canvas was one of the last Madonnas painted by Raphael. Giorgio Vasari called it ""a truly rare and extraordinary work""."
https://cdn.topofart.com/images/artists/Raffaello_Sanzio_Raphael/paintings-wm/raphael008.webp,madonna della seggiola,raphael,1512-1514,high renaissance,"The Madonna della Seggiola or The Madonna della Sedia is an oil on panel Madonna painting by the High Italian Renaissance artist Raphael, executed c. 1513–1514, and housed at the Palazzo Pitti Collection in Florence, Italy. Although there is documentation on its arrival to its current location, Palazzo Pitti, it is still unknown who commissioned the painting; however, it has been in the Medici family since the 16th century."
https://upload.wikimedia.org/wikipedia/commons/9/95/Raphael_missing.jpg,portrait of a young man,raphael,1514,high renaissance,Portrait of a Young Man is a painting by Raphael. It is often thought to be a self-portrait. During the Second World War the painting was stolen by the Nazis from Poland. Many historians regard it as the most important painting missing since World War II.
https://upload.wikimedia.org/wikipedia/commons/b/be/Titian_Bacchus_and_Ariadne.jpg,bacchus and ariadne,titian,1523,high renaissance,"Bacchus and Ariadne (1520–1523) is an oil painting by Titian. It is one of a cycle of paintings on mythological subjects produced for Alfonso I d'Este, Duke of Ferrara, for the Camerino d'Alabastro – a private room in his palazzo in Ferrara decorated with paintings based on classical texts. An advance payment was given to Raphael, who originally held the commission for the subject of a Triumph of Bacchus."
https://upload.wikimedia.org/wikipedia/commons/3/30/Holbein-erasmus.jpg,portrait of erasmus of rotterdam,hans holbein the younger,1523,northern renaissance,"Hans Holbein the Younger painted the Portrait of Erasmus of Rotterdam several times, and his paintings were much copied, at the time and later. It is difficult to disentangle Holbein's original work from that of his workshop and other copyists. Possibly five largely original versions survive, as well as a number of drawings made as studies.\n\nHolbein's portraits played an important part in spreading the painter's reputation across Europe, as they and their copies were widely distributed. When Holbein moved to England he had a letter of recommendation from Erasmus to Thomas More, in whose house he initially lived."
https://upload.wikimedia.org/wikipedia/commons/a/ab/Parmigianino_Selfportrait.jpg,self-portrait in a convex mirror,parmigianino,1524,mannerism,"Self-Portrait in a Convex Mirror is a painting by the Italian late Renaissance artist Parmigianino. It is housed in the Kunsthistorisches Museum, Vienna, Austria."
https://upload.wikimedia.org/wikipedia/commons/a/a4/Lais_of_Corinth%2C_by_Hans_Holbein_the_Younger.jpg,lais of corinth,hans holbein the younger,1526,northern renaissance,"Lais of Corinth is an oil-and-tempera painting on wood completed in 1526 by the German-Swiss Northern Renaissance painter Hans Holbein the Younger. It portrays the famous Lais of Corinth, a courtesan of ancient Greece who charged a high price for her favours. It has been suggested that Holbein is also referring to the Lais who was the lover of Apelles, the great painter of antiquity (Holbein was called ""Apelles"" in humanist circles). The model, the same used for the Venus and Amor, has been identified as either Magdalena Offenburg or her daughter Dorothea, as it was noted by Basilius Amerbach in the archives from the Amerbach-Cabinet, that the woman depicted was someone of the Offenburg family."
https://upload.wikimedia.org/wikipedia/commons/b/b2/Parmigianino_-_The_Madonna_and_Child_with_Saints_%28The_Vision_of_St_Jerome%29.jpg,the vision of saint jerome,parmigianino,1526-1527,mannerism,"The Vision of Saint Jerome of The Madonna and Child with Saints is a painting by the Italian Mannerist artist Parmigianino, executed in 1526–1527. It is in the collection of the National Gallery, in London."
https://upload.wikimedia.org/wikipedia/commons/d/d2/Hans_Holbein%2C_the_Younger_-_Sir_Thomas_More_-_Google_Art_Project.jpg,portrait of sir thomas more,hans holbein the younger,1527,northern renaissance,"Portrait Of Sir Thomas More is a Northern Renaissance work by Hans Holbein The Younger, dated 1527.\n\nHolbein painted most of his portraits during his two periods in England. In the first, between 1526 and 1528, he used the technique of Jean Clouet for his preliminary studies, combining black and coloured chalks on unprimed paper.\n\nIn 1519, Holbein moved back to Basel. His brother fades from the record at about this time, and it is usually presumed that he died. Holbein re-established himself rapidly in the city, running a busy workshop. He joined the painters' guild and took out Basel citizenship."
https://upload.wikimedia.org/wikipedia/commons/c/cf/Retrato_de_la_esposa_del_artista_con_sus_dos_hijos%2C_por_Hans_Holbein_el_Joven.jpg,portrait of the artist's family,hans holbein the younger,1528,northern renaissance,"Portrait Of The Artist's Family is a Northern Renaissance work by Hans Holbein The Younger, dated 1528.\n\nHolbein painted most of his portraits during his two periods in England. In the first, between 1526 and 1528, he used the technique of Jean Clouet for his preliminary studies, combining black and coloured chalks on unprimed paper.\n\nIn August 1528, Holbein bought a house in Basel in St.Johanns-Vorstadt and became the neighbor of Hieronymus Froben. For this house he paid a third in advance. He presumably returned home to preserve his citizenship, since he had been granted only a two-year leave of absence."
https://upload.wikimedia.org/wikipedia/commons/4/4a/Albrecht_Altdorfer_-_Schlacht_bei_Issus_%28Alte_Pinakothek%2C_M%C3%BCnchen%29_-_Google_Art_Project.jpg,the battle of alexander at issus,albrecht altdorfer,1529,northern renaissance,"The Battle of Alexander at Issus is a 1529 oil painting by the German artist Albrecht Altdorfer, a pioneer of landscape art and a founding member of the Danube school. The painting portrays the 333 BC Battle of Issus, in which Alexander the Great secured a decisive victory over Darius III of Persia and gained crucial leverage in his campaign against the Persian Empire. The painting is widely regarded as Altdorfer's masterpiece, and is one of the most famous examples of the type of Renaissance landscape painting known as the world landscape, which here reaches an unprecedented grandeur."
https://smarthistory.org/wp-content/uploads/2019/07/HolbeinAmbassadors.jpg,the ambassadors,hans holbein the younger,1533,northern renaissance,"The Ambassadors is a 1533 painting by Hans Holbein the Younger. Also known as Jean de Dinteville and Georges de Selve, after the two people it portrays, it was created in the Tudor period, in the same year Elizabeth I was born. Franny Moyle speculates that Elizabeth's mother, Anne Boleyn, then Queen of England, might have commissioned it as a gift for Jean de Dinteville, the French ambassador, portrayed on the left. De Selve was a Catholic bishop."
https://upload.wikimedia.org/wikipedia/commons/c/c1/Hans_Holbein_the_Younger_-_Charles_de_Solier%2C_Sieur_de_Morette_-_Google_Art_Project.jpg,charles de solier,hans holbein the younger,1534,northern renaissance,"Charles de Solier, comte de Morette (1480 – 1 February 1552), the son of Aubertin de Solier, comte de Morette (1465–1545), was a French soldier and diplomat as well as a long-serving gentilhomme de la chambre to Francis I. He acted as ambassador to England on a number of occasions from October 1526 to June 1535.  Morette was in London in 1534 when Henry VIII was attempting to win French support for his repudiation of Catherine of Aragon, in an alliance against Holy Roman Emperor Charles V. Around this time, his portrait was painted by Hans Holbein the Younger. He was succeeded as ambassador by Antoine de Castelnau, Bishop of Tarbes."
https://upload.wikimedia.org/wikipedia/commons/f/f9/After_Hans_Holbein_the_Younger_-_Portrait_of_Henry_VIII_-_Google_Art_Project.jpg,portrait of henry viii,hans holbein the younger,1536-1537,northern renaissance,"Portrait of Henry VIII is a lost painting by Hans Holbein the Younger depicting Henry VIII.  It is one of the most iconic images of Henry VIII and is one of the most famous portraits of any English or British monarch. It was created in 1536–1537 as part of the Whitehall Mural showing the Tudor dynasty at the Palace of Whitehall, Westminster, which was destroyed by fire in 1698, but is still well known through many copies."
https://upload.wikimedia.org/wikipedia/commons/7/70/Parmigianino_-_Madonna_and_Child_with_Angels%2C_known_as_the_Madonna_with_the_Long_Neck.jpg,madonna with the long neck,parmigianino,1535-1540,mannerism,"The Madonna with the Long Neck, also known as Madonna and Long Child with Angels and St. Jerome, is an Italian Mannerist oil painting by Parmigianino, dating from c. 1535-1540 and depicting Madonna and Child with angels. The painting began in 1534 for the funerary chapel of Francesco Tagliaferri in Parma, but remained incomplete on Parmigianino's death in 1540. Ferdinando de' Medici, Grand Prince of Tuscany, purchased it in 1698 and it has been on display at the Uffizi since 1948."
https://upload.wikimedia.org/wikipedia/commons/1/18/Last_Judgement_%28Michelangelo%29.jpg,the last judgement,michelangelo,1535-1541,high renaissance,"The Last Judgment is a fresco by the Italian Renaissance painter Michelangelo covering the whole altar wall of the Sistine Chapel in Vatican City. It is a depiction of the Second Coming of Christ and the final and eternal judgment by God of all humanity. The dead rise and descend to their fates, as judged by Christ who is surrounded by prominent saints. Altogether there are over 300 figures, with nearly all the males and angels originally shown as nudes; many were later partly covered up by painted draperies, of which some remain after recent cleaning and restoration."
https://upload.wikimedia.org/wikipedia/commons/9/91/Portrait_d%27Anne_de_Cl%C3%A8ves_-_Hans_Holbein.jpg,portrait of anne of cleves,hans holbein the younger,1539,northern renaissance,"Anne of Cleves (28 June or 22 September 1515 – 16 July 1557) was Queen of England as the fourth wife of Henry VIII from 6 January to 12 July 1540.\n\nBorn in Düsseldorf to John III, Duke of Cleves and Maria of Jülich-Berg, little is known about Anne before 1527. She was betrothed to Francis I, Duke of Lorraine, but the marriage did not take place.\n\nIn March 1539, Henry started negotiations with the German Protestants to form an alliance against the Kingdom of France and the Holy Roman Empire. He sought to marry Anne, the sister of William, Duke of Jülich-Cleves-Berg, and ordered Hans Holbein the Younger to paint him a portrait of her. Once Henry found it flattering, he agreed to the marriage."
https://upload.wikimedia.org/wikipedia/commons/5/55/M._v._Heemskerck-Mus%C3%A9e_des_Bx-Arts_Strasbourg-G%C3%A9d%C3%A9on-Adam_Eve-Ausschnitt_2.jpg,adam and eve,maarten van heemskerck,1550,mannerism / northern renaissance,"Adam and Eve and Gideon and the Fleece are two life-sized Old Testament paintings by the Low Countries Dutch Renaissance painter Maarten (or Maerten) van Heemskerck. They are on display in the Musée des Beaux-Arts of Strasbourg, France. Their inventory numbers are 1747b (Adam and Eve) and 1747a (Gideon).\n\nThe Strasbourg panels were bought from a private Parisian collection in 1948, their previous history is as yet unknown. They have however been identified as the obverse of two panels from 1550, now kept in the Museum Boijmans Van Beuningen, Rotterdam, and thus as the wings of a triptych, of which the middle panel is lost."
https://upload.wikimedia.org/wikipedia/commons/c/c1/M._v._Heemskerck-Mus%C3%A9e_des_Bx-Arts_Strasbourg-G%C3%A9d%C3%A9on-Adam_Eve-Ausschnitt_1.jpg,gideon and the fleece,maarten van heemskerck,1550,mannerism / northern renaissance,"Adam and Eve and Gideon and the Fleece are two life-sized Old Testament paintings by the Low Countries Dutch Renaissance painter Maarten (or Maerten) van Heemskerck. They are on display in the Musée des Beaux-Arts of Strasbourg, France. Their inventory numbers are 1747b (Adam and Eve) and 1747a (Gideon).\n\nThe Strasbourg panels were bought from a private Parisian collection in 1948, their previous history is as yet unknown. They have however been identified as the obverse of two panels from 1550, now kept in the Museum Boijmans Van Beuningen, Rotterdam, and thus as the wings of a triptych, of which the middle panel is lost."
https://upload.wikimedia.org/wikipedia/commons/9/98/Diana_the_Huntress_-_School_of_Fontainebleau%2C_attributed_to_Luca_Penni.jpg,diana the huntress,anonymous,1550,mannerism,
https://cdn.topofart.com/images/artists/Pieter_the_Elder_Bruegel/paintings-wm/bruegel003.webp,netherlandish proverbs,pieter bruegel the elder,1559,northern renaissance,"Netherlandish Proverbs (Dutch: Nederlandse Spreekwoorden; also called Flemish Proverbs, The Blue Cloak or The Topsy Turvy World) is a 1559 oil-on-oak-panel painting by Pieter Bruegel the Elder that depicts a scene in which humans and, to a lesser extent, animals and objects, offer literal illustrations of Dutch-language proverbs and idioms.\n\nRunning themes in Bruegel's paintings that appear in Netherlandish Proverbs are the absurdity, wickedness and foolishness of humans. Its original title, The Blue Cloak or The Folly of the World, indicates that Bruegel's intent was not just to illustrate proverbs, but rather to catalogue human folly."
https://cdn.topofart.com/images/artists/Tiziano_Vecellio_Titian/paintings-wm/titian167.webp,the rape of europa,titian,1559-1562,mannerism,"The Rape Of Europa is a Mannerism work by Titian, dated 1559-1562.\n\nTitian never attempted engraving, but he was very conscious of the importance of printmaking as a means to expand his reputation.\n\nThe Rape of Europa (Boston, Isabella Stewart Gardner Museum), delivered in 1562 The Death of Actaeon, now in the National Gallery in London, begun in 1559 but worked on for many years and never completed or delivered"
https://upload.wikimedia.org/wikipedia/commons/4/4c/Jacopo_Tintoretto_-_Portrait_of_Alvise_Cornaro_-_WGA22687.jpg,portrait of alvise cornaro,domenico tintoretto,1560-1565,mannerism,"Portrait Of Alvise Cornaro is a Mannerism work by Domenico Tintoretto, dated 1560-1565.\n\nAt age seventy-four Domenico was stricken with apoplexy and lost the use of his right hand. Though he attempted to paint with his left hand, this proved unsuccessful. Domenico had toyed with the idea of giving the studio to its present painters for the formation of an academy, but eventually, his vexation with these painters caused him to bequeath all to Sebastiano Casser. Sebastiano, of German descent, married Domenico's sister and eventually adopted the Tintoretto name. He continued to maintain the shop as a studio and a museum after the death of Domenico in 1635 and Marco in 1637."
https://upload.wikimedia.org/wikipedia/commons/e/e0/Paolo_Veronese_008.jpg,the wedding at cana,paolo veronese,1563,mannerism,"The Wedding at Cana (Italian: Nozze di Cana, 1562–1563), by Paolo Veronese, is a representational painting that depicts the biblical story of the Wedding at Cana, at which Jesus miraculously converts water into red wine (John 2:1–11). Executed in the Mannerist style (1520–1600) of the late Renaissance, the large-format (6.77 m × 9.94 m or 22 ft 3 in × 32 ft 7 in) oil painting comprehends the stylistic ideal of compositional harmony, as practised by the artists Leonardo, Raphael, and Michelangelo.\n\nThe art of the High Renaissance (1490–1527) emphasised human figures of ideal proportions, balanced composition, and beauty, whereas Mannerism exaggerated the Renaissance ideals – of figure, light, and colour – with asymmetric and unnatur"
https://jhna.org/wp-content/uploads/2017/04/Kaminska6.2FI.jpg,the tower of babel,pieter bruegel the elder,1564,northern renaissance,"The Tower of Babel was the subject of two surviving paintings and one lost painting by Dutch and Flemish Renaissance painter Pieter Bruegel the Elder. The earliest of the three, a miniature painted on ivory, was completed in 1552–1553 while Bruegel was in Rome, and is now lost. The two surviving works are oil paintings on wood panels, sometimes distinguished by the prefix ""Great"" and ""Little"" and by their present location: Kunsthistorisches Museum Wien in Vienna and the latter in the Museum Boijmans Van Beuningen in Rotterdam."
https://upload.wikimedia.org/wikipedia/commons/d/d8/Pieter_Bruegel_the_Elder_-_Hunters_in_the_Snow_%28Winter%29_-_Google_Art_Project.jpg,the hunters in the snow,pieter bruegel the elder,1565,northern renaissance,"The Hunters in the Snow (Dutch: Jagers in de Sneeuw), also known as The Return of the Hunters, is a 1565 oil-on-wood painting by Pieter Bruegel the Elder. The Northern Renaissance work is one of a series of works, five of which still survive, that depict different times of the year. The painting is in the collection of the Kunsthistorisches Museum in Vienna, Austria. This scene is set in the depths of winter during December/January.\n\nThis painting is part of the BBC's 100 Great Paintings."
https://upload.wikimedia.org/wikipedia/commons/7/74/The_Lawyer%2C_possibly_Ulrich_Zasius%2C_1461-1536%2C_humanist%2C_jurist_%28Giuseppe_Arcimboldo%29_-_Nationalmuseum_-_15897.jpg,the jurist,giuseppe arcimboldo,1566,mannerism,"The Jurist is a Mannerism work by Giuseppe Arcimboldo, dated 1566.\n\nIn 1562, he became court portraitist to Ferdinand I at the Habsburg court in Vienna, Austria and later, to Maximilian II and his son Rudolf II at the court in Prague. He was also the court decorator and costume designer. Augustus, Elector of Saxony, who visited Vienna in 1570 and 1573, saw Arcimboldo's work and commissioned a copy of his The Four Seasons which incorporates his own monarchic symbols."
https://upload.wikimedia.org/wikipedia/commons/b/b4/Les_massacres_du_Triumvirat_-_Antoine_Caron_-_Mus%C3%A9e_du_Louvre_Peintures_RF_1939_28_-_photo_2.jpg,the massacres of the triumvirate,antoine caron,1566,mannerism,"The Massacres of the Triumvirate is a 1566 oil on canvas painting by Antoine Caron, now in the Louvre Museum.\n\nThe only signed and dated work by Caron, it shows the Colosseum and other Roman monuments in the background and refers to the massacre of 300 opponents initiated by the Second Triumvirate in 43 BC and by extension to the massacres of Protestants in Caron's own time, during the French Wars of Religion."
https://upload.wikimedia.org/wikipedia/commons/d/dc/Paolo_Veronese_-_Mars_and_Venus_United_by_Love_-_Google_Art_Project.jpg,venus and mars,paolo veronese,1570-1579,mannerism,"Venus and Mars is an oil painting on canvas painted in the 1570s by the Italian Renaissance artist Paolo Veronese.\n\nThe painting was commissioned by Rudolf II, Holy Roman Emperor and was one of three mythological and love-themed works commissioned by the artist. The other two are at the Frick Collection in New York: The Allegory of Virtue and Performance and Allegory of the Source of Wisdom and Power. It deals with the romantic love of the Roman goddess of love Venus and the god of war Mars, as described in  Ovid's Metamorphoses."
https://upload.wikimedia.org/wikipedia/commons/0/07/Jacopo_zucchi%2C_et%C3%A0_dell%27oro%2C_1476%2C_su_tavola%2C_01.jpg,the golden age,jacopo zucchi,1576-1581,mannerism,"The Golden Age is a c. 1576–1581 oil on panel painting of the Golden Age by Jacopo Zucchi, a favoured artist of Ferdinando I de' Medici at the end of the latter's cardinalate in Rome, now in the Uffizi, in Florence.\n\nAn early preparatory drawing for the work survives in the Princeton University Art Museum. It and The Silver Age were probably painted for Ferdinando, as they were recorded in his 'Guardaroba medicea' and then in 1635 at the Uffizi - at the latter date they were still together but misattributed to Federico Zuccari. Their correct attribution was later restored.\n\nThe two works' dimensions and status as panel not canvas paintings may mean they were originally intended as two elaborate covers for portraits."
https://upload.wikimedia.org/wikipedia/commons/0/01/Jacopo_zucchi%2C_et%C3%A0_dell%27argento%2C_1576%2C_su_tavola%2C_01.jpg,the silver age,jacopo zucchi,1578-1581,mannerism,"The Silver Age is a c.1576-1581 oil on panel painting of the Silver Age by Jacopo Zucchi, a favoured artist of Ferdinando I de' Medici at the end of the latter's cardinalate in Rome, now in the Uffizi in Florence.\n\nIt and The Golden Age were probably painted for Ferdinando, as they were recorded in his 'Guardaroba medicea' and then in 1635 at the Uffizi - at the latter date they were still together but misattributed to Federico Zuccari. Their correct attribution was later restored. Their dimensions and status as panel not canvas paintings may mean they were originally intended as two elaborate covers for portraits."
https://upload.wikimedia.org/wikipedia/commons/7/73/Tintoretto-selfport.jpg,self-portrait,domenico tintoretto,1588,mannerism,"Self-Portrait or Portrait of an Old Man is an oil-on-canvas painting by El Greco, likely dating between 1595 and 1600. The work's distinction as a self-portrait has been widely debated by scholars for over a century. Identification as a self-portrait is supported by the idea that the same figure appears several times in El Greco's oeuvre, aging alongside the artist. Critics of this work's identification as a self-portrait point to a lack of evidence to positively identify it as such. It shows the influence of Titian and Tintoretto, whose works El Greco studied in Venice. It is currently in the Metropolitan Museum of Art in New York."
https://upload.wikimedia.org/wikipedia/commons/d/de/Fede_Galizia_-_Portrait_of_Paolo_Morigia_-_WGA08429.jpg,portrait of paolo morigia,fede galizia,1592-1595,mannerism,"Portrait of Paolo Morigia is a 1592–1595 oil on canvas painting by Fede Galizia, painted for the church of San Gerolamo in Milan and donated in 1670 to the Pinacoteca Ambrosiana in the same city, where it still hangs."
https://upload.wikimedia.org/wikipedia/commons/6/64/Boy_with_a_Basket_of_Fruit-Caravaggio_%281593%29.jpg,boy with a basket of fruit,caravaggio,1593-1594,baroque,"Boy with a Basket of Fruit is an oil on canvas painting generally ascribed to Italian Baroque master Michelangelo Merisi da Caravaggio, created c. 1593. It is currently held in the Galleria Borghese in Rome."
https://upload.wikimedia.org/wikipedia/commons/8/8e/Caravaggio_%28Michelangelo_Merisi%29_-_The_Cardsharps_-_Google_Art_Project.jpg,the cardsharps,caravaggio,1594,baroque,"The Cardsharps is a c. 1596–1597 painting by the Italian Baroque artist Caravaggio. The original is generally agreed to be the work acquired by the Kimbell Art Museum in 1987, although Caravaggio may have painted more than one version."
https://upload.wikimedia.org/wikipedia/commons/2/2e/Caravaggio_%28Michelangelo_Merisi%29_-_Good_Luck_-_Google_Art_Project.jpg,the fortune teller,caravaggio,1594,baroque,"The Fortune Teller is a painting by Italian Baroque artist Michelangelo Merisi da Caravaggio. It exists in two versions, both by Caravaggio, the first from c. 1594, the second from c. 1595. The dates in both cases are disputed."
https://upload.wikimedia.org/wikipedia/commons/b/b6/Caravaggio_-_I_Musici.jpg,musicians,caravaggio,1595,baroque,"The Musicians or Concert of Youths is a painting by the Italian Baroque master Michelangelo Merisi da Caravaggio (1571–1610). The work was commissioned by Cardinal Francesco Maria del Monte, who had an avid interest in music. It is one of Caravaggio’s more complex paintings, with four figures that were likely painted from life."
https://upload.wikimedia.org/wikipedia/commons/b/b0/Saint_Francis_of_Assisi_in_Ecstasy-Caravaggio_%28c.1595%29.jpg,saint francis of assisi in ecstasy,caravaggio,1595,baroque,"Saint Francis of Assisi in Ecstasy is an oil on canvas painting by the Italian Baroque master Michelangelo Merisi da Caravaggio, from c. 1595. It is held in the Wadsworth Atheneum, in Hartford, Connecticut."
https://upload.wikimedia.org/wikipedia/commons/e/e8/Moses_Striking_the_Rock_MET_DP145411.jpg,moses striking the rock,abraham bloemaert,1596,mannerism,"Moses Striking The Rock is a Mannerism work by Abraham Bloemaert, dated 1596.\n\nWhen his father was appointed city architect (stads-bouwmeester) in Amsterdam in 1591 Bloemaert accompanied him there. On his father's death in 1593 he returned to Utrecht, where he set up a workshop and in 1594 became dean (""deken"") of the ""zadelaarsgilde"".{{efn=As of 1367 painters were included in the saddlemakers' guild, with no Guild of St. Luke of their own."
https://upload.wikimedia.org/wikipedia/commons/2/29/Narcissus-Caravaggio_%281594-96%29_edited.jpg,narcissus at the source,caravaggio,1597-1599,baroque,"Narcissus At The Source is a Baroque work by Caravaggio, dated 1597-1599.\n\nCaravaggio left Cesari, determined to make his own way after a heated argument. At this point he forged some extremely important friendships, with the painter Prospero Orsi, the architect Onorio Longhi, and the sixteen-year-old Sicilian artist Mario Minniti.\n\nThe aristocratic collector Ciriaco Mattei, brother of Cardinal Girolamo Mattei, who was friends with Cardinal Francesco Maria Bourbon Del Monte, gave The Supper at Emmaus to the city palace he shared with his brother, 1601 (National Gallery, London), The Incredulity of Saint Thomas, c. 1601, ""Ecclesiastical V"
https://upload.wikimedia.org/wikipedia/commons/8/87/TINTORETTO_-_Magdalena_penitente_%28Musei_Capitolini%2C_Roma%2C_1598-1602%29_-_copia.jpg,mary magdalene,domenico tintoretto,1598,mannerism,"Mary Magdalene is a Mannerism work by Domenico Tintoretto, dated 1598.\n\nAt age seventy-four Domenico was stricken with apoplexy and lost the use of his right hand. Though he attempted to paint with his left hand, this proved unsuccessful. Domenico had toyed with the idea of giving the studio to its present painters for the formation of an academy, but eventually, his vexation with these painters caused him to bequeath all to Sebastiano Casser. Sebastiano, of German descent, married Domenico's sister and eventually adopted the Tintoretto name. He continued to maintain the shop as a studio and a museum after the death of Domenico in 1635 and Marco in 1637."
https://upload.wikimedia.org/wikipedia/commons/d/df/Caravaggio_-_Giuditta_e_Oloferne_%28ca._1599%29.jpg,judith beheading holofernes,caravaggio,1598-1599,baroque,"Judith Beheading Holofernes is a painting of the biblical episode by the Italian Baroque artist Caravaggio, painted in c. 1599 – 1600 or 1602, in which the widow Judith stayed with the Assyrian general Holofernes in his tent after a banquet then decapitated him after he passed out drunk. The painting was rediscovered in 1950 and is part of the collection of the Galleria Nazionale d'Arte Antica in Rome. The exhibition 'Dentro Caravaggio', Royal Palace of Milan, suggests a date of 1602 on account of the use of light underlying sketches not seen in Caravaggio's early work but characteristic of his later works. The exhibition catalogue also cites biographer artist Giovanni Pietro Baglione's account that the work was commissioned by Genoese banker Ottavio Costa."
https://cdn.topofart.com/images/artists/Michelangelo_Merisi_da_Caravaggio/paintings-wm/caravaggio031.webp,the calling of saint matthew,caravaggio,1599,baroque,"The Calling of Saint Matthew is an oil painting by the Italian Baroque master Caravaggio that depicts the moment Jesus Christ calls on the tax collector Matthew to follow him. It was completed in 1599–1600 for the Contarelli Chapel in the church of the French congregation, San Luigi dei Francesi in Rome, where it remains. It hangs alongside two other paintings of Matthew by Caravaggio: The Martyrdom of Saint Matthew and The Inspiration of Saint Matthew (1602)."
https://upload.wikimedia.org/wikipedia/commons/1/1e/Canestra_di_frutta_%28Caravaggio%29.jpg,basket of fruit,caravaggio,1599,baroque,"Basket of Fruit (c.1599) is a still life painting by the Italian Baroque master Michelangelo Merisi da Caravaggio (1571–1610), which hangs in the Biblioteca Ambrosiana, Milan."
https://upload.wikimedia.org/wikipedia/commons/b/bb/Caravaggio_%E2%80%94_The_Martyrdom_of_Saint_Matthew.jpg,the martyrdom of saint matthew,caravaggio,1599-1600,baroque,"The Martyrdom of Saint Matthew is a painting by the Italian master Michelangelo Merisi da Caravaggio. It is located in the Contarelli Chapel of the church of the French congregation San Luigi dei Francesi in Rome, where it hangs opposite The Calling of Saint Matthew and beside the altarpiece The Inspiration of Saint Matthew, both by Caravaggio. It was the first of the three to be installed in the chapel, in July 1600."
https://upload.wikimedia.org/wikipedia/commons/0/02/El_Greco_View_of_Toledo.jpg,view of toledo,el greco,1600,mannerism,"View of Toledo, is one of the two surviving landscapes painted by El Greco, along with View and Plan of Toledo. View of Toledo is held by the Metropolitan Museum of Art in New York City."
https://upload.wikimedia.org/wikipedia/commons/f/fc/Bathers_at_San_Niccolo.jpg,bathers at san niccolo,domenico cresti,1600,mannerism,"Bathers at San Niccolò is a large oil painting by Domenico Cresti, known as Domenico Passignano, signed and dated 1600. The Mannerist painting depicts men bathing in the River Arno near the crenelated Tower of San Niccolò in Florence."
https://upload.wikimedia.org/wikipedia/commons/6/6a/Michelangelo_Caravaggio_020.jpg,the lute player,caravaggio,1600,baroque,"The Lute Player is a composition by the Italian Baroque master Caravaggio. It exists in two official versions, one in the Wildenstein Collection and another in the Hermitage Museum, St. Petersburg. The Wildenstein version was exhibited for many years at the Metropolitan Museum of Art. A third version called the Badminton House version is seen as a copy of The Hermitage picture. The Badminton House version was recently exhibited with the Hermitage picture together in 2020 at the Galleria Borghese."
https://upload.wikimedia.org/wikipedia/commons/b/bb/The_Conversion_of_Saint_Paul-Caravaggio_%28c._1600-1%29.jpg,the conversion of saint paul,caravaggio,1600-1601,baroque,"The Conversion of Saint Paul is an oil on cypress wood painting by the Italian painter Caravaggio, from 1600-1601. It is housed in the Odescalchi Balbi private collection, in Rome. It is one of at least two paintings by Caravaggio of the Conversion of Paul. Another is The Conversion of Saint Paul on the Road to Damascus, in the Cerasi Chapel of Santa Maria del Popolo."
https://upload.wikimedia.org/wikipedia/commons/4/4d/1602-3_Caravaggio%2CSupper_at_Emmaus_National_Gallery%2C_London.jpg,supper at emmaus,caravaggio,1601,baroque,"The Supper at Emmaus is a painting by the Italian Baroque master Caravaggio, completed in 1601, and now in London. It depicts the Gospel story of the resurrected Jesus's appearance in Emmaus."
https://upload.wikimedia.org/wikipedia/commons/6/67/Conversion_on_the_Way_to_Damascus-Caravaggio_%28c.1600-1%29.jpg,conversion on the way to damascus,caravaggio,1601,baroque,"The Conversion on the Way to Damascus is a work by Caravaggio, painted in 1601 for the Cerasi Chapel of the church of Santa Maria del Popolo, in Rome. Across the chapel is a second Caravaggio depicting the Crucifixion of Saint Peter. On the altar between the two is the Assumption of the Virgin Mary by Annibale Carracci."
https://upload.wikimedia.org/wikipedia/commons/d/d9/Crucifixion_of_Saint_Peter-Caravaggio_%28c.1600%29.jpg,the crucifixion of saint peter,caravaggio,1601,baroque,"The Crucifixion of Saint Peter is a painting by the Italian Baroque master Michelangelo Merisi da Caravaggio, painted in 1601 for the Cerasi Chapel of Santa Maria del Popolo in Rome. Across the chapel is a second Caravaggio work depicting the Conversion of Saint Paul on the Road to Damascus (1601). On the altar between the two is the Assumption of the Virgin Mary by Annibale Carracci."
https://upload.wikimedia.org/wikipedia/commons/6/6c/Der_ungl%C3%A4ubige_Thomas_-_Michelangelo_Merisi%2C_named_Caravaggio.jpg,the incredulity of saint thomas,caravaggio,1602,baroque,"The Incredulity of Saint Thomas is an oil on canvas painting by Caravaggio, created c. 1601–1602. It was painted for Vincenzo Giustiniani and later entered the Royal Collection of Prussia, survived the Second World War unscathed, and is now in the Sanssouci Picture Gallery, in Potsdam."
https://upload.wikimedia.org/wikipedia/commons/0/09/Caravaggio_-_The_Taking_of_Christ_restored.jpg,the taking of christ,caravaggio,1602,baroque,"The Taking of Christ is a painting, of the arrest of Jesus, by the Italian Baroque master Michelangelo Merisi da Caravaggio. Originally commissioned by the Roman nobleman Ciriaco Mattei in 1602, it is housed in the National Gallery of Ireland, Dublin."
https://upload.wikimedia.org/wikipedia/commons/d/d9/Giovanni_Baglione_-_The_Divine_Eros_Defeats_the_Earthly_Eros.jpg,sacred love and profane love,giovanni baglione,1602,baroque,"Sacred Love And Profane Love is a Baroque work by Giovanni Baglione, dated 1602.\n\nIn late August 1603 Baglione filed a suit for libel against Caravaggio, Orazio Gentileschi, Ottavio Leoni, and Filipo Trisegni in connection with some unflattering poems circulated around Rome over the preceding summer, which he appears to have been correct in attributing to Caravaggio's circle.\n\nHe was employed in many of the considerable numbers of church commissions in Rome during the pontificates of Clement VIII, Paul V and Urban VIII in the early years of the new century, from which the Caravaggisti were largely excluded. The two largest churches being filled with paintings at this period were St."
https://upload.wikimedia.org/wikipedia/commons/3/34/The_Entombment_of_Christ-Caravaggio_%28c.1602-3%29.jpg,the entombment of christ,caravaggio,1602-1604,baroque,"The Entombment of Christ is an oil on canvas painting by Caravaggio, from 1603–1604. It was created for the second chapel on the right in Santa Maria in Vallicella, a church built for the Oratory of Saint Philip Neri. A copy of the painting is now in the chapel, and the original is in the Vatican Pinacoteca. The painting has been copied by artists as diverse as Rubens, Fragonard, Géricault and Cézanne."
https://upload.wikimedia.org/wikipedia/commons/7/78/Death_of_the_Virgin-Caravaggio_%281606%29.jpg,death of the virgin,caravaggio,1601-1606,baroque,"Death of the Virgin is an oil on canvas painting by the Italian Baroque master Caravaggio, from c. 1604-1606. It is a depiction of the death of the Virgin Mary. It is part of the collection of the Musée du Louvre, in Paris."
https://upload.wikimedia.org/wikipedia/commons/c/c3/Caravaggio_%E2%80%94_Madonna_di_Loreto.jpg,madonna of loreto,caravaggio,1604-1606,baroque,"The Madonna di Loreto or Pilgrims' Madonna is a painting created c.1604–1606 by the Italian Baroque master Caravaggio, located in the Cavalletti Chapel of the church of Sant'Agostino, just northeast of the Piazza Navona in Rome. It depicts the barefoot Virgin holding her naked child in a doorway before two kneeling peasants on a pilgrimage."
https://upload.wikimedia.org/wikipedia/commons/4/4d/Saint_Jerome_Writing-Caravaggio_%281605-6%29.jpg,saint jerome writing,caravaggio,1605-1606,baroque,"Saint Jerome Writing, also called Saint Jerome in His Study or simply Saint Jerome, is an oil painting by the Italian Baroque master Caravaggio, from c. 1605-1606. The painting is located in the Galleria Borghese, in Rome."
https://upload.wikimedia.org/wikipedia/commons/d/d7/Caravaggio_-_Sette_opere_di_Misericordia.jpg,the seven works of mercy,caravaggio,1607,baroque,"The Seven Works Of Mercy is a Baroque work by Caravaggio, dated 1607.\n\nOne secular piece from these years is Amor Vincit Omnia, in English also called Amor Victorious, painted in 1602 for Vincenzo Giustiniani, a member of del Monte's circle. The model was named in a memoir of the early 17th century as ""Cecco"", the diminutive for Francesco.\n\nAn early published notice on Caravaggio, dating from 1604 and describing his lifestyle three years previously, recounts that ""after a fortnight's work he will swagger about for a month or two with a sword at his side and a servant following him, from one ball-court to the next, ever ready to engage in a fight"
https://upload.wikimedia.org/wikipedia/commons/c/c8/The_Beheading_of_Saint_John-Caravaggio_%281608%29.jpg,the beheading of saint john,caravaggio,1608,baroque,"The Beheading Of Saint John is a Baroque work by Caravaggio, dated 1608.\n\nOne secular piece from these years is Amor Vincit Omnia, in English also called Amor Victorious, painted in 1602 for Vincenzo Giustiniani, a member of del Monte's circle. The model was named in a memoir of the early 17th century as ""Cecco"", the diminutive for Francesco.\n\nRubens was likely one of the first Flemish artists to be influenced by Caravaggio whose work he got to know during his stay in Rome in 1601."
https://upload.wikimedia.org/wikipedia/commons/6/6d/Burial_of_Saint_Lucy-Caravaggio_%281608%29.jpg,burial of saint lucy,caravaggio,1608,baroque,"Burial Of Saint Lucy is a Baroque work by Caravaggio, dated 1608.\n\nCaravaggio went on to secure a string of prestigious commissions for religious works featuring violent struggles, grotesque decapitations, torture, and death.\n\nOne secular piece from these years is Amor Vincit Omnia, in English also called Amor Victorious, painted in 1602 for Vincenzo Giustiniani, a member of del Monte's circle. The model was named in a memoir of the early 17th century as ""Cecco"", the diminutive for Francesco."
https://upload.wikimedia.org/wikipedia/commons/b/b8/Michelangelo_Caravaggio_006.jpg,the raising of lazarus,caravaggio,1608,baroque,"The Raising Of Lazarus is a Baroque work by Caravaggio, dated 1608.\n\nOne of the many versions of The Taking of Christ, which was looted from the Odessa Museum in 2008 and recovered in 2010, is believed by some experts to be a contemporary copy. The Incredulity of Saint Thomas is one of the most famous paintings by Caravaggio, circa 1601–1602.\n\nOne secular piece from these years is Amor Vincit Omnia, in English also called Amor Victorious, painted in 1602 for Vincenzo Giustiniani, a member of del Monte's circle. The model was named in a memoir of the early 17th century as ""Cecco"", the diminutive for Francesco."
https://upload.wikimedia.org/wikipedia/commons/a/ae/Perdono_di_carlo_gesualdo_1609.jpg,il perdono di gesualdo,giovanni balducci,1609,mannerism,"Il Perdono Di Gesualdo is a Mannerism work by Giovanni Balducci, dated 1609.\n\nBy 1600, Balducci had moved to Naples, where he painted altarpieces of St Dominic dispensing the Rosary and St Peter Martyr for the church of Santa Maria della Sanità. In 1609 he painted the Pardon of Carlo Gesualdo, now in the church of Santa Maria delle Grazie in Gesualdo in the province of Avellino. Balducci also continued to work in fresco, painting in the cloister of Santa Maria del Carmine and on the ceilings of the church of the Annunziata in Maddaloni, in Campania."
https://upload.wikimedia.org/wikipedia/commons/4/40/Caravaggio_-_Adorazione_dei_pastori.jpg,adoration of the shepherds,caravaggio,1609,baroque,"Adoration Of The Shepherds is a Baroque work by Caravaggio, dated 1609.\n\nOne secular piece from these years is Amor Vincit Omnia, in English also called Amor Victorious, painted in 1602 for Vincenzo Giustiniani, a member of del Monte's circle. The model was named in a memoir of the early 17th century as ""Cecco"", the diminutive for Francesco.\n\nCaravaggio's epitaph was composed by his friend Marzio Milesi. It reads: ""Michelangelo Merisi, son of Fermo di Caravaggio – in painting not equal to a painter, but to Nature itself – died in Port' Ercole – betaking himself hither from Naples – returning to Rome – 15th calend of August – In the year of our Lor"
https://upload.wikimedia.org/wikipedia/commons/8/84/Salom%C3%A9_con_la_cabeza_del_Bautista_%28Caravaggio%29.jpg,salome with the head of john the baptist,caravaggio,1609,baroque,"Salome with the Head of John the Baptist (Madrid) is an oil on canvas painting by the Italian master Caravaggio, from c. 1609. It is held in the Royal Collections Gallery, in Madrid.\n\nThe early Caravaggio biographer Giovanni Bellori, writing in 1672, records the artist sending a Salome with the Head of John the Baptist from Naples to the Grand Master of the Knights of Malta, Fra Alof de Wignacourt, in the hope of regaining favour after having been expelled from the Order in 1608. It seems likely that this is the work, according to Caravaggio scholar John Gash."
https://upload.wikimedia.org/wikipedia/commons/f/f6/David_with_the_Head_of_Goliath-Caravaggio_%281610%29.jpg,david with the head of goliath,caravaggio,1609-1610,baroque,"David with the Head of Goliath is a painting by the Italian Baroque master Caravaggio. It is housed in the Galleria Borghese, Rome. The painting, which was in the collection of Cardinal Scipione Borghese in 1650, has been dated as early as 1605 and as late as 1609–1610, with more recent scholars tending towards the former.\n\nCaravaggio also treated this subject in an oil on poplar wood panel dated to c. 1607, now in the Kunsthistorisches Museum, Vienna, and in an earlier oil on canvas dated to c."
https://upload.wikimedia.org/wikipedia/commons/6/6d/Jan_Brueghel_de_Oude_en_Peter_Paul_Rubens_-_Het_aards_paradijs_met_de_zondeval_van_Adam_en_Eva.jpg,the garden of eden with the fall of man,peter paul rubens / jan brueghel the elder,1615,flemish baroque,
https://upload.wikimedia.org/wikipedia/commons/5/58/Allegory_of_Repentance_mg_0014.jpg,allegory of vanity and repentance,cornelis van haarlem,1616,mannerism / dutch golden age,"Allegory Of Vanity And Repentance is a Mannerism / Dutch Golden Age work by Cornelis Van Haarlem, dated 1616.\n\nWhen his parents fled Haarlem, as the Spanish army laid siege to the city in 1573 during the Eighty Years' War, Van Haarlem remained behind and was raised by the painter Pieter Pietersz the Elder, his first teacher. Later, in 1580–1581 Van Haarlem studied in Rouen, France, and Antwerp (with Coignet), before returning to Haarlem, where he stayed the rest of his life. He became a respected member of the community and in 1583 he received his first official commission from the city of Haarlem, a militia company portrait, the Banquet of the Haarlem Civic Guard."
https://upload.wikimedia.org/wikipedia/commons/5/50/Nicolas_Poussin-La_Mort_de_Chion%C3%A9.jpg,the death of chione,nicolas poussin,1622,french baroque,"The Death of Chione is an oil-on-canvas painting executed in 1622 by the French artist Nicolas Poussin, his first known surviving work. He produced it during a stay in Lyon and in February 2016 it was acquired by that city's Museum of Fine Arts."
https://upload.wikimedia.org/wikipedia/commons/9/97/Cavalier_soldier_Hals-1624x.jpg,the laughing cavalier,frans hals,1624,baroque / dutch golden age,"The Laughing Cavalier (1624) is a portrait by the Dutch Golden Age painter Frans Hals in the Wallace Collection in London. It was described by art historian Seymour Slive as ""one of the most brilliant of all Baroque portraits"". The title is an invention of the Victorian public and press, dating from its exhibition in the opening display at the Bethnal Green Museum in 1872–1875, just after its arrival in England, after which it was regularly reproduced as a print, and became one of the best known old master paintings in Britain. The unknown subject is in fact not laughing, but can be said to have an enigmatic smile, much amplified by his upturned moustache."
https://upload.wikimedia.org/wikipedia/commons/e/e5/Nicolas_Poussin_-_The_Victory_of_Joshua_over_Amorites_-_Pushkin_museum.jpg,the battle between the israelites and the amorites,nicolas poussin,1625,french baroque / classicism,"The Battle between the Israelites and the Amorites, Joshua's Battle Against the Amorites or Joshua's Victory over the Amorites is a c. 1625 oil-on-canvas painting by the French artist Nicolas Poussin, now in the Pushkin Museum, in Moscow."
https://upload.wikimedia.org/wikipedia/commons/1/17/Poussin_Nicolas_-_The_Victory_of_Joshua_over_the_Amalekites_copy.jpg,joshua's battle against the amalekites,nicolas poussin,1625,french baroque / classicism,"Joshua's Battle Against the Amalekites or Joshua's Victory over the Amalekites is a c. 1625 oil-on-canvas painting by the French artist Nicolas Poussin, now in the Hermitage Museum in Saint Petersburg."
https://upload.wikimedia.org/wikipedia/commons/3/37/Nicolas_Poussin_-_The_Destruction_and_Sack_of_the_Temple_of_Jerusalem_-_Google_Art_Project.jpg,the capture of jerusalem by titus,nicolas poussin,1626,french baroque / classicism,"The capture of Jerusalem by Titus in AD 70 is the subject of several history paintings by Nicolas Poussin. The earliest version, dated to 1626, is in the Israel Museum, catalogued as The Destruction and Sack of the Temple of Jerusalem. Another version, dated to 1635, is in the Kunsthistorisches Museum in Vienna, catalogued as Destruction of the Temple in Jerusalem by Titus."
https://upload.wikimedia.org/wikipedia/commons/e/ec/Poussin_-_V%C3%A9nus_pleurant_Adonis_-_mus%C3%A9e_de_Caen.jpg,venus weeping for adonis,nicolas poussin,1626-1627,french baroque / classicism,"Venus Weeping for Adonis is an oil on canvas painting by the French painter Nicolas Poussin, from c. 1626-1627. Painted after his relocation to Italy it is now part of the collection of the Musée des Beaux-Arts de Caen."
https://upload.wikimedia.org/wikipedia/commons/2/27/Cephalus_and_Aurora_-_Poussin_-_1627-30_National_Gallery%2C_London.jpg,cephalus and aurora,nicolas poussin,1627,french baroque / classicism,"Cephalus and Aurora is the title of two oil paintings by Nicolas Poussin, both dated to about 1629 or 1630. The first is in the National Gallery, London; the second belongs to the Worsley baronets, of Hovingham Hall, Yorkshire."
https://upload.wikimedia.org/wikipedia/commons/d/d3/Nicolas_Poussin_-_The_Death_of_Germanicus_-_Google_Art_Project.jpg,the death of germanicus,nicolas poussin,1627,french baroque / classicism,The Death of Germanicus is a painting made in 1627 by Nicolas Poussin for Francesco Barberini. It is kept at the Minneapolis Institute of Art.
https://upload.wikimedia.org/wikipedia/commons/a/a4/Rembrandt_laughing.jpg,self-portrait,rembrandt van rijn,1628,baroque / dutch golden age,"Self-Portrait is a Baroque / Dutch Golden Age work by Rembrandt Van Rijn, dated 1628.\n\nRembrandt's earliest signatures (c. 1625) consisted of an initial ""R"", or the monogram ""RH"" (for Rembrant Harmenszoon), and starting in 1629, ""RHL"" (the ""L"" stood, presumably, for Leiden).\n\nRembrandt produced etchings for most of his career, from 1626 to 1660, when he was forced to sell his printing-press and practically abandoned etching. Only the troubled year of 1649 produced no dated work."
https://upload.wikimedia.org/wikipedia/commons/3/30/Nicolas_Poussin_-_Le_Martyre_de_Saint_%C3%89rasme.jpg,the martyrdom of saint erasmus,nicolas poussin,1628-1629,french baroque / classicism,"The Martyrdom of Saint Erasmus is an altarpiece, painted by Nicolas Poussin in 1628–1629, originally displayed in St. Peter's Basilica, Rome."
https://upload.wikimedia.org/wikipedia/commons/f/fe/Rembrandt_van_Rijn_184.jpg,self-portrait in a gorget,rembrandt van rijn,1629,baroque / dutch golden age,"Self-Portrait In A Gorget is a Baroque / Dutch Golden Age work by Rembrandt Van Rijn, dated 1629.\n\nRembrandt produced etchings for most of his career, from 1626 to 1660, when he was forced to sell his printing-press and practically abandoned etching. Only the troubled year of 1649 produced no dated work.\n\n24 August 2019 – 1 December 2019: Leiden circa 1630: Rembrandt Emerges, Agnes Etherington Art Centre, Kingston, Ontario. 4 October 2019 – 2 February 2020: Rembrandt's Light, Dulwich Picture Gallery, London."
https://upload.wikimedia.org/wikipedia/commons/4/44/Acis_and_galatea_-_Poussin_-1629_-_Dublin_National_Gallery_of_Art.jpg,acis and galatea,nicolas poussin,1629,french baroque / classicism,"Acis and Galatea are characters from Greek mythology later associated together in Ovid's Metamorphoses. The episode tells of the love between the mortal Acis and the Nereid (sea-nymph) Galatea; when the jealous Cyclops Polyphemus kills Acis, Galatea transforms her lover into an immortal river spirit. The episode was made the subject of poems, operas, paintings, and statues in the Renaissance and after."
https://upload.wikimedia.org/wikipedia/commons/4/44/L%27Inspiration_du_po%C3%A8te_-_circa_1629_-_Nicolas_Poussin_-_Louvre_-_RF_1774.jpg,the inspiration of the poet,nicolas poussin,1629-1630,french baroque / classicism,"The Inspiration of the Poet is an oil-on-canvas in the classical style by the artist Nicolas Poussin, painted between 1629 and 1630. It is held and exhibited at the Louvre, in Paris."
https://upload.wikimedia.org/wikipedia/commons/e/e5/Apparition_de_la_Vierge_%C3%A0_saint_Jacques_le_Majeur_-_Nicolas_Poussin_-_Mus%C3%A9e_du_Louvre_Peintures_INV_7285_%3B_MR_2328.jpg,saint james the great's vision of the virgin mary,nicolas poussin,1629-1630,french baroque / classicism,"Saint James the Great's Vision of the Virgin Mary is a c.1629-1630 oil on canvas painting by Nicolas Poussin, now in the Louvre, in Paris. It shows a vision in Zaragoza whilst James the Great was evangelising Spain."
https://upload.wikimedia.org/wikipedia/commons/7/7c/Nicolas_Poussin_-_Mars_and_Venus_-_Google_Art_Project_%28559039%29.jpg,mars and venus,nicolas poussin,1630,french baroque / classicism,"Mars And Venus is a French Baroque / Classicism work by Nicolas Poussin, dated 1630.\n\nThe success of the Germanicus led to an even more prestigious commission in 1628 for an altarpiece depicting the Martyrdom of St. Erasmus, for the Erasmus Chapel in St. Peter's Basilica (now in the Vatican Pinacoteca).\n\nThe early years of Poussin in Rome were difficult. His patron Marino departed Rome for Naples in May 1624, shortly after Poussin arrived, and died there in 1625."
https://upload.wikimedia.org/wikipedia/commons/f/f6/Rembrandt_Harmensz._van_Rijn_-_Old_Man_with_a_Gold_Chain_-_Google_Art_Project.jpg,old man with a gold chain,rembrandt van rijn,1631,baroque / dutch golden age,"Old Man with a Gold Chain is a portrait by Rembrandt, painted in oils on canvas around 1631. It is now in the Art Institute of Chicago.\n\nThere are copies including a second version which is now considered according to Scholar Gary Schwartz as an Autograph Replica By Rembrandt Van Rijn.\n\nThis painting was documented by Hofstede de Groot as a portrait of Rembrandt's father in 1915, who wrote:675. HARMEN GERRITSZ VAN RIJN. Half-length, without hands; almost life size. He is inclined to the left, but his head and eyes are turned to the right. He wears a dark purple cloak, over which hangs a gold chain with a medallion. Round his neck is a small close-fitting steel gorget. In his right ear is a pearl."
https://upload.wikimedia.org/wikipedia/commons/8/88/Nicolas_Poussin_-_The_Empire_of_Flora_-_Google_Art_Project.jpg,the empire of flora,nicolas poussin,1631,french baroque / classicism,"The Empire Of Flora is a French Baroque / Classicism work by Nicolas Poussin, dated 1631.\n\nThe early years of Poussin in Rome were difficult. His patron Marino departed Rome for Naples in May 1624, shortly after Poussin arrived, and died there in 1625.\n\nBuoyed by this commercial success, Poussin bought a life interest in a small house on Via Paolina (Babuino) for his wife and himself in 1632 and entered his most productive period."
https://upload.wikimedia.org/wikipedia/commons/4/4d/Rembrandt_-_The_Anatomy_Lesson_of_Dr_Nicolaes_Tulp.jpg,the anatomy lesson of dr. nicolaes tulp,rembrandt van rijn,1632,baroque / dutch golden age,"The Anatomy Lesson of Dr. Deijman is a 1656 fragmentary painting by Rembrandt, now in Amsterdam Museum. It is a group portrait showing a brain dissection by Dr. Jan Deijman (1619–1666). Much of the canvas was destroyed in a fire in 1723 and the painting was subsequently recut to its present dimensions, though a preparatory sketch shows the full group."
https://upload.wikimedia.org/wikipedia/commons/c/c1/Rembrandt_-_The_Abduction_of_Europa_-_Google_Art_Project.jpg,the abduction of europa,rembrandt van rijn,1632,baroque / dutch golden age,"Rembrandt Harmenszoon van Rijn's The Abduction of Europa (1632) is one of his rare mythological subject paintings.  The work is oil on a single oak panel and now located in the J. Paul Getty Museum.  The inspiration for the painting is Ovid's Metamorphoses, part of which tells the tale of Zeus's seduction and capture of Europa.  The painting shows a coastal scene with Europa being carried away through the water by a bull while her friends remain on shore with expressions of horror.  Rembrandt combined his knowledge of classical literature with the interests of the patron in order to create this allegorical work."
https://upload.wikimedia.org/wikipedia/commons/d/d6/Rembrandt_-_The_Philosopher_in_Meditation.jpg,philosopher in meditation,rembrandt van rijn,1632,baroque / dutch golden age,"Philosopher in Meditation, recently renamed Philosopher in Contemplation by the museum, is the traditional title of an oil painting in the Musée du Louvre, Paris, that is attributed to the 17th-century Dutch artist Rembrandt.\n\nIt is signed ""RHL-van Rijn"" and dated 1632, at the time of Rembrandt's move from Leiden to Amsterdam. Recent scholarship suggests that the painting depicts ""Tobit and Anna waiting for their son Tobias"" instead."
https://upload.wikimedia.org/wikipedia/commons/4/41/Nicolas_Poussin_-_Bacchanale_devant_une_statue_de_Pan.jpg,a bacchanalian revel before a term,nicolas poussin,1632-1633,french baroque / classicism,"A Bacchanalian Revel Before a Term is an oil painting by Nicolas Poussin, dated to 1632–1633. It is now in the National Gallery, in London."
https://upload.wikimedia.org/wikipedia/commons/f/f3/Rembrandt_Christ_in_the_Storm_on_the_Lake_of_Galilee.jpg,the storm on the sea of galilee,rembrandt van rijn,1633,baroque / dutch golden age,"Christ in the Storm on the Sea of Galilee is a 1633 oil-on-canvas painting by the Dutch Golden Age painter Rembrandt van Rijn. It is classified as a history painting and ranks among the largest and earliest of Rembrandt's works. Purchased by art historian Bernard Berenson for Isabella Stewart Gardner in 1898, it was displayed at the Isabella Stewart Gardner Museum in Boston until its theft in 1990; its whereabouts remain unknown. The painting vividly portrays the biblical miracle in which Jesus calmed the storm on the Sea of Galilee, as recounted in the fourth chapter of the Gospel of Mark. Notably, it is Rembrandt's only known seascape, distinguishing it within his oeuvre."
https://upload.wikimedia.org/wikipedia/commons/d/d0/Poussin%2C_Nicolas_-_The_Adoration_of_the_Magi_-_Google_Art_Project.jpg,the adoration of the magi,nicolas poussin,1633,french baroque / classicism,"The Adoration of the Shepherds is the traditional name for a New Testament episode in the story of Jesus's nativity, which is the subject of many works of art. In it shepherds are near witnesses to Jesus's birth in Bethlehem, arriving soon after he is actually born. The episode is recounted, or at least implied, in the Gospel of Luke and follows on from the annunciation to the shepherds, in which the shepherds are summoned by an angel to the scene of the birth. Like the episode preceding it, the adoration is a common subject in art, where it is often combined with the Adoration of the Magi. In such cases it is typically just referred to by the latter title."
https://upload.wikimedia.org/wikipedia/commons/a/a8/Nicolas_Poussin_-_L%27Enl%C3%A8vement_des_Sabines_%281634-5%29.jpg,the abduction of the sabine women,nicolas poussin,1633-1634,french baroque / classicism,"The kidnapping of the Sabine women ; traditionally known as the Rape of the Sabine women and also known as the abduction of the Sabine women, was an incident in the early history of Rome in which the men of Rome committed bride kidnappings or mass abduction for the purpose of marriage, of women from other cities in the region. It has been a frequent subject of painters and sculptors, particularly since the Renaissance."
https://upload.wikimedia.org/wikipedia/commons/1/16/Nicolas_Poussin_-_The_Adoration_of_the_Golden_Calf_-_WGA18293.jpg,the adoration of the golden calf,nicolas poussin,1633-1634,french baroque / classicism,"The Adoration of the Golden Calf is a painting by Nicolas Poussin, produced between 1633 and 1634. It is held in the National Gallery, in London."
https://upload.wikimedia.org/wikipedia/commons/c/cf/L%27Adoration_des_bergers%2C_1633%2C_Londres%2C_National_Gallery.jpg,adoration of the shepherds,nicolas poussin,1633-1634,french baroque / classicism,"The Adoration of the Golden Calf is a painting by Nicolas Poussin, produced between 1633 and 1634. It is held in the National Gallery, in London."
https://upload.wikimedia.org/wikipedia/commons/5/51/Poussin-CrossingOfTheRedSea.jpg,the crossing of the red sea,nicolas poussin,1633-1634,french baroque / classicism,"The Crossing of the Red Sea is an oil on canvas painting by Nicolas Poussin, produced between 1633 and 1634. It depicts the crossing of the Red Sea by the Israelites, from chapter 14 of the book of Exodus. It is held at the National Gallery of Victoria, in Melbourne."
https://upload.wikimedia.org/wikipedia/commons/b/b0/Judith_at_the_Banquet_of_Holofernes_%28previously_known_as_Artemisia%29%2C_by_Rembrandt%2C_from_Prado_in_Google_Earth.jpg,judith at the banquet of holofernes,rembrandt van rijn,1634,baroque / dutch golden age,"Judith At The Banquet Of Holofernes is a Baroque / Dutch Golden Age work by Rembrandt Van Rijn, dated 1634.\n\nDuring his early years in Amsterdam, Rembrandt began to paint dramatic biblical and mythological scenes in high contrast and of large format (The Blinding of Samson, 1636, Belshazzar's Feast, c. 1635 Danaë, 1636 but reworked later), seeking to emulate the baroque style of Rubens.\n\nIn 1635, Rembrandt and Saskia rented a fashionable lodging with a view of the river Amstel. In 1637, Rembrandt moved upriver to Vlooienburg, in a building on the previous site of the current Stopera."
https://upload.wikimedia.org/wikipedia/commons/6/67/Descent_from_the_Cross_%28Rembrant%29.jpg,the descent from the cross,rembrandt van rijn,1634,baroque / dutch golden age,"The Descent From The Cross is a Baroque / Dutch Golden Age work by Rembrandt Van Rijn, dated 1634.\n\nRembrandt's earliest signatures (c. 1625) consisted of an initial ""R"", or the monogram ""RH"" (for Rembrant Harmenszoon), and starting in 1629, ""RHL"" (the ""L"" stood, presumably, for Leiden).\n\nDuring his early years in Amsterdam, Rembrandt began to paint dramatic biblical and mythological scenes in high contrast and of large format (The Blinding of Samson, 1636, Belshazzar's Feast, c. 1635 Danaë, 1636 but reworked later), seeking to emulate the baroque style of Rubens."
https://upload.wikimedia.org/wikipedia/commons/8/8e/Velazquez-The_Surrender_of_Breda.jpg,the surrender of breda,diego velazquez,1634-1635,baroque,"La rendición de Breda is a painting by the Spanish Golden Age painter Diego Velázquez. He painted it during the years 1634 and 1635, inspired by his visit to Italy with Ambrogio Spinola, the Genoese-born Spanish general who conquered Breda on June 5, 1625. The painting depicts the exchange of the key of Breda from the Dutch to the Spanish."
https://upload.wikimedia.org/wikipedia/commons/e/e3/Diane_et_Endymion_1630_Detroit_Institute_of_Art.jpg,diana and endymion,nicolas poussin,1630-1639,french baroque / classicism,"Diana And Endymion is a French Baroque / Classicism work by Nicolas Poussin, dated 1630-1639.\n\nThe early years of Poussin in Rome were difficult. His patron Marino departed Rome for Naples in May 1624, shortly after Poussin arrived, and died there in 1625.\n\nBuoyed by this commercial success, Poussin bought a life interest in a small house on Via Paolina (Babuino) for his wife and himself in 1632 and entered his most productive period."
https://upload.wikimedia.org/wikipedia/commons/f/f2/Rembrandt_self-portrait_1635.jpeg,self-portrait wearing a white feathered bonnet,rembrandt van rijn,1635,baroque / dutch golden age,"Self-portrait wearing a white feathered bonnet is an oil painting attributed to the Dutch painter Rembrandt. It is signed and dated 1635. It was traditionally regarded as a Rembrandt self-portrait until 1968, when it was rejected on stylistic grounds in the Rembrandt catalogue raisonné by Horst Gerson. In 2013, art historian Ernst van de Wetering re-attributed the painting as an original Rembrandt. It is one of over 40 painted self-portraits by Rembrandt."
https://upload.wikimedia.org/wikipedia/commons/e/e3/Nicolas_Poussin_-_Helios_and_Phaeton_with_Saturn_and_the_Four_Seasons.jpg,helios and phaeton with saturn and the four seasons,nicolas poussin,1635,french baroque / classicism,"Helios And Phaeton With Saturn And The Four Seasons is a French Baroque / Classicism work by Nicolas Poussin, dated 1635.\n\nClassical Greek and Roman mythology, history and literature provided the subjects for many of his paintings, particularly during his early years in Rome. His first successful painting in Rome, The Death of Germanicus, was based upon a story in the Annals of Tacitus.\n\nAnother important French patron of Poussin in this period was Paul Fréart de Chantelou, who came to Rome in 1643 and stayed there for several months."
https://upload.wikimedia.org/wikipedia/commons/3/38/Nicolas_Poussin%2C_French_-_The_Birth_of_Venus_-_Google_Art_Project.jpg,the birth of venus,nicolas poussin,1635,french baroque / classicism,"The Birth Of Venus is a French Baroque / Classicism work by Nicolas Poussin, dated 1635.\n\nClassical Greek and Roman mythology, history and literature provided the subjects for many of his paintings, particularly during his early years in Rome. His first successful painting in Rome, The Death of Germanicus, was based upon a story in the Annals of Tacitus.\n\nIn contrast to the warm and atmospheric style of his early paintings, Poussin by the 1630s developed a cooler palette, a drier touch, and a more stage-like presentation of figures dispersed within a well defined space."
https://upload.wikimedia.org/wikipedia/commons/f/f1/The_dance_to_the_music_of_time_c._1640.jpg,a dance to the music of time,nicolas poussin,1634-1636,french baroque / classicism,"A Dance to the Music of Time is a 12-volume roman-fleuve by English writer Anthony Powell, published between 1951 and 1975 to critical acclaim. The story is an often comic examination of movements and manners, power and passivity in English political, cultural and military life in the mid-20th century. The books were inspired by the painting of the same name by French artist Nicolas Poussin."
https://upload.wikimedia.org/wikipedia/commons/7/77/Nicolas_Poussin_075.jpg,renaud et armide,nicolas poussin,1635,french baroque / classicism,"Renaud Et Armide is a French Baroque / Classicism work by Nicolas Poussin, dated 1635.\n\nPoussin became acquainted with other artists in Rome and tended to befriend those with classicizing artistic leanings: the French sculptor François Duquesnoy whom he lodged with in 1626 in via dei Maroniti; the French artist Jacques Stella; Claude Lorrain; Domenichino; Andrea Sacchi; and joined an informal ac\n\nBuoyed by this commercial success, Poussin bought a life interest in a small house on Via Paolina (Babuino) for his wife and himself in 1632 and entered his most productive period."
https://upload.wikimedia.org/wikipedia/commons/b/b0/Sir_Anthony_Van_Dyck_-_Charles_I_%281600-49%29_-_Google_Art_Project.jpg,charles i in three positions,anthony van dyck,1636,baroque,"Charles I in Three Positions, also known as the Triple Portrait of Charles I, is an oil painting of King Charles I of England painted in 1635–1636 by the Flemish artist Sir Anthony van Dyck, showing the King from three viewpoints: left full profile, face on, and right three-quarter profile. It is currently part of the Royal Collection."
https://cdn.topofart.com/images/artists/Harmenszoon_van_Rijn_Rembrandt/paintings-wm/rembrandt253.webp,the man with the golden helmet,rembrandt van rijn,1636,baroque / dutch golden age,"The Man with the Golden Helmet is an oil-on-canvas painting formerly attributed to the Dutch painter Rembrandt and today considered to be a work by someone in his circle. The Man with the Golden Helmet is an example of Dutch Golden Age painting and is now in the collection of the Gemäldegalerie, Berlin."
https://upload.wikimedia.org/wikipedia/commons/a/a9/Nicolas_Poussin_-_The_Triumph_of_Pan%2C_1636.jpg,the triumph of pan,nicolas poussin,1636,french baroque / classicism,"The Triumph Of Pan is a French Baroque / Classicism work by Nicolas Poussin, dated 1636.\n\nIn contrast to the warm and atmospheric style of his early paintings, Poussin by the 1630s developed a cooler palette, a drier touch, and a more stage-like presentation of figures dispersed within a well defined space.\n\nAs the work of Poussin became well known in Rome, he received invitations to return to Paris for important royal commissions, proposed by François Sublet de Noyers, the Superintendent of the Bâtiments du Roi for Louis XIII."
https://upload.wikimedia.org/wikipedia/commons/3/38/Nicolas_Poussin%2C_French_-_The_Birth_of_Venus_-_Google_Art_Project.jpg,triumph of neptune and amphitrite,nicolas poussin,1636,french baroque / classicism,"The Triumph of Neptune and Amphitrite by Nicolas Poussin, painted in 1635 or 1636, is a painting housed in Philadelphia in the Philadelphia Museum of Art. It is in oil on canvas and shows a group of figures in the sea near a beach, with putti flying over their heads."
https://upload.wikimedia.org/wikipedia/commons/0/0e/Rembrandt-Belsazar.jpg,belshazzar's feast,rembrandt van rijn,1635-1638,baroque / dutch golden age,"Belshazzar's Feast is a major painting by Rembrandt now in the National Gallery, London. The painting is Rembrandt's attempt to establish himself as a painter of large, baroque history paintings. The date of the painting is unknown, but most sources give a date between 1635 and 1638."
https://upload.wikimedia.org/wikipedia/commons/d/df/Nicolas_Poussin_-_Et_in_Arcadia_ego_%28deuxi%C3%A8me_version%29.jpg,et in arcadia ego,nicolas poussin,1638,baroque / french baroque / classicism,"Et in Arcadia ego is a 1637–38 painting by Classical painter Nicolas Poussin. It depicts a pastoral scene with idealized shepherds from classical antiquity, and a woman, possibly a shepherdess, gathered around an austere tomb that includes the Latin inscription ""Et in Arcadia ego"", which is translated to ""Even in Arcadia, there am I""; ""Also in Arcadia am I""; or ""I too was in Arcadia"". Poussin also painted another version of the subject in 1627 under the same title."
https://upload.wikimedia.org/wikipedia/commons/a/a2/Th%C3%A9s%C3%A9e_retrouve_l%27%C3%A9p%C3%A9e_de_son_p%C3%A8re_-_Poussin_-_c1638.jpg,theseus rediscovering his father's sword,nicolas poussin,1638,french baroque / classicism,"Theseus Rediscovering His Father's Sword is a c.1638 painting by Nicolas Poussin and Jean Lemaire, acquired in London by Henri d'Orléans, Duke of Aumale in 1860, moved to his château de Chantilly in 1871 and now in the Musée Condé at Chantilly. The Uffizi and the Wildenstein collection hold autograph copies of the work, but X-ray examination has shown much retouching of the Chantilly version and so it is accepted as the original of the composition."
https://upload.wikimedia.org/wikipedia/commons/d/df/L%27Enl%C3%A8vement_des_Sabines_%E2%80%93_Nicolas_Poussin_%E2%80%93_Mus%C3%A9e_du_Louvre%2C_INV_7290_%E2%80%93_Q3110586.jpg,the rape of the sabine women,nicolas poussin,1638,french baroque / classicism,"The kidnapping of the Sabine women ; traditionally known as the Rape of the Sabine women and also known as the abduction of the Sabine women, was an incident in the early history of Rome in which the men of Rome committed bride kidnappings or mass abduction for the purpose of marriage, of women from other cities in the region. It has been a frequent subject of painters and sculptors, particularly since the Renaissance."
https://upload.wikimedia.org/wikipedia/commons/d/d9/Rembrandt_van_Rijn_-_Christ_and_St_Mary_Magdalen_at_the_Tomb_-_Google_Art_Project.jpg,christ and st mary magdalen at the tomb,rembrandt van rijn,1638,baroque / dutch golden age,Christ and St Mary Magdalen at the Tomb is an oil on panel painting by the Dutch golden age artist Rembrandt Van Rijn. The painting depicts a scene from the Gospel of St John (20:11-18) in which Mary Magdalene arrives at the tomb of Christ the day after the tomb was sealed.
https://upload.wikimedia.org/wikipedia/commons/d/d2/Landscape_with_the_Good_Samaritan_-_Rembrandt.jpg,landscape with the good samaritan,rembrandt van rijn,1638,baroque / dutch golden age,"Landscape With The Good Samaritan is a Baroque / Dutch Golden Age work by Rembrandt Van Rijn, dated 1638.\n\nIn 1635, Rembrandt and Saskia rented a fashionable lodging with a view of the river Amstel. In 1637, Rembrandt moved upriver to Vlooienburg, in a building on the previous site of the current Stopera.\n\nBy the late 1630s, Rembrandt had produced a few paintings and many etchings of landscapes. Often these landscapes highlighted natural drama, featuring uprooted trees and ominous skies (Cottages before a Stormy Sky, c. 1641; The Three Trees, 1643)."
https://upload.wikimedia.org/wikipedia/commons/3/39/La_Manne_-_Nicolas_Poussin_-_Mus%C3%A9e_du_Louvre_Peintures_INV_7275.jpg,the manna,nicolas poussin,1638-1639,french baroque / classicism,"The Manna is a French Baroque / Classicism work by Nicolas Poussin, dated 1638-1639.\n\nIn contrast to the warm and atmospheric style of his early paintings, Poussin by the 1630s developed a cooler palette, a drier touch, and a more stage-like presentation of figures dispersed within a well defined space.\n\nAnother important French patron of Poussin in this period was Paul Fréart de Chantelou, who came to Rome in 1643 and stayed there for several months."
https://upload.wikimedia.org/wikipedia/commons/1/12/L%27Extr%C3%AAme_onction_I%2C_vers_1640%2C_Grantham%2C_Belvoir_Castle.jpg,extreme unction,nicolas poussin,1638-1640,french baroque / classicism,"Extreme Unction (or Final Anointing) is one of a set of seven scenes representing the sacraments of the Catholic Church, painted between 1638 and 1640 by the French artist Nicolas Poussin (1594–1665).\n\nCommissioned in Rome by the renowned connoisseur Cassiano dal Pozzo, the scene depicts a dying man being anointed with oil in accordance with the rites of the early Roman church. Drawing on his extensive study of the art and artefacts of classical antiquity, Poussin reproduced the costumes, setting, composition, and frieze-like posture of the figures, thereby heightening the realism of the scene."
https://upload.wikimedia.org/wikipedia/commons/a/a9/Nicolas_Poussin_-_The_continence_of_Scipio_-_Google_Art_Project.jpg,the continence of scipio,nicolas poussin,1640,french baroque / classicism,"The Continence of Scipio is the name of the following paintings:\n\nThe Continence of Scipio (Bellini), a 1507–1508 oil-on-canvas painting by Giovanni Bellini\n\nThe Continence of Scipio (Gerbrand van den Eeckhout), a c. 1653 painting by Gerbrand van den Eeckhout\n\nThe Continence of Scipio (Pittoni), a c. 1732–1735 oil-on-canvas painting by Giambattista Pittoni\n\nThe Continence of Scipio (Poussin), a 1640 oil-on-canvas painting by Nicolas Poussin\n\nThe Continence of Scipio (Batoni), a 1771 oil-on-canvas painting by Pompeo Batoni"
https://upload.wikimedia.org/wikipedia/commons/5/50/Nicolas_Poussin_-_Landscape_with_Saint_John_on_Patmos_-_Google_Art_Project.jpg,landscape with saint john on patmos,nicolas poussin,1640,french baroque / classicism,"Landscape With Saint John On Patmos is a French Baroque / Classicism work by Nicolas Poussin, dated 1640.\n\nAs the work of Poussin became well known in Rome, he received invitations to return to Paris for important royal commissions, proposed by François Sublet de Noyers, the Superintendent of the Bâtiments du Roi for Louis XIII.\n\nAnother important French patron of Poussin in this period was Paul Fréart de Chantelou, who came to Rome in 1643 and stayed there for several months."
https://upload.wikimedia.org/wikipedia/commons/3/3a/La_ronda_de_noche%2C_por_Rembrandt_van_Rijn.jpg,the night watch,rembrandt van rijn,1642,baroque / dutch golden age,"Militia Company of District II under the Command of Captain Frans Banninck Cocq, also known as The Shooting Company of Frans Banning Cocq and Willem van Ruytenburch, but commonly referred to as The Night Watch (Dutch: De Nachtwacht), is a 1642 painting by Rembrandt van Rijn. It is in the collection of the Amsterdam Museum but is prominently displayed in the Rijksmuseum as the best-known painting in its collection. The Night Watch is one of the most famous Dutch Golden Age paintings. Rembrandt's large painting of 363 by 437 centimetres (12 by 14+1⁄2 feet) is famed for transforming a group portrait of a civic militia guards (Dutch: schutterij or kloveniers) company into a compelling drama energised by light and shadow (tenebrism)."
https://upload.wikimedia.org/wikipedia/commons/2/2f/DeMolenRembrandt.jpg,the mill,rembrandt van rijn,1645-1648,baroque / dutch golden age,"The Mill is a Baroque / Dutch Golden Age work by Rembrandt Van Rijn, dated 1645-1648.\n\nBy the late 1630s, Rembrandt had produced a few paintings and many etchings of landscapes. Often these landscapes highlighted natural drama, featuring uprooted trees and ominous skies (Cottages before a Stormy Sky, c. 1641; The Three Trees, 1643).\n\nOne of the great patrons at the early stages of his career was Amsterdam statesman Andries de Graeff. Although they were by now affluent, the couple suffered several personal setbacks; three children died within weeks of their births."
https://upload.wikimedia.org/wikipedia/commons/9/98/Seven_Sacraments_-_Ordination_II_%281647%29_Nicolas_Poussin.jpg,the seven sacraments - ordination,nicolas poussin,1647,french baroque / classicism,"The Seven Sacraments - Ordination is a French Baroque / Classicism work by Nicolas Poussin, dated 1647.\n\nAnother important French patron of Poussin in this period was Paul Fréart de Chantelou, who came to Rome in 1643 and stayed there for several months.\n\nReligion was the most common subject of his paintings, as the church was the most important art patron in Rome and because there was a growing demand by wealthy patrons for devotional paintings at home."
https://upload.wikimedia.org/wikipedia/commons/4/47/Poussin_-_Landscape%2C_Prado_P02310.jpg,landscape with three figures,nicolas poussin,1645-1650,french baroque / classicism,"Landscape With Three Figures is a French Baroque / Classicism work by Nicolas Poussin, dated 1645-1650.\n\nAnother important French patron of Poussin in this period was Paul Fréart de Chantelou, who came to Rome in 1643 and stayed there for several months.\n\nIn 1647, André Félibien, the secretary of the French Embassy in Rome, became a friend and painting student of Poussin, and published the first book devoted entirely to his work."
https://upload.wikimedia.org/wikipedia/commons/b/b8/Rembrandt_The_Hundred_Guilder_Print.jpg,hundred guilder print,rembrandt van rijn,1647-1649,baroque / dutch golden age,"Hundred Guilder Print is a Baroque / Dutch Golden Age work by Rembrandt Van Rijn, dated 1647-1649.\n\nRembrandt produced etchings for most of his career, from 1626 to 1660, when he was forced to sell his printing-press and practically abandoned etching. Only the troubled year of 1649 produced no dated work.\n\nOne of the great patrons at the early stages of his career was Amsterdam statesman Andries de Graeff. Although they were by now affluent, the couple suffered several personal setbacks; three children died within weeks of their births."
https://upload.wikimedia.org/wikipedia/commons/8/8c/Landscape-with-a-man-killed-by-a-snake-Poussin.jpg,landscape with a man killed by a snake,nicolas poussin,1648,french baroque / classicism,"Landscape With A Man Killed By A Snake is a French Baroque / Classicism work by Nicolas Poussin, dated 1648.\n\nAnother important French patron of Poussin in this period was Paul Fréart de Chantelou, who came to Rome in 1643 and stayed there for several months.\n\nBetween 1650 and 1655, Poussin also painted a series of paintings now often called ""townscapes"", where classical architecture replaces trees and mountains in the background."
https://upload.wikimedia.org/wikipedia/commons/b/bd/Burial_of_Phocion.jpg,the funeral of phocion,nicolas poussin,1648,french baroque / classicism,"The Funeral of Phocion is a 1648 landscape painting, also known as The Burial of Phocion, Landscape with the Funeral of Phocion and Landscape with the Body of Phocion Carried out of Athens, by the French artist Nicolas Poussin. Phocion was an Athenian statesman from the 4th century BC.\n\nThree versions of the painting are known.  These are now housed in The Louvre, Paris; National Museum Cardiff and the collections of the Glass House in New Canaan, Connecticut, United States.\n\nIn the same year Poussin painted a companion piece to The Funeral of Phocion, Landscape with the Ashes of Phocion.\n\nAccording to environmental historian J."
https://upload.wikimedia.org/wikipedia/commons/8/81/The_ashes_of_phocion_collected_by_his_widow_1648.jpg,landscape with the ashes of phocion,nicolas poussin,1648,french baroque / classicism,"Landscape with the Ashes of Phocion is a 1648 painting, also known as Landscape with the Ashes of Phocion (Collected by His Widow) and The Ashes of Phocion Collected by his Widow, by French artist Nicolas Poussin. Phocion was an Athenian statesman from the 4th century BC."
https://upload.wikimedia.org/wikipedia/commons/8/8c/Eli%C3%A9zer_et_R%C3%A9becca_-_Nicolas_Poussin_-_Mus%C3%A9e_du_Louvre_Peintures_INV_7270_%3B_MR_2315.jpg,eliezer and rebecca,nicolas poussin,1648-1649,french baroque / classicism,"Eliezer and Rebecca or Eliezer Giving Abraham's Presents to Rebecca is an oil-on-canvas paintings by Nicolas Poussin, dating to c.1647–1649, commissioned by silk merchant and banker Jean Pointel and is now in the Louvre. Another similar version is at the Fitzwilliam Museum, whilst another is in a private collection and shows Rebecca quenching Eliezer's thirst rather than Eliezer giving the gifts."
https://upload.wikimedia.org/wikipedia/commons/8/80/Diego_Vel%C3%A1zquez_-_Rokeby_Venus.jpg,rokeby venus,diego velazquez,1647-1651,baroque,"The Rokeby Venus is a painting by Diego Velázquez, the leading artist of the Spanish Golden Age. Completed between 1647 and 1651, and probably painted during the artist's visit to Italy, the work depicts the goddess Venus in a sensual pose, lying on a bed with her back facing the viewer, and looking into a mirror held by the Roman god of physical love, her son Cupid. The painting is in the National Gallery, London."
https://upload.wikimedia.org/wikipedia/commons/5/52/Nicolas_Poussin_-_Landscape_with_Polyphemus_-_WGA18316.jpg,landscape with polyphemus,nicolas poussin,1649,french baroque / classicism,"Landscape with Polyphemus is a 1649 oil painting by French artist Nicolas Poussin. It is held in the Hermitage Museum, in Saint Petersburg."
https://upload.wikimedia.org/wikipedia/commons/e/ec/Sainte_Famille_-_Poussin_-_National_Gallery_of_Ireland.jpg,holy family,nicolas poussin,1649,french baroque / classicism,"Holy Family is a French Baroque / Classicism work by Nicolas Poussin, dated 1649.\n\nAnother important French patron of Poussin in this period was Paul Fréart de Chantelou, who came to Rome in 1643 and stayed there for several months.\n\nReligion was the most common subject of his paintings, as the church was the most important art patron in Rome and because there was a growing demand by wealthy patrons for devotional paintings at home."
https://upload.wikimedia.org/wikipedia/commons/5/56/Le_Jugement_de_Salomon_-_1649_-_Nicolas_Poussin_-_Louvre_-_INV_7277_%3B_MR_2316_%282%29.jpg,the judgement of solomon,nicolas poussin,1649,french baroque / classicism,"The Judgement of Solomon is an oil on canvas painting of the judgement of Solomon by the French artist Poussin, from 1649. Produced during his 1647-1649 stay in Rome, it is now in the Louvre, in Paris. It measures 101 by 150 cm. Art historians largely consider it as one of the artist masterpieces, in the art of the 17th century French School and French art as a whole. Several engravings were produced of the work."
https://upload.wikimedia.org/wikipedia/commons/5/52/Nicolas_Poussin_-_Landscape_with_Polyphemus_-_WGA18316.jpg,landscape with polyphemus,nicolas poussin,1649,french baroque / classicism,"Landscape with Polyphemus is a 1649 oil painting by French artist Nicolas Poussin. It is held in the Hermitage Museum, in Saint Petersburg."
https://upload.wikimedia.org/wikipedia/commons/9/9f/Nicolas_Poussin_079FXD.jpg,self-portrait,nicolas poussin,1649,french baroque / classicism,"Self-Portrait is the first self-portrait by Nicolas Poussin, painted in 1649 and dedicated to his patron Jean Pointel. It is signed ""Nicolaus Poussinus Andelyensis Academicus Romanus Primus Pictor Ordinarius Ludovici Iusti Regis Galliæ. Anno Domini 1649. Roma. Ætatis Suæ. 55"". In his hands is a book by an unknown author showing the title ""De lumine et colore"". It was bought for the Prussian state collection in 1821 as part of Edward Solly's collection and is now in the Gemäldegalerie, Berlin."
https://upload.wikimedia.org/wikipedia/commons/2/2f/Jan_Breughel_%28II%29_-_Paradise_-_WGA03607.jpg,paradise,jan brueghel the younger,1650,baroque,"Paradise is a Baroque work by Jan Brueghel The Younger, dated 1650.\n\nHe worked independently in Paris in the 1650s and produced paintings for the Austrian court in 1651. He is recorded again in Antwerp in 1657 where he remained for the remainder of his life. During a meeting of the Antwerp Guild of St Luke held on 8 October 1672, he got into a heated argument with Peter van Brekeveldt, another former dean of the guild, who injured him in an eye. As this injury affected his ability to paint, he sued van Brekeveldt for indemnification. He died on 1 September 1678 at his home address on the Pruymenstraat in Antwerp."
https://upload.wikimedia.org/wikipedia/commons/7/7f/Retrato_del_Papa_Inocencio_X._Roma%2C_by_Diego_Vel%C3%A1zquez.jpg,portrait of innocent x,diego velazquez,1650,baroque,"Portrait of Innocent X is a c. 1650 oil on canvas painting by Spanish artist Diego Velázquez, depicting Pope Innocent X, head of the Catholic Church from 1644 to 1655. Many artists and art critics consider it the finest portrait ever created. It is housed in the Galleria Doria Pamphilj in Rome. A smaller version is held by the Metropolitan Museum of Art in New York City, and a study is on display at Apsley House in London."
https://upload.wikimedia.org/wikipedia/commons/0/06/Retrato_de_Juan_Pareja%2C_by_Diego_Vel%C3%A1zquez.jpg,portrait of juan de pareja,diego velazquez,1650,baroque,"The Portrait of Juan de Pareja is a painting by Spanish artist Diego Velázquez of the enslaved Juan de Pareja, a notable painter in his own right, who was owned by Velázquez at the time the painting was completed. Velázquez painted the portrait in Rome, while traveling in Italy, in 1650. It is the earliest known portrait of a Spanish man of moorish descent."
https://upload.wikimedia.org/wikipedia/commons/d/d9/Nicolas_Poussin_078.jpg,self-portrait,nicolas poussin,1650,baroque / french baroque,"Self-Portrait is the first self-portrait by Nicolas Poussin, painted in 1649 and dedicated to his patron Jean Pointel. It is signed ""Nicolaus Poussinus Andelyensis Academicus Romanus Primus Pictor Ordinarius Ludovici Iusti Regis Galliæ. Anno Domini 1649. Roma. Ætatis Suæ. 55"". In his hands is a book by an unknown author showing the title ""De lumine et colore"". It was bought for the Prussian state collection in 1821 as part of Edward Solly's collection and is now in the Gemäldegalerie, Berlin."
https://upload.wikimedia.org/wikipedia/commons/7/74/Nicolas_Poussin_%28French_-_Landscape_with_a_Calm_-_Google_Art_Project.jpg,landscape with a calm,nicolas poussin,1650-1651,french baroque / classicism,"Landscape With A Calm is a French Baroque / Classicism work by Nicolas Poussin, dated 1650-1651.\n\nAnother important French patron of Poussin in this period was Paul Fréart de Chantelou, who came to Rome in 1643 and stayed there for several months.\n\nPoussin is an important figure in the development of landscape painting. In his early paintings the landscape usually forms a graceful background for a group of figures, but later the landscape played a larger and larger role and dominated the figures, illustrating stories, usually tragic, taken from the Bibl"
https://upload.wikimedia.org/wikipedia/commons/7/76/Nicolas_Poussin_-_Stormy_Landscape_with_Pyramus_and_Thisbe_-_WGA18334.jpg,landscape with pyramus and thisbe,nicolas poussin,1651,french baroque / classicism,"Landscape With Pyramus And Thisbe is a French Baroque / Classicism work by Nicolas Poussin, dated 1651.\n\nAnother important French patron of Poussin in this period was Paul Fréart de Chantelou, who came to Rome in 1643 and stayed there for several months.\n\nPoussin is an important figure in the development of landscape painting. In his early paintings the landscape usually forms a graceful background for a group of figures, but later the landscape played a larger and larger role and dominated the figures, illustrating stories, usually tragic, taken from the Bibl"
https://upload.wikimedia.org/wikipedia/commons/b/b1/Orph%C3%A9e_et_Eurydice_-_Nicolas_Poussin_-_Mus%C3%A9e_du_Louvre_Peintures_INV_7307_-_photo_2.jpg,landscape with orpheus and eurydice,nicolas poussin,1650-1653,french baroque / classicism,"Landscape with Orpheus and Eurydice is a 124 × 200 cm oil-on-canvas painting by the French artist Nicolas Poussin, painted between 1650 and 1653. It depicts a mythological subject in the classical style and is in the collection of the Louvre in Paris."
https://upload.wikimedia.org/wikipedia/commons/b/b0/Rembrandt_-_Aristotle_with_a_Bust_of_Homer_-_WGA19232.jpg,aristotle with a bust of homer,rembrandt van rijn,1653,baroque / dutch golden age,"Aristotle With A Bust Of Homer is a Baroque / Dutch Golden Age work by Rembrandt Van Rijn, dated 1653.\n\nIn later years, biblical subjects were often depicted but emphasis shifted from dramatic group scenes to intimate portrait-like figures (James the Apostle, 1661).\n\nIn early 1649, Rembrandt began a relationship with the 23-year-old Hendrickje Stoffels, who had initially been his maid. She may have been the cause of Geertje's leaving. In that year he made no (dated) paintings or etchings at all. In 1654 Rembrandt painted a nude Bathsheba at Her Bath."
https://upload.wikimedia.org/wikipedia/commons/2/2c/Rembrandt_Harmensz._van_Rijn_016.jpg,bathsheba at her bath,rembrandt van rijn,1654,baroque / dutch golden age,"Bathsheba At Her Bath is a Baroque / Dutch Golden Age work by Rembrandt Van Rijn, dated 1654.\n\nIn later years, biblical subjects were often depicted but emphasis shifted from dramatic group scenes to intimate portrait-like figures (James the Apostle, 1661).\n\nIn early 1649, Rembrandt began a relationship with the 23-year-old Hendrickje Stoffels, who had initially been his maid. She may have been the cause of Geertje's leaving. In that year he made no (dated) paintings or etchings at all. In 1654 Rembrandt painted a nude Bathsheba at Her Bath."
https://upload.wikimedia.org/wikipedia/commons/3/31/Las_Meninas%2C_by_Diego_Vel%C3%A1zquez%2C_from_Prado_in_Google_Earth.jpg,las meninas,diego velazquez,1656,baroque,"Las Meninas is a 1656 oil painting in the Museo del Prado in Madrid, by Diego Velázquez, the leading artist in the court of King Philip IV of Spain and Portugal, and of the Spanish Golden Age. It has become one of the most widely analysed works in Western painting for the way its complex and enigmatic composition raises questions about reality and illusion, and for the uncertain relationship it creates between the viewer and the figures depicted."
https://upload.wikimedia.org/wikipedia/commons/5/55/L%27Annonciation%2C_vers_1655%2C_Londres%2C_National_Gallery.jpg,the annunciation,nicolas poussin,1655-1657,french baroque / classicism,"The Annunciation is a French Baroque / Classicism work by Nicolas Poussin, dated 1655-1657.\n\nAnother important French patron of Poussin in this period was Paul Fréart de Chantelou, who came to Rome in 1643 and stayed there for several months.\n\nIn 1647, André Félibien, the secretary of the French Embassy in Rome, became a friend and painting student of Poussin, and published the first book devoted entirely to his work."
https://upload.wikimedia.org/wikipedia/commons/a/a6/Pallas_Athena_or%2C_Armoured_Figure_by_Rembrandt_Harmensz._van_Rijn.jpg,pallas athena,rembrandt van rijn,1657,baroque / dutch golden age,Pallas Athena is a c. 1657 oil-on-canvas painting by Rembrandt.
https://upload.wikimedia.org/wikipedia/commons/a/a3/Velazquez-las_hilanderas.jpg,las hilanderas,diego velazquez,1657,baroque,"Las Hilanderas is a painting by the Spanish painter Diego Velázquez, in the Museo del Prado of Madrid, Spain. It is also known by the title The Fable of Arachne. Most scholars regard it as a late work by the artist, dating from 1657 to 1658, but some argue that it was done c. 1644-48. Velázquez scholar Jonathan Brown writes that Las Hilanderas and Las Meninas are arguably Velázquez's ""two greatest paintings.... [T]hey are the largest, most complicated compositions executed between 1640 and 1660, a period during which Velázquez painted mostly portraits of single figures""."
https://upload.wikimedia.org/wikipedia/commons/7/73/Nicolas_Poussin_-_La_Naissance_de_Bacchus.jpg,the birth of bacchus,nicolas poussin,1657,french baroque / classicism,"The Birth Of Bacchus is a French Baroque / Classicism work by Nicolas Poussin, dated 1657.\n\nIn 1647, André Félibien, the secretary of the French Embassy in Rome, became a friend and painting student of Poussin, and published the first book devoted entirely to his work.\n\nHis wife Anne-Marie died in 1664, and thereafter his own health sank rapidly. On 21 September he dictated his will, and he died in Rome on 19 November 1665 and was buried in the church of San Lorenzo in Lucina."
https://upload.wikimedia.org/wikipedia/commons/2/2c/Poussin-Fuite_en_Egypte-MBA-Lyon.jpg,the flight into egypt,nicolas poussin,1657-1658,french baroque / classicism,"The Flight into Egypt is an oil-on-canvas painting by the French artist Nicolas Poussin painted in 1657 or 1658. It was originally kept in the Musée du Louvre, then was transferred to the Musée des Beaux-Arts de Lyon."
https://upload.wikimedia.org/wikipedia/commons/c/c8/Rembrandt_-_Zelfportret_-_Google_Art_Project.jpg,self portrait,rembrandt van rijn,1658,baroque / dutch golden age,"Self Portrait is a Baroque / Dutch Golden Age work by Rembrandt Van Rijn, dated 1658.\n\nIn later years, biblical subjects were often depicted but emphasis shifted from dramatic group scenes to intimate portrait-like figures (James the Apostle, 1661).\n\nIn November 1657 another auction was held to sell his paintings, as well as a substantial number of etching plates and drawings, some of the latter by famous artists, including Raphael, Mantegna and Giorgione. Remarkably, Rembrandt was permitted to retain his tools as a means of generating income."
https://upload.wikimedia.org/wikipedia/commons/4/40/Poussin%2C_Nicolas_-_Paysage_avec_Orion_aveugle_cherchant_le_soleil_-_1658.jpg,blind orion searching for the rising sun,nicolas poussin,1658,french baroque / classicism,"Blind Orion Searching For The Rising Sun is a French Baroque / Classicism work by Nicolas Poussin, dated 1658.\n\nIn 1647, André Félibien, the secretary of the French Embassy in Rome, became a friend and painting student of Poussin, and published the first book devoted entirely to his work.\n\nHis wife Anne-Marie died in 1664, and thereafter his own health sank rapidly. On 21 September he dictated his will, and he died in Rome on 19 November 1665 and was buried in the church of San Lorenzo in Lucina."
https://upload.wikimedia.org/wikipedia/commons/8/88/Rembrandt_Harmensz_van_Rijn_-_Portret_van_een_man_met_de_handen_in_de_zij_1658.jpg,portrait of a man with arms akimbo,rembrandt van rijn,1658,baroque / dutch golden age,"Portrait Of A Man With Arms Akimbo is a Baroque / Dutch Golden Age work by Rembrandt Van Rijn, dated 1658.\n\nIn later years, biblical subjects were often depicted but emphasis shifted from dramatic group scenes to intimate portrait-like figures (James the Apostle, 1661).\n\nIn November 1657 another auction was held to sell his paintings, as well as a substantial number of etching plates and drawings, some of the latter by famous artists, including Raphael, Mantegna and Giorgione. Remarkably, Rembrandt was permitted to retain his tools as a means of generating income."
https://cdn.topofart.com/images/artists/Johannes_van_Delft_Vermeer/paintings-wm/vermeer001.webp,the milkmaid (the kitchen maid),johannes vermeer,1658-1660,baroque / dutch golden age,"The Milkmaid, sometimes called The Kitchen Maid, is an oil-on-canvas painting of a ""milkmaid"", in fact, a domestic kitchen maid, by the Dutch artist Johannes Vermeer. It is in the Rijksmuseum in Amsterdam, the Netherlands, which regards it as ""unquestionably one of the museum's finest attractions""."
https://upload.wikimedia.org/wikipedia/commons/b/bd/Rembrandt_van_Rijn_-_Self-Portrait_-_Google_Art_Project.jpg,self-portrait with beret and turned-up collar,rembrandt van rijn,1659,baroque / dutch golden age,"Self-Portrait With Beret And Turned-Up Collar is a Baroque / Dutch Golden Age work by Rembrandt Van Rijn, dated 1659.\n\nIn later years, biblical subjects were often depicted but emphasis shifted from dramatic group scenes to intimate portrait-like figures (James the Apostle, 1661).\n\nRembrandt, despite his artistic success, found himself in financial turmoil. His penchant for acquiring art, prints, and rare items led him to live beyond his means. In January 1653 the sale of the property formally was finalised but Rembrandt still had to cover half of the remaining mortgage."
https://upload.wikimedia.org/wikipedia/commons/d/df/Nicolas_Poussin_-_Paysage_avec_deux_nymphes_et_un_serpent_-_Google_Art_Project.jpg,landscape with two nymphs,nicolas poussin,1659,french baroque / classicism,"Landscape with Two Nymphs is a c.1659 oil-on-canvas painting by the French artist Nicolas Poussin. The painting is in the collection of Musée Condé of the Château de Chantilly in Chantilly, France."
https://upload.wikimedia.org/wikipedia/commons/a/aa/Paysage_avec_Hercule_et_Cacus_-_Poussin_-_Mus%C3%A9e_Pouchkine_Moscou.jpg,landscape with hercules and cacus,nicolas poussin,1660,french baroque / classicism,"Landscape with Hercules and Cacus is an oil on canvas painting by French painter Nicolas Poussin, created c. 1660. It is held in the Pushkin Museum, in Moscow. It depicts a scene from lines 190-275 of Book VIII of Virgil's Aeneid."
https://upload.wikimedia.org/wikipedia/commons/9/95/Rembrandt_-_De_Staalmeesters-_het_college_van_staalmeesters_%28waardijns%29_van_het_Amsterdamse_lakenbereidersgilde_-_Google_Art_Project.jpg,the sampling officials,rembrandt van rijn,1662,baroque / dutch golden age,"The Sampling Officials is a Baroque / Dutch Golden Age work by Rembrandt Van Rijn, dated 1662.\n\nIn later years, biblical subjects were often depicted but emphasis shifted from dramatic group scenes to intimate portrait-like figures (James the Apostle, 1661).\n\nIn March 1663, with Hendrickje's illness, Titus assumed a more prominent role. Isaac van Hertsbeeck, Rembrandt's primary creditor, went to the High Court and contested Titus's priority for payment, leading to legal battles that Titus ultimately won in 1665 when he came of age."
https://upload.wikimedia.org/wikipedia/commons/b/b0/Nicolas_Poussin_-_Le_Printemps.jpg,spring (the earthly paradise),nicolas poussin,1660-1664,french baroque / classicism,"Spring (The Earthly Paradise) is a French Baroque / Classicism work by Nicolas Poussin, dated 1660-1664.\n\nIn 1647, André Félibien, the secretary of the French Embassy in Rome, became a friend and painting student of Poussin, and published the first book devoted entirely to his work.\n\nHis wife Anne-Marie died in 1664, and thereafter his own health sank rapidly. On 21 September he dictated his will, and he died in Rome on 19 November 1665 and was buried in the church of San Lorenzo in Lucina."
https://upload.wikimedia.org/wikipedia/commons/a/a8/Nicolas_Poussin_-_L%27%C3%89t%C3%A9_ou_Ruth_et_Booz.jpg,summer (ruth and boaz),nicolas poussin,1660-1664,french baroque / classicism,"Summer (Ruth And Boaz) is a French Baroque / Classicism work by Nicolas Poussin, dated 1660-1664.\n\nIn 1647, André Félibien, the secretary of the French Embassy in Rome, became a friend and painting student of Poussin, and published the first book devoted entirely to his work.\n\nHis wife Anne-Marie died in 1664, and thereafter his own health sank rapidly. On 21 September he dictated his will, and he died in Rome on 19 November 1665 and was buried in the church of San Lorenzo in Lucina."
https://upload.wikimedia.org/wikipedia/commons/8/8d/Four-seasons-autumn.jpg,autumn (the spies with the grapes of the promised land),nicolas poussin,1660-1664,french baroque / classicism,"Autumn (The Spies With The Grapes Of The Promised Land) is a French Baroque / Classicism work by Nicolas Poussin, dated 1660-1664.\n\nIn 1647, André Félibien, the secretary of the French Embassy in Rome, became a friend and painting student of Poussin, and published the first book devoted entirely to his work.\n\nHis wife Anne-Marie died in 1664, and thereafter his own health sank rapidly. On 21 September he dictated his will, and he died in Rome on 19 November 1665 and was buried in the church of San Lorenzo in Lucina."
https://upload.wikimedia.org/wikipedia/commons/3/33/Nicolas_Poussin_-_L%27Hiver_ou_Le_D%C3%A9luge.jpg,"winter (the flood, le deluge)",nicolas poussin,1660-1664,french baroque / classicism,"Winter (The Flood, Le Deluge) is a French Baroque / Classicism work by Nicolas Poussin, dated 1660-1664.\n\nIn 1647, André Félibien, the secretary of the French Embassy in Rome, became a friend and painting student of Poussin, and published the first book devoted entirely to his work.\n\nHis wife Anne-Marie died in 1664, and thereafter his own health sank rapidly. On 21 September he dictated his will, and he died in Rome on 19 November 1665 and was buried in the church of San Lorenzo in Lucina."
https://upload.wikimedia.org/wikipedia/commons/0/0f/1665_Girl_with_a_Pearl_Earring.jpg,girl with a pearl earring,johannes vermeer,1665,baroque / dutch golden age,"Girl with a Pearl Earring is a 2003 drama film directed by Peter Webber from a screenplay by Olivia Hetreed, based on the 1999 novel by Tracy Chevalier. Scarlett Johansson stars as Griet, a young 17th-century servant in the household of the Dutch painter Johannes Vermeer (played by Colin Firth) at the time he painted Girl with a Pearl Earring (1665) in the city of Delft in Holland. Other cast members include Tom Wilkinson, Cillian Murphy, Essie Davis, and Judy Parfitt.\n\nHetreed read the novel before its publication, and her husband's production company convinced Chevalier to sell the film rights. Initially, the production was to feature Kate Hudson as Griet with Mike Newell directing."
https://upload.wikimedia.org/wikipedia/commons/9/93/Rembrandt_Harmensz_van_Rijn_-_Return_of_the_Prodigal_Son_-_Google_Art_Project.jpg,the return of the prodigal son,rembrandt van rijn,1661-1669,baroque / dutch golden age,"The Return Of The Prodigal Son is a Baroque / Dutch Golden Age work by Rembrandt Van Rijn, dated 1661-1669.\n\nIn later years, biblical subjects were often depicted but emphasis shifted from dramatic group scenes to intimate portrait-like figures (James the Apostle, 1661).\n\nIn March 1663, with Hendrickje's illness, Titus assumed a more prominent role. Isaac van Hertsbeeck, Rembrandt's primary creditor, went to the High Court and contested Titus's priority for payment, leading to legal battles that Titus ultimately won in 1665 when he came of age."
https://upload.wikimedia.org/wikipedia/commons/9/99/Rembrandt_Self-portrait_%28Kenwood%29.jpg,self-portrait with two circles,rembrandt van rijn,1665-1669,baroque / dutch golden age,"Self-Portrait With Two Circles is a Baroque / Dutch Golden Age work by Rembrandt Van Rijn, dated 1665-1669.\n\nIn later years, biblical subjects were often depicted but emphasis shifted from dramatic group scenes to intimate portrait-like figures (James the Apostle, 1661).\n\nIn March 1663, with Hendrickje's illness, Titus assumed a more prominent role. Isaac van Hertsbeeck, Rembrandt's primary creditor, went to the High Court and contested Titus's priority for payment, leading to legal battles that Titus ultimately won in 1665 when he came of age."
https://upload.wikimedia.org/wikipedia/commons/e/e4/Johannes_Vermeer_-_The_Astronomer_-_1668.jpg,the astronomer,johannes vermeer,1668,baroque / dutch golden age,"The Procuress (Dutch: De koppelaarster) is a 1656 oil-on-canvas painting by the then 24-year-old Johannes Vermeer. It can be seen in the Gemäldegalerie Alte Meister in Dresden. It is his first genre painting and shows a scene of contemporary life, an image of mercenary love perhaps in a brothel. It differs from his earlier biblical and mythological scenes. It is one of only three paintings Vermeer signed and dated (the other two are The Astronomer and The Geographer). In 1696 the painting, being sold at an auction in Amsterdam, was named ""A merry company in a room""."
https://upload.wikimedia.org/wikipedia/commons/e/e7/Rembrandt%2C_Self_Portrait_at_the_Age_of_63.jpg,self-portrait at the age of 63,rembrandt van rijn,1669,baroque / dutch golden age,"Self-Portrait At The Age Of 63 is a Baroque / Dutch Golden Age work by Rembrandt Van Rijn, dated 1669.\n\nIn later years, biblical subjects were often depicted but emphasis shifted from dramatic group scenes to intimate portrait-like figures (James the Apostle, 1661).\n\nIn March 1663, with Hendrickje's illness, Titus assumed a more prominent role. Isaac van Hertsbeeck, Rembrandt's primary creditor, went to the High Court and contested Titus's priority for payment, leading to legal battles that Titus ultimately won in 1665 when he came of age."
https://upload.wikimedia.org/wikipedia/commons/4/44/Woman_writing_a_letter%2C_with_her_maid%2C_by_Johannes_Vermeer.jpg,lady writing a letter with her maid,johannes vermeer,1670-1671,baroque / dutch golden age,"Lady Writing A Letter With Her Maid is a Baroque / Dutch Golden Age work by Johannes Vermeer, dated 1670-1671.\n\nThe influence of Johannes Vermeer on Metsu is unmistakable: the light from the left, the marble floor. (Adriaan Waiboer, however, suggests that Metsu requires more emotional involvement of the viewer.) Vermeer probably competed also with Nicolaes Maes, who produced genre works in a similar style.\n\nIt is unclear where and with whom Vermeer apprenticed as a painter. There is some speculation that Carel Fabritius may have been his teacher, based upon a controversial interpretation of a text written in 1668 by printer Arnold Bon. Art historians have found no hard evidence to support this."
https://upload.wikimedia.org/wikipedia/commons/c/c9/Jean-Baptiste_Monginot.jpg,portrait of jean-baptiste de montginot,hyacinthe rigaud,1688,baroque / french baroque,"Portrait Of Jean-Baptiste De Montginot is a Baroque / French Baroque work by Hyacinthe Rigaud, dated 1688.\n\nEven if they had only been registered from 1681 onwards, the date when he moved to Paris, his ""youthful"" portraits were probably pre-dated, like those of Antoine Domergue, the king's councillor and provincial governor of Lyon, in 1686, and ""Mr Sarazin de Lion"", of a famous dynasty of bankers of Swiss origins,\n\nGoing back to the artist's biography, Dezallier d'Argenville states that one of Rigaud's main reasons for his 1695 voyage was to paint his mother's portrait: ""He painted her from many angles, and had her marble bust made by the notable Coysevox, which was his cabinet's ornament for the rest of his life""."
https://upload.wikimedia.org/wikipedia/commons/e/ed/Ch%C3%A2teau_de_Bussy-Rabutin_-_Everhard_Jabach%2C_dit_l%27homme_aux_gants_gris%2C_dtail_%28bgw19_0342%29.jpg,portrait of everhard jabach,hyacinthe rigaud,1688,baroque / french baroque,"Portrait Of Everhard Jabach is a Baroque / French Baroque work by Hyacinthe Rigaud, dated 1688.\n\nHe was one of the most important portrait painters during the reign of King Louis XIV. His instinct for impressive poses and grand presentations precisely suited the tastes of the royal personages, ambassadors, clerics, courtiers, and financiers who sat for him.\n\nThe year 1695 also saw the production of two versions of Christ expiant sur la Croix, with a distinct Flemish influence, proof of Rigaud's rare incursion into the domain of historical depictions or the ""great genre""."
https://upload.wikimedia.org/wikipedia/commons/c/c7/Portrait_of_Fran%C3%A7ois_Marie_de_Broglie%2C_Duke_of_Broglie%2C_Marshal_of_France_%28member_of_the_circle_of_Hyacinthe_Rigaud%29.jpg,portrait of the duke of broglie,hyacinthe rigaud,1693,baroque / french baroque,"Portrait Of The Duke Of Broglie is a Baroque / French Baroque work by Hyacinthe Rigaud, dated 1693.\n\nGoing back to the artist's biography, Dezallier d'Argenville states that one of Rigaud's main reasons for his 1695 voyage was to paint his mother's portrait: ""He painted her from many angles, and had her marble bust made by the notable Coysevox, which was his cabinet's ornament for the rest of his life"".\n\nThe year 1695 also saw the production of two versions of Christ expiant sur la Croix, with a distinct Flemish influence, proof of Rigaud's rare incursion into the domain of historical depictions or the ""great genre""."
https://upload.wikimedia.org/wikipedia/commons/9/96/Christ_expiant_par_Hyacinthe_Rigaud.JPG,christ expiant sur la croix,hyacinthe rigaud,1695,baroque / french baroque,"Christ Expiant Sur La Croix is a Baroque / French Baroque work by Hyacinthe Rigaud, dated 1695.\n\nGoing back to the artist's biography, Dezallier d'Argenville states that one of Rigaud's main reasons for his 1695 voyage was to paint his mother's portrait: ""He painted her from many angles, and had her marble bust made by the notable Coysevox, which was his cabinet's ornament for the rest of his life"".\n\nThe year 1695 also saw the production of two versions of Christ expiant sur la Croix, with a distinct Flemish influence, proof of Rigaud's rare incursion into the domain of historical depictions or the ""great genre""."
https://upload.wikimedia.org/wikipedia/commons/d/da/Hyacinthe_Rigaud_-_Portrait_of_the_Artist%27s_Mother_-_WGA19490.jpg,portrait of the artist's mother,hyacinthe rigaud,1695,baroque / french baroque,"Portrait Of The Artist's Mother is a Baroque / French Baroque work by Hyacinthe Rigaud, dated 1695.\n\nGoing back to the artist's biography, Dezallier d'Argenville states that one of Rigaud's main reasons for his 1695 voyage was to paint his mother's portrait: ""He painted her from many angles, and had her marble bust made by the notable Coysevox, which was his cabinet's ornament for the rest of his life"".\n\nThe year 1695 also saw the production of two versions of Christ expiant sur la Croix, with a distinct Flemish influence, proof of Rigaud's rare incursion into the domain of historical depictions or the ""great genre""."
https://upload.wikimedia.org/wikipedia/commons/4/49/Hyacinthe_Rigaud_-_Jeune_n%C3%A8gre_avec_un_arc_%28ca.1697%29.jpg,jeune negre tenant un arc,hyacinthe rigaud,1697,baroque / french baroque,"Jeune Negre Tenant Un Arc is a Baroque / French Baroque work by Hyacinthe Rigaud, dated 1697.\n\nGoing back to the artist's biography, Dezallier d'Argenville states that one of Rigaud's main reasons for his 1695 voyage was to paint his mother's portrait: ""He painted her from many angles, and had her marble bust made by the notable Coysevox, which was his cabinet's ornament for the rest of his life"".\n\nRigaud is inseparable from his best-known work, a 1701 painting of Louis XIV in his coronation costume which today hangs in the Louvre in Paris, as well as the second copy also requested by Louis XIV that now hangs at the Palace of Versailles."
https://upload.wikimedia.org/wikipedia/commons/8/8d/Autoportrait_au_turban_%28Perpignan%29.jpg,self-portrait in a turban,hyacinthe rigaud,1698,baroque / french baroque,"Self-Portrait In A Turban is a Baroque / French Baroque work by Hyacinthe Rigaud, dated 1698.\n\nGoing back to the artist's biography, Dezallier d'Argenville states that one of Rigaud's main reasons for his 1695 voyage was to paint his mother's portrait: ""He painted her from many angles, and had her marble bust made by the notable Coysevox, which was his cabinet's ornament for the rest of his life"".\n\nRigaud is inseparable from his best-known work, a 1701 painting of Louis XIV in his coronation costume which today hangs in the Louvre in Paris, as well as the second copy also requested by Louis XIV that now hangs at the Palace of Versailles."
https://upload.wikimedia.org/wikipedia/commons/6/61/Hyacinthe_Rigaud_-_Louis_XIV%2C_roi_de_France_%281638-1715%29_-_Google_Art_Project.jpg,portrait of louis xiv,hyacinthe rigaud,1701,baroque / french baroque,"Portrait of Louis XIV in Coronation Robes was painted in 1701 by the French painter Hyacinthe Rigaud after being commissioned by the king who wanted to satisfy the desire of his grandson, Philip V of Spain, for a portrait of him. Louis XIV kept it hanging at Versailles. It has since become the most recognisable portrait of the king."
https://upload.wikimedia.org/wikipedia/commons/8/82/Portrait_Of_Philippe_De_Courcillon.jpg,"portrait of philippe de courcillon, marquis de dangeau",hyacinthe rigaud,1702,baroque / french baroque,"Portrait Of Philippe De Courcillon, Marquis De Dangeau is a Baroque / French Baroque work by Hyacinthe Rigaud, dated 1702.\n\nGoing back to the artist's biography, Dezallier d'Argenville states that one of Rigaud's main reasons for his 1695 voyage was to paint his mother's portrait: ""He painted her from many angles, and had her marble bust made by the notable Coysevox, which was his cabinet's ornament for the rest of his life"".\n\nRigaud is inseparable from his best-known work, a 1701 painting of Louis XIV in his coronation costume which today hangs in the Louvre in Paris, as well as the second copy also requested by Louis XIV that now hangs at the Palace of Versailles."
https://upload.wikimedia.org/wikipedia/commons/0/01/Hyacinthe_Rigaud_-_Louis_de_France%2C_duc_de_Bourgogne_%281682-1712%29_-_Google_Art_Project.jpg,"louis, duke of burgundy",hyacinthe rigaud,1704,baroque / french baroque,"Louis, Duke Of Burgundy is a Baroque / French Baroque work by Hyacinthe Rigaud, dated 1704.\n\nGoing back to the artist's biography, Dezallier d'Argenville states that one of Rigaud's main reasons for his 1695 voyage was to paint his mother's portrait: ""He painted her from many angles, and had her marble bust made by the notable Coysevox, which was his cabinet's ornament for the rest of his life"".\n\nRigaud is inseparable from his best-known work, a 1701 painting of Louis XIV in his coronation costume which today hangs in the Louvre in Paris, as well as the second copy also requested by Louis XIV that now hangs at the Palace of Versailles."
https://upload.wikimedia.org/wikipedia/commons/a/a3/La_Menasseuse_1709.jpg,la menasseuse,hyacinthe rigaud,1709,baroque / french baroque / rococo,"La Menasseuse is a Baroque / French Baroque / Rococo work by Hyacinthe Rigaud, dated 1709.\n\nRigaud is inseparable from his best-known work, a 1701 painting of Louis XIV in his coronation costume which today hangs in the Louvre in Paris, as well as the second copy also requested by Louis XIV that now hangs at the Palace of Versailles."
https://upload.wikimedia.org/wikipedia/commons/f/f7/Portrait_of_Elisabeth_Charlotte_of_the_Palatinate%2C_Duchess_of_Orl%C3%A9ans_%28Rigaud%2C_1713%29.jpg,portrait of elizabeth charlotte of the palatinate,hyacinthe rigaud,1713,baroque / french baroque,"Portrait Of Elizabeth Charlotte Of The Palatinate is a Baroque / French Baroque work by Hyacinthe Rigaud, dated 1713.\n\nRigaud is inseparable from his best-known work, a 1701 painting of Louis XIV in his coronation costume which today hangs in the Louvre in Paris, as well as the second copy also requested by Louis XIV that now hangs at the Palace of Versailles."
https://upload.wikimedia.org/wikipedia/commons/7/7f/Antoine_Watteau_-_L%27imbarco_per_Citera.jpg,fete galante,jean-antoine watteau,1717,rococo,"Fête galante (French pronunciation: [fɛt ɡalɑ̃t], lit. 'courtship party') is a category of painting specially created by the French Academy in 1717 to describe Antoine Watteau's (1684–1721) variations on the theme of the fête champêtre, which featured figures in ball dress or masquerade costumes disporting themselves amorously in parkland settings. When Watteau applied to join the French academy in 1717, there was no suitable category for his works, so the academy simply created one rather than reject his application. His reception piece was the Embarkation for Cythera, now in the Louvre.\n\nWatteau wanted recognition from the government-appointed Academy of Painting and Sculpture."
https://upload.wikimedia.org/wikipedia/commons/0/0e/Antoine_Watteau_-_The_Feast_of_Love_-_Google_Art_Project.jpg,the feast (or festival) or love,jean-antoine watteau,1718-1719,rococo,"The Feast (Or Festival) Or Love is a Rococo work by Jean-Antoine Watteau, dated 1718-1719.\n\nIn 1709, Watteau tried to obtain a one-year stay in Rome by winning the Prix de Rome from the Academy, but managed only to get awarded with the second prize. In 1712 he tried again and was persuaded by Charles de La Fosse that he had nothing to learn from going to Rome; thanks to Fosse he was accepted as an associate member of the Academy in 1712 and a full member in 1717. He took those five years to deliver the required ""reception piece"", one of his masterpieces: the Pilgrimage to Cythera, also called the Embarkation for Cythera."
https://upload.wikimedia.org/wikipedia/commons/d/d1/Pierrot_-_Antoine_Watteau_-_Mus%C3%A9e_du_Louvre_Peintures_MI_1121_-_apr%C3%A8s_restauration_2024.jpg,pierrot,jean-antoine watteau,1718-1719,rococo,"Pierrot, formerly known as Gilles, is a life-size oil-on-canvas painting by the French artist Antoine Watteau, created between 1718 and 1719. Noted for its scale, the piece measures 184.5 x 149.5 cm and is the only life-size figure Watteau has represented. Th painting depicts a variety of actors with the traditional commedia dell'arte character Pierrot in a still, frontal pose. The work has been part of the Louvre's collection since it was bequeathed in 1869."
https://upload.wikimedia.org/wikipedia/commons/2/28/L%27Embarquement_pour_Cyth%C3%A8re%2C_by_Antoine_Watteau%2C_from_C2RMF_retouched.jpg,the embarkation for cythera,jean-antoine watteau,1719,rococo,The Embarkation for Cythera is a painting by the French painter Jean-Antoine Watteau.
https://upload.wikimedia.org/wikipedia/commons/8/81/Jean-Antoine_Watteau_-_F%C3%AAtes_Venitiennes_-_Google_Art_Project.jpg,fetes venitiennes,jean-antoine watteau,1719,rococo,"Fêtes Vénitiennes is a 1719 painting by Antoine Watteau, now in the Scottish National Gallery in Edinburgh, to which it was bequeathed in 1861 by Lady Murray of Henderland, widow of John Murray, Lord Murray. It takes its title from a 1732 engraving of the work by Laurent Cars and is derived from the Venetian styles of dress and dancing shown in the work, the former inspired by the commedia dell'arte. It belongs to the fêtes galantes genre created by Watteau.\n\nThe main dancer in the centre was thought to be the Comédie-Française actress Charlotte Desmares, a mistress of the Duc d'Orleans, whilst some identify the dancer in the black hat as the Flemish painter Nicolas Vleughels, a friend of Watteau."
https://upload.wikimedia.org/wikipedia/commons/1/10/Fran%C3%A7ois_Boucher_003.jpg,self-portrait in the studio,francois boucher,1720,rococo,"Self-Portrait In The Studio is a Rococo work by Francois Boucher, dated 1720.\n\nBoucher married Marie-Jeanne Buzeau in 1733. The couple had three children together. Boucher became a faculty member in 1734 and his career accelerated from this point as he was promoted Professor then Rector of the academy, becoming inspector at the Royal Gobelins Manufactory and finally Premier Peintre du R\n\nBoucher's paintings such as The Breakfast (1739), a familial scene, show how he was as a master of the genre scene, where he regularly used his own wife and children as models. These intimate family scenes are contrasting to the licentious style seen in his Odalisque portraits."
https://upload.wikimedia.org/wikipedia/commons/6/69/La_familia_de_Felipe_V.jpg,the family of philip v,jean ranc,1723,rococo / baroque,The Family of Felipe V is an oil on canvas painting by the French artist Jean Ranc completed in 1723. It features depictions of Philip V of Spain and his family. The painting is one of a trio of paintings that bear the same name; the other two are by Louis Michel van Loo and are dated 1738 and 1743.
https://upload.wikimedia.org/wikipedia/commons/f/f8/Hyacinthe_Rigaud_%28French%29_-_Charles_de_Saint-Albin%2C_Archbishop_of_Cambrai_-_Google_Art_Project.jpg,"portrait of charles de saint-albin, archbishop of cambrai",hyacinthe rigaud,1723,baroque / french baroque,"Portrait Of Charles De Saint-Albin, Archbishop Of Cambrai is a Baroque / French Baroque work by Hyacinthe Rigaud, dated 1723.\n\nGoing back to the artist's biography, Dezallier d'Argenville states that one of Rigaud's main reasons for his 1695 voyage was to paint his mother's portrait: ""He painted her from many angles, and had her marble bust made by the notable Coysevox, which was his cabinet's ornament for the rest of his life"".\n\nRigaud is inseparable from his best-known work, a 1701 painting of Louis XIV in his coronation costume which today hangs in the Louvre in Paris, as well as the second copy also requested by Louis XIV that now hangs at the Palace of Versailles."
https://upload.wikimedia.org/wikipedia/commons/4/48/Hyacinthe_Rigaud_-_Portrait_of_Cardinal_Guillaume_Dubois_-_1967.17_-_Cleveland_Museum_of_Art.jpg,portrait of cardinal dubois,hyacinthe rigaud,1723,baroque / french baroque,"Portrait Of Cardinal Dubois is a Baroque / French Baroque work by Hyacinthe Rigaud, dated 1723.\n\nGoing back to the artist's biography, Dezallier d'Argenville states that one of Rigaud's main reasons for his 1695 voyage was to paint his mother's portrait: ""He painted her from many angles, and had her marble bust made by the notable Coysevox, which was his cabinet's ornament for the rest of his life"".\n\nRigaud is inseparable from his best-known work, a 1701 painting of Louis XIV in his coronation costume which today hangs in the Louvre in Paris, as well as the second copy also requested by Louis XIV that now hangs at the Palace of Versailles."
https://upload.wikimedia.org/wikipedia/commons/4/45/Canaletto_-_The_Stonemason%27s_Yard.jpg,the stonemason's yard,canaletto,1725,rococo,"The Stonemason's Yard is an early oil painting by Giovanni Antonio Canal, better known as Canaletto. It depicts an informal scene in Venice, looking over a temporary stonemason's yard in the Campo San Vidal set up for the construction of Andrea Tirali's facade of the church of San Vidal, and across the Grand Canal towards the church of Santa Maria della Carità. Painted in the mid to late 1720s, it is now in the collection of the National Gallery in London and is considered one of Canaletto's finest works."
https://upload.wikimedia.org/wikipedia/commons/b/b6/Canaletto_-_Rialto_Bridge_from_the_North_RCIN_400668.jpg,rialto bridge from the north,canaletto,1726,rococo,"Rialto Bridge From The North is a Rococo work by Canaletto, dated 1726.\n\nIn the 1740s, Canaletto's market was disrupted when the War of the Austrian Succession led to a reduction in the number of British visitors to Venice.\n\nWhilst in England, between 1749 and 1752 Canaletto lived at number 41 Beak Street in London's Soho district. He remained in England until 1755, producing views of London (including several of the new Westminster Bridge, which was completed during his stay) and of his patrons' houses and castles."
https://upload.wikimedia.org/wikipedia/commons/a/a6/Canal%2C_Giovanni_Antonio_-_Reception_of_the_French_Ambassador_in_Venice_-_Hermitage.jpg,the french ambassador's arrival in venice,canaletto,1726-1727,rococo,The French Ambassador's Arrival in Venice or Reception of the French Ambassador in Venice is an oil on canvas painting executed ca. 1726–27 by Canaletto. It depicts Count Jacques-Vincent Languet de Gergy disembarking onto the quay in front the Doge's Palace and being greeted by officials of the Venetian Republic. The painting was acquired by Catherine the Great between 1763 and 1796 and is now in the Hermitage Museum in St Petersburg.
https://upload.wikimedia.org/wikipedia/commons/8/8a/Giovanni_Antonio_Canal%2C_il_Canaletto_-_Dolo_on_the_Brenta_-_WGA03898.jpg,a view of dolo on the brenta canal,canaletto,1725-1729,rococo,"A View of Dolo on the Brenta Canal is a c.1729 landscape painting by the Italian artist Canaletto. It presents a depiction of Dolo, a town in Veneto which is now in the Metropolitan City of Venice, on the banks of the Brenta Canal. It was considered the gateway to Venice from the north and was lined with fashionable villas. It was produced early in the artist's career. Today the painting is in the collection of the Ashmolean Museum in Oxford, which acquired it in 1855 when it was donated by Chambers Hall. Another version is in the Staatsgalerie in Stuttgart, although the Oxford painting is likely the protoype. An engraving was produced based on the painting. Francesco Guardi also produced a similar view of Dolo, the composition likely influenced by Canaletto. Much later in 1763, after his return from Britain, Canaletto produced another view of the canal in his The Lock at Dolo."
https://upload.wikimedia.org/wikipedia/commons/8/88/Philipp_Ludwig_Wenzel_von_Sinzendorf_par_Hyacinthe_Rigaud_%281729%29.jpg,portrait of count philipp ludwig wenzel von sinzendorf,hyacinthe rigaud,1728,baroque / french baroque,"Portrait Of Count Philipp Ludwig Wenzel Von Sinzendorf is a Baroque / French Baroque work by Hyacinthe Rigaud, dated 1728.\n\nGoing back to the artist's biography, Dezallier d'Argenville states that one of Rigaud's main reasons for his 1695 voyage was to paint his mother's portrait: ""He painted her from many angles, and had her marble bust made by the notable Coysevox, which was his cabinet's ornament for the rest of his life"".\n\nRigaud is inseparable from his best-known work, a 1701 painting of Louis XIV in his coronation costume which today hangs in the Louvre in Paris, as well as the second copy also requested by Louis XIV that now hangs at the Palace of Versailles."
https://upload.wikimedia.org/wikipedia/commons/e/ed/Hyacinthe_Rigaud_%28d%27apr%C3%A8s%29_Louis_XV.jpg,portrait of louis xv,hyacinthe rigaud,1727-1729,baroque / french baroque,"Portrait of Louis XIV in Coronation Robes was painted in 1701 by the French painter Hyacinthe Rigaud after being commissioned by the king who wanted to satisfy the desire of his grandson, Philip V of Spain, for a portrait of him. Louis XIV kept it hanging at Versailles. It has since become the most recognisable portrait of the king."
https://upload.wikimedia.org/wikipedia/commons/3/35/CamargoLancret.jpg,marie-anne de camargo,nicolas lancret,1730,rococo,"Marie Anne de Cupis de Camargo, sometimes known simply as La Camargo, was a French dancer. The first woman to execute the entrechat quatre, Camargo was also allegedly responsible for two innovations in ballet as she was one of the first dancers to wear slippers instead of heeled shoes, and, while there is no evidence that she was the first woman to wear the short calf-length ballet skirt, the now standardized ballet tights, she did help to popularize these. She is said to have been as strong as the male dancers."
https://upload.wikimedia.org/wikipedia/commons/9/90/Canaletto_-_The_Entrance_to_the_Grand_Canal%2C_Venice_-_Google_Art_Project.jpg,"entrance to the grand canal, venice",canaletto,1730,rococo,"The Entrance to the Grand Canal, Venice, is a c. 1730 oil painting by Italian painter Canaletto. It is a Rococo landscape painting measuring 49.6 by 73.6 centimeters (19.5 in × 29.0 in) currently held as part of the Robert Lee Blaffer Memorial Collection in the Audrey Jones Beck Building at the Museum of Fine Arts, Houston, in Houston, Texas, and was a gift to the museum from Sarah Campbell Blaffer. The large church at the left of the painting is the Basilica of Santa Maria della Salute. A variant of the painting with a larger church tower and an additional building is used as the Venetian screen in the 2001 video game Merchant Prince II."
https://upload.wikimedia.org/wikipedia/commons/e/ed/Canaletto_-_Bucentaur%27s_return_to_the_pier_by_the_Palazzo_Ducale_-_Google_Art_Project.jpg,the bucentaur returns to the pier at the doge's palace,canaletto,1730,rococo,"The Bucentaur Returns to the Pier at the Doge's Palace or The Doge of Venice Departs for the Festival of the Betrothal of Venice to the Adriatic Sea is an oil-on-canvas painting executed c.1730 by the Italian painter Canaletto. It was acquired together with his Reception of the French Ambassador in Venice in the 1760s for the Hermitage Museum. In 1930 The Bucentaur was transferred to the Pushkin Museum in Moscow, where it remains. Variants of the work survive in several collections, including the Royal Collection at Windsor Castle, the Dulwich Picture Gallery and the Uffizi, whilst a copy by Fyodor Alekseyev is in the Russian Museum."
https://upload.wikimedia.org/wikipedia/commons/f/fb/Piazza_San_Marco_with_the_Basilica%2C_by_Canaletto%2C_1730._Fogg_Art_Museum%2C_Cambridge.jpg,"piazza san marco, venice",canaletto,1730,rococo,"Piazza San Marco, often known in English as St Mark's Square, is the principal public square of Venice, Italy, where it is generally known just as la Piazza. The Piazzetta is an extension of the Piazza towards San Marco basin in its southeast corner. The two spaces together form the social, religious and political centre of Venice and are referred to together. This article relates to both of them."
https://upload.wikimedia.org/wikipedia/commons/0/07/Chardin_-_Les_attributs_des_Sciences.jpg,the attributes of exploration,jean simeon chardin,1731,rococo / proto-realism,"The Attributes Of Exploration is a Rococo / Proto-Realism work by Jean Simeon Chardin, dated 1731.\n\nIn November 1731 his son Jean-Pierre was baptized, and a daughter, Marguerite-Agnès, was baptized in 1733. In 1735 his wife Marguerite died, and within two years Marguerite-Agnès had died as well.\n\nLargely self-taught, Chardin was greatly influenced by the realism and subject matter of the 17th-century Low Country masters. Despite his unconventional portrayal of the ascendant bourgeoisie, early support came from patrons in the French aristocracy, including Louis XV."
https://upload.wikimedia.org/wikipedia/commons/2/2e/View_of_the_entrance_to_the_Arsenal_by_Canaletto%2C_1732.jpg,view of the entrance to the venetian arsenal,canaletto,1732,rococo,"View Of The Entrance To The Venetian Arsenal is a Rococo work by Canaletto, dated 1732.\n\nIn the 1740s, Canaletto's market was disrupted when the War of the Austrian Succession led to a reduction in the number of British visitors to Venice.\n\nWhilst in England, between 1749 and 1752 Canaletto lived at number 41 Beak Street in London's Soho district. He remained in England until 1755, producing views of London (including several of the new Westminster Bridge, which was completed during his stay) and of his patrons' houses and castles."
https://upload.wikimedia.org/wikipedia/commons/8/8a/Jean_Sim%C3%A9on_Chardin_-_Sealing_the_Letter_-_WGA04745.jpg,sealing the letter,jean simeon chardin,1733,rococo / proto-realism,"Sealing The Letter is a Rococo / Proto-Realism work by Jean Simeon Chardin, dated 1733.\n\nIn November 1731 his son Jean-Pierre was baptized, and a daughter, Marguerite-Agnès, was baptized in 1733. In 1735 his wife Marguerite died, and within two years Marguerite-Agnès had died as well.\n\nLargely self-taught, Chardin was greatly influenced by the realism and subject matter of the 17th-century Low Country masters. Despite his unconventional portrayal of the ascendant bourgeoisie, early support came from patrons in the French aristocracy, including Louis XV."
https://upload.wikimedia.org/wikipedia/commons/f/ff/Fran%C3%A7ois_Boucher_-_Rinaldo_and_Armida_-_WGA2878.jpg,rinaldo and armida,francois boucher,1734,rococo,"Rinaldo And Armida is a Rococo work by Francois Boucher, dated 1734.\n\nBoucher married Marie-Jeanne Buzeau in 1733. The couple had three children together. Boucher became a faculty member in 1734 and his career accelerated from this point as he was promoted Professor then Rector of the academy, becoming inspector at the Royal Gobelins Manufactory and finally Premier Peintre du R\n\nAlong with his painting, Boucher also designed theater costumes and sets, and the ardent intrigues of the comic operas of Charles Simon Favart closely paralleled his own style of painting. Tapestry design was also a concern."
https://upload.wikimedia.org/wikipedia/commons/e/e6/D%C3%A9jeuner_de_jambon_-_Nicolas_Lancret_-_mus%C3%A9e_Cond%C3%A9.jpg,le dejeuner de jambon,nicolas lancret,1735,rococo,"Le Dejeuner De Jambon is a Rococo work by Nicolas Lancret, dated 1735.\n\nLancret was single for much of his life; however in 1741 he married the 18-year-old grandchild of Boursault, author of Aesop at Court. Supposedly Lancret was induced to marry her after finding her and her dying mother living in poverty in an attic room and hearing that the daughter was soon to be compelled to enter a convent. Lancret died of pneumonia on 14 September 1743."
https://upload.wikimedia.org/wikipedia/commons/d/da/Giovanni_Antonio_Canal%2C_il_Canaletto_-_The_Feast_Day_of_St_Roch_-_WGA03905.jpg,the feast day of saint roch,canaletto,1735,rococo,"The Feast Day of Saint Roch is a 1735 cityscape painting by the Italian artist Canaletto. It shows a view of the church of San Rocco, Venice during the 16 August feast day of Saint Roch, as various dignateries led by the Doge leave following a Mass. Saint Roch was celebrated for his assistance in ending the Venetian plague of 1576. The Scuola Grande di San Rocco features prominently in the picture."
https://upload.wikimedia.org/wikipedia/commons/6/67/Gueidan.jpg,gaspard de gueidan en joueur de musette,hyacinthe rigaud,1738,baroque / french baroque / rococo,"Gaspard De Gueidan En Joueur De Musette is a Baroque / French Baroque / Rococo work by Hyacinthe Rigaud, dated 1738.\n\nGoing back to the artist's biography, Dezallier d'Argenville states that one of Rigaud's main reasons for his 1695 voyage was to paint his mother's portrait: ""He painted her from many angles, and had her marble bust made by the notable Coysevox, which was his cabinet's ornament for the rest of his life"".\n\nRigaud is inseparable from his best-known work, a 1701 painting of Louis XIV in his coronation costume which today hangs in the Louvre in Paris, as well as the second copy also requested by Louis XIV that now hangs at the Palace of Versailles."
https://upload.wikimedia.org/wikipedia/commons/c/c7/Canaletto_Grand_Canal_from_Palazzo_Flangini_-_JPGM.jpg,the grand canal in venice from palazzo flangini to campo san marcuola,canaletto,1738,rococo,"The Grand Canal In Venice From Palazzo Flangini To Campo San Marcuola is a Rococo work by Canaletto, dated 1738.\n\nIn the 1740s, Canaletto's market was disrupted when the War of the Austrian Succession led to a reduction in the number of British visitors to Venice.\n\nWhilst in England, between 1749 and 1752 Canaletto lived at number 41 Beak Street in London's Soho district. He remained in England until 1755, producing views of London (including several of the new Westminster Bridge, which was completed during his stay) and of his patrons' houses and castles."
https://upload.wikimedia.org/wikipedia/commons/a/ad/Fran%C3%A7ois_Boucher_-_The_Triumph_of_Venus_-_Google_Art_Project.jpg,the triumph of venus,francois boucher,1740,rococo,The Triumph of Venus is a 1740 oil-on-canvas painting in Rococo style by the French artist François Boucher. It inspired The Birth of Venus by Jean-Honoré Fragonard.
https://upload.wikimedia.org/wikipedia/commons/7/71/Canaletto_-_B%C3%BChrle_foundation_csm_Canal_S_Maria_cf2fa1ba03.jpg,the grand canal and the church of the salute,canaletto,1740,rococo,"The Grand Canal at the Church of the Salute is an oil on canvas painting by the Italian artist Canaletto. It is a Rococo landscape painting, completed circa 1740. It measures 151 by 121 centimeters and is now in the Emil Georg Bührle collection, Zurich, Switzerland."
https://upload.wikimedia.org/wikipedia/commons/7/73/Giovanni_Antonio_Canal%2C_il_Canaletto_-_Regatta_on_the_Canale_Grande_-_WGA03904.jpg,a regatta on the grand canal,canaletto,1740,rococo,"A Regatta on the Grand Canal is a 1740 landscape painting by the Italian artist Canaletto. It depicts a view of the Grand Canal in his native Venice. It takes place during the Carnival season when the annual gondola regatta is being held on the Feast of the Purification of the Virgin. In the left foreground there is the Palazzo Balbi. By the 1860s the painting was in the collection of the Duke of Leeds at North Yorkshire. Today it is in the National Gallery in London, having been acquired in 1929. An identically-titled painting by Canaletto from 1735 is in the collection of the Dukes of Bedford at Woburn Abbey."
https://upload.wikimedia.org/wikipedia/commons/8/87/Giovanni_Antonio_Canal_-_Venice-_The_Grand_Canal_with_S._Simeone_Piccolo_-_National_Gallery_London.jpg,the grand canal with san simeone piccolo,canaletto,1740,rococo,"The Grand Canal with San Simeone Piccolo is a c.1740 landscape painting by the Italian artist Canaletto. Portraying a veduta of his native Venice, it depicts a view along the Grand Canal with the dome of San Simeone Piccolo prominent on the left and the Scalzi on the right. In the foreground fisherman are at work, with a gondola carrying two female passengers about to collide with their boat. The view was radically altered in the nineteenth century to construct the Venezia Santa Lucia railway station."
https://upload.wikimedia.org/wikipedia/commons/6/6a/Boucher_Leda_LACMA.jpeg,leda and the swan,francois boucher,1741,rococo,"Leda and the Swan is a story and subject in art from Greek mythology in which the god Zeus, in the form of a swan, rapes Leda, an Aetolian princess who became Spartan queen. According to later Greek mythology, Leda bore Helen and Polydeuces, children of Zeus, while at the same time bearing Castor and Clytemnestra, children of her husband Tyndareus, the King of Sparta. According to many versions of the story, Zeus took the form of a swan and slept with Leda on the same night she slept with her husband King Tyndareus. In some versions, she laid two eggs from which the children hatched. In other versions, Helen is a daughter of Nemesis, the goddess who personified the disaster that awaited those suffering from the pride of Hubris."
https://upload.wikimedia.org/wikipedia/commons/c/c2/Jean-Baptiste_Oudry_-_A_Hare_and_a_Leg_of_Lamb_-_1969.53_-_Cleveland_Museum_of_Art.tiff,a hare and a leg of lamb,jean-baptiste oudry,1742,rococo,A Hare and a Leg of Lamb is a 1742 painting by French Rococo painter and engraver Jean-Baptiste Oudry.
https://upload.wikimedia.org/wikipedia/commons/c/c0/Fran%C3%A7ois_Boucher_-_Diana_Resting_after_her_Bath%2C_1742.jpg,diana leaving the bath (diana bathing),francois boucher,1742,rococo,"Diana Leaving The Bath (Diana Bathing) is a Rococo work by Francois Boucher, dated 1742.\n\nAlong with his painting, Boucher also designed theater costumes and sets, and the ardent intrigues of the comic operas of Charles Simon Favart closely paralleled his own style of painting. Tapestry design was also a concern.\n\nBoucher took inspiration from artists such as Peter Paul Rubens and Antoine Watteau. Boucher's early works celebrate the idyllic and tranquil portrayal of nature and landscape with great elan."
https://upload.wikimedia.org/wikipedia/commons/7/76/La_P%C3%AAche_chinoise.jpg,"la peche chinoise, chinese fishing",francois boucher,1742,rococo,"La Peche Chinoise, Chinese Fishing is a Rococo work by Francois Boucher, dated 1742.\n\nAlong with his painting, Boucher also designed theater costumes and sets, and the ardent intrigues of the comic operas of Charles Simon Favart closely paralleled his own style of painting. Tapestry design was also a concern.\n\nBoucher took inspiration from artists such as Peter Paul Rubens and Antoine Watteau. Boucher's early works celebrate the idyllic and tranquil portrayal of nature and landscape with great elan."
https://upload.wikimedia.org/wikipedia/commons/6/6a/La_Foire_chinoise.jpg,la foire chinoise,francois boucher,1742,rococo,"La Foire Chinoise is a Rococo work by Francois Boucher, dated 1742.\n\nBoucher's paintings such as The Breakfast (1739), a familial scene, show how he was as a master of the genre scene, where he regularly used his own wife and children as models. These intimate family scenes are contrasting to the licentious style seen in his Odalisque portraits.\n\nAlong with his painting, Boucher also designed theater costumes and sets, and the ardent intrigues of the comic operas of Charles Simon Favart closely paralleled his own style of painting. Tapestry design was also a concern."
https://upload.wikimedia.org/wikipedia/commons/0/0b/Canaletto_%28Venice_1697-Venice_1768%29_-_The_Arch_of_Septimius_Severus_-_RCIN_400700_-_Royal_Collection.jpg,the arch of septimius severus,canaletto,1742,rococo,"The Arch of Septimius Severus at the northwestern end of the Roman Forum is a white marble triumphal arch dedicated in 203 AD to commemorate the Parthian victories of Emperor Septimius Severus and his two sons, Caracalla and Geta, in the two campaigns against the Parthians of 194–195 and 197–199. After the death of Septimius Severus, his sons Caracalla and Geta were initially joint Emperors. Caracalla had Geta assassinated in Rome; in the practice now known as damnatio memoriae, Geta's memorials were destroyed and all images or mentions of him were removed from street buildings and monuments. Accordingly, Geta's image and inscriptions referring to him were removed from the arch."
https://upload.wikimedia.org/wikipedia/commons/d/dd/Canaletto%2C_Rome_-_the_Arch_of_Constantine%2C_1742.jpg,"the arch of constantine, rome",canaletto,1742,rococo,"The Arch of Titus is a 1st-century AD honorific arch, located on the Via Sacra, Rome, just to the south-east of the Roman Forum. It was constructed in c. 81 AD by Emperor Domitian shortly after the death of his older brother Titus to commemorate Titus's official deification or consecratio and the victory of Titus together with their father, Vespasian, over the Jewish rebellion in Judaea."
https://upload.wikimedia.org/wikipedia/commons/a/ae/Giovanni_Antonio_Canal%2C_il_Canaletto_-_View_of_the_Bacino_di_San_Marco_%28St_Mark%27s_Basin%29_-_WGA03899.jpg,bacino di san marco from the puntana della dogana,canaletto,1740-1745,rococo,"Bacino di San Marco from the Puntana della Dogana is an oil on canvas painting executed ca. 1740–1745 by Canaletto, now in the Pinacoteca di Brera in Milan. It forms a pair with The Grand Canal looking towards Punta della Dogana from Campo Sant'Ivo, with both works produced in the artist's mature period just before his move to London."
https://upload.wikimedia.org/wikipedia/commons/c/c1/La_familia_de_Felipe_V_%28Van_Loo%29.jpg,the family of philip v,louis-michel van loo,1743,rococo / baroque,
https://upload.wikimedia.org/wikipedia/commons/5/5c/Fran%C3%A7ois_Boucher_%28%3F%29_et_son_atelier%2C_La_Toilette_de_V%C3%A9nus_%28apr%C3%A8s_1743%29.jpg,la toilette de venus,francois boucher,1743,rococo,"La Toilette De Venus is a Rococo work by Francois Boucher, dated 1743.\n\nAlong with his painting, Boucher also designed theater costumes and sets, and the ardent intrigues of the comic operas of Charles Simon Favart closely paralleled his own style of painting. Tapestry design was also a concern.\n\nBoucher took inspiration from artists such as Peter Paul Rubens and Antoine Watteau. Boucher's early works celebrate the idyllic and tranquil portrayal of nature and landscape with great elan."
https://upload.wikimedia.org/wikipedia/commons/e/e1/Jean_Sim%C3%A9on_Chardin_-_The_Prayer_before_Meal_-_WGA04770.jpg,saying grace,jean simeon chardin,1744,rococo / proto-realism,"Saying Grace or The Prayer Before a Meal (French: Le Bénédicité) is the title of several paintings by French artist Jean Simeon Chardin, one of which was given as a gift to Louis XV.  The subject of the painting, a middle-class French family saying grace before a meal, is one of everyday bourgeois  tranquillity – Chardin's area of interest – with an uncharacteristic touch of sentimentality."
https://cdn.topofart.com/images/artists/Francois_Boucher/paintings-wm/boucher044.webp,the odalisque,francois boucher,1745,rococo,"The Blonde Odalisque, or Resting Girl, are two oil-on-canvas paintings by the French painter François Boucher. The paintings feature a naked woman on her stomach on a couch. The first was made in 1751, whilst the second was made in 1752, although both were made by Boucher. The nude figure is thought to be Marie-Louise O'Murphy, one of the many mistresses of King Louis XV of France, who was only 14-15 years old when the painting was made. The paintings fall into the odalisque genre."
https://upload.wikimedia.org/wikipedia/commons/9/9b/Canaletto_-_Westminster_Bridge%2C_with_the_Lord_Mayor%27s_Procession_on_the_Thames_-_Google_Art_Project.jpg,the first westminster bridge,canaletto,1746,rococo,"The First Westminster Bridge is a Rococo work by Canaletto, dated 1746.\n\nIn the 1740s, Canaletto's market was disrupted when the War of the Austrian Succession led to a reduction in the number of British visitors to Venice.\n\nPainter of cityscapes or vedute, of Venice, Rome, and London, he also painted imaginary views (referred to as capricci), although the demarcation in his works between the real and the imaginary is never quite clearcut. He was further an important printmaker using the etching technique."
https://upload.wikimedia.org/wikipedia/commons/2/26/Canaletto_-_The_City_Seen_Through_an_Arch_of_Westminster_Bridge.JPG,london seen through an arch of westminster bridge,canaletto,1747,rococo,London Seen Through an Arch of Westminster Bridge is a 1747 riverscape painting by the Italian artist Canaletto.
https://upload.wikimedia.org/wikipedia/commons/f/f7/Canaletto_-_Windsor_Castle.JPG,windsor castle,canaletto,1747,rococo,"Windsor Castle is a Rococo work by Canaletto, dated 1747.\n\nIn the 1740s, Canaletto's market was disrupted when the War of the Austrian Succession led to a reduction in the number of British visitors to Venice.\n\nWhilst in England, between 1749 and 1752 Canaletto lived at number 41 Beak Street in London's Soho district. He remained in England until 1755, producing views of London (including several of the new Westminster Bridge, which was completed during his stay) and of his patrons' houses and castles."
https://upload.wikimedia.org/wikipedia/commons/6/67/Canaletto_-_Westminster_Bridge_Under_Construction_from_the_South-East_Abutment.jpg,westminster bridge under construction,canaletto,1747,rococo,"Westminster Bridge Under Construction is a Rococo work by Canaletto, dated 1747.\n\nIn the 1740s, Canaletto's market was disrupted when the War of the Austrian Succession led to a reduction in the number of British visitors to Venice.\n\nWhilst in England, between 1749 and 1752 Canaletto lived at number 41 Beak Street in London's Soho district. He remained in England until 1755, producing views of London (including several of the new Westminster Bridge, which was completed during his stay) and of his patrons' houses and castles."
https://upload.wikimedia.org/wikipedia/commons/c/c0/Canaletto_london.jpg,the river thames from richmond house,canaletto,1747,rococo,"The River Thames From Richmond House is a Rococo work by Canaletto, dated 1747.\n\nIn the 1740s, Canaletto's market was disrupted when the War of the Austrian Succession led to a reduction in the number of British visitors to Venice.\n\nWhilst in England, between 1749 and 1752 Canaletto lived at number 41 Beak Street in London's Soho district. He remained in England until 1755, producing views of London (including several of the new Westminster Bridge, which was completed during his stay) and of his patrons' houses and castles."
https://upload.wikimedia.org/wikipedia/commons/c/cb/Canaletto_-_Warwick_Castle_-_Google_Art_Project.jpg,warwick castle,canaletto,1748,rococo,"Warwick Castle is a Rococo work by Canaletto, dated 1748.\n\nIn the 1740s, Canaletto's market was disrupted when the War of the Austrian Succession led to a reduction in the number of British visitors to Venice.\n\nWhilst in England, between 1749 and 1752 Canaletto lived at number 41 Beak Street in London's Soho district. He remained in England until 1755, producing views of London (including several of the new Westminster Bridge, which was completed during his stay) and of his patrons' houses and castles."
https://upload.wikimedia.org/wikipedia/commons/d/da/Fran%C3%A7ois_Boucher_Autumn_Pastoral.jpg,pastoral with a couple near a fountain,francois boucher,1749,rococo,"Pastoral With A Couple Near A Fountain is a Rococo work by Francois Boucher, dated 1749.\n\nBoucher took inspiration from artists such as Peter Paul Rubens and Antoine Watteau. Boucher's early works celebrate the idyllic and tranquil portrayal of nature and landscape with great elan.\n\nBoucher was also called upon for designs for court festivities organized by that section of the King's household called the Menus-Plaisirs du Roi and for the opera and for royal châteaux Versailles, Fontainebleau and Choisy."
https://upload.wikimedia.org/wikipedia/commons/f/f1/Canaletto_-_London%2C_The_Old_Horse_Guards_from_St_James_Park_L02305.jpg,old horse guards,canaletto,1749,rococo,Old Horse Guards is a 1749 landscape painting by the Italian artist Canaletto. It depicts the view from St James's Park of the Horse Guards building in London. Built during the reign of Charles II it served as the headquarters of the British Army. At the time he painted it the existing building was due to be pulled down and replaced by the larger building designed by William Kent that still stands today. The painting offers a wider view of Whitehall in the mid-eighteenth century. On the right of the picture is the rear of Downing Street. It is also known by the longer title The Old Horse Guards from St James's Park.
https://upload.wikimedia.org/wikipedia/commons/7/79/Westminster_Abbey_by_Canaletto%2C_1749.jpg,westminster abbey with a procession of the knights of the bath,canaletto,1749,rococo,Westminster Abbey with a Procession of the Knights of the Bath is a painting created in 1749 by the Italian artist Canaletto depicting the Knights of the Bath at Westminster Abbey. In 2020 the painting went on public display at the Abbey the first time since its 1792 commission as part of an exhibition at the Abbey's Queen's Diamond Jubilee Galleries. The painting typically hangs in the residence of the Dean of Westminster Abbey.
https://upload.wikimedia.org/wikipedia/commons/7/7b/Canaletto_-_Syon_House.jpg,syon house,canaletto,1749,rococo,"Syon House is the west London residence of the Duke of Northumberland. A Grade I listed building, it lies within the 200-acre Syon Park, in the London Borough of Hounslow."
https://upload.wikimedia.org/wikipedia/commons/5/52/Thomas_Gainsborough_-_Mr_and_Mrs_Andrews.jpg,mr and mrs andrews,thomas gainsborough,1750,rococo,"Mr and Mrs Andrews is an oil on canvas portrait of about 1750 by Thomas Gainsborough, now in the National Gallery, London. Today it is one of his most famous works, but it remained in the family of the sitters until 1960 and was very little known before it appeared in an exhibition in Ipswich in 1927, after which it was regularly requested for other exhibitions in Britain and abroad, and praised by critics for its charm and freshness. By the post-war years its iconic status was established, and it was one of four paintings chosen to represent British art in an exhibition in Paris celebrating the Coronation of Queen Elizabeth II in 1953. Soon the painting began to receive hostile scrutiny as a paradigm of the paternalist and capitalist society of 18th-century England, but it remains a firm popular favourite."
https://upload.wikimedia.org/wikipedia/commons/1/14/Lucretia_10.jpg,lucretia,andrea casali,1750,rococo,"Lucretia is an oil on canvas painting by the Italian Rococo artist Andrea Casali, completed around 1750."
https://upload.wikimedia.org/wikipedia/commons/5/52/Jean_marc_nattier_-_madame_louise-elisabeth.jpg,"madame louise-elisabeth, duchess of parma - the earth",jean-marc nattier,1750,rococo,"Louise-Élisabeth of France was a French princess, a fille de France. She was the eldest daughter of King Louis XV and Queen Maria Leszczyńska, and the twin sister of Henriette of France, and she was the only one of his legitimate daughters who married. She married Infante Philip of Spain, who inherited the Duchy of Parma and Piacenza through his mother in 1748. Infante Philip was her father's first cousin; both men were grandsons of Louis, Grand Dauphin. Thereafter, Élisabeth and her husband founded the House of Bourbon-Parma. She functioned as the de facto ruler of the Duchy of Parma between 1748 and 1759."
https://upload.wikimedia.org/wikipedia/commons/e/e1/Jean_Barbault%2C_Berger_napolitain_et_bufflonne_quittant_une_grotte.jpg,neapolitan herder and a cow leaving a cave,jean barbault,1750,rococo,Neapolitan Herder and a Cow Leaving a Cave is a circa 1750 painting by the French artist Jean Barbault. It is now in the Musée des Beaux-Arts of Strasbourg. Its inventory number is 44.2009.2.1.
https://upload.wikimedia.org/wikipedia/commons/b/bb/Fran%C3%A7ois_Boucher%2C_Sketch_for_a_Portrait_of_Madame_de_Pompadour_%281721_-_1764%29%2C_c._1750_at_Waddesdon_Manor.jpg,sketch for a portrait of madame de pompadour,francois boucher,1750,rococo,"Jeanne Antoinette Poisson, Marquise de Pompadour, commonly known as Madame de Pompadour, was a member of the French court. She was the official chief mistress of King Louis XV from 1745 to 1751, and remained influential as court favourite until her death."
https://upload.wikimedia.org/wikipedia/commons/d/df/Fran%C3%A7ois_Boucher_-_Jeanne-Antoinette_Poisson%2C_Marquise_de_Pompadour_-_1966.47_-_Fogg_Museum.jpg,pompadour at her toilette,francois boucher,1750,rococo,"Pompadour at Her Toilette is an oil-on-canvas painting by François Boucher from 1750 depicting Madame de Pompadour, the mistress of King Louis XV of France."
https://upload.wikimedia.org/wikipedia/commons/3/3e/Greenwich_Hospital_from_the_North_Bank_of_the_Thames_RMG_BHC1827.tiff,greenwich hospital from the north bank of the thames,canaletto,1750,rococo,Greenwich Hospital from the North Bank of the Thames is a c.1750 landscape painting by the Italian artist Canaletto. It depicts a view of Greenwich Hospital seen from across the River Thames from the a viewpoint on the Isle of Dogs. The Inigo Jones-designed Queen's House is in the centre of the painting with the Royal Observatory also visible on the hill in Greenwich Park. It may have been produced for the art collector and British consul in Venice Joseph Smith for his residence on the Grand Canal. Canaletto also produced two other views of Greenwich Hospital. Today the painting is in the collection of the National Maritime Museum in Greenwich.
https://upload.wikimedia.org/wikipedia/commons/4/42/Canaletto_-_Rome%2C_The_Piazza_del_Quirinale.jpg,the piazza del quirinale,canaletto,1750,rococo,"The Piazza Del Quirinale is a Rococo work by Canaletto, dated 1750.\n\nIn the 1740s, Canaletto's market was disrupted when the War of the Austrian Succession led to a reduction in the number of British visitors to Venice.\n\nWhilst in England, between 1749 and 1752 Canaletto lived at number 41 Beak Street in London's Soho district. He remained in England until 1755, producing views of London (including several of the new Westminster Bridge, which was completed during his stay) and of his patrons' houses and castles."
https://upload.wikimedia.org/wikipedia/commons/7/72/Canaletto_-_Rome%2C_The_Piazza_Navona.jpg,piazza navona in rome,canaletto,1750,rococo,"Piazza Navona In Rome is a Rococo work by Canaletto, dated 1750.\n\nIn the 1740s, Canaletto's market was disrupted when the War of the Austrian Succession led to a reduction in the number of British visitors to Venice.\n\nWhilst in England, between 1749 and 1752 Canaletto lived at number 41 Beak Street in London's Soho district. He remained in England until 1755, producing views of London (including several of the new Westminster Bridge, which was completed during his stay) and of his patrons' houses and castles."
https://upload.wikimedia.org/wikipedia/commons/f/f0/Venus_Consoling_Love%2C_Fran%C3%A7ois_Boucher%2C_1751.jpg,venus consoling love,francois boucher,1751,rococo,"Venus Consoling Love is an oil-on-canvas painting executed in 1751 by the French artist François Boucher. The painting depicts a mythological scene, where Venus, the goddess of Love, depicted as a charming and supple young woman, is impersonating the French Rococo's beauty ideals. She is about to disarm Cupid, by taking away his arrows, that he uses when shooting at people to make them fall in love.""In Enlightenment France the dedicated search to define truth engendered a re–evaluation of the natural. The belief that it was right to follow nature, and that the pursuit of pleasure was natural, influenced the prevailing conception of the nude ..."
https://upload.wikimedia.org/wikipedia/commons/c/c5/The_Toilet_of_Venus%2C_by_Fran%C3%A7ois_Boucher.jpg,the toilette of venus,francois boucher,1751,rococo,"The Toilet of Venus is an oil painting on canvas completed in 1751 by the French Rococo painter François Boucher. It was commissioned by Madame de Pompadour, for her shared retreat with her lover, King Louis XV. The painting portrays a nude Venus, seated on an ornate love seat alongside three putti, surrounded by rich fabrics and precious objects. A cassolette in the lower right corner acts as a small nod to the Classical style and inadvertently foreshadows the Neoclassical athénienne. Additionally, Boucher's involvement in theatrical design and Madame de Pompadour's role of Venus in an opera-ballet production likely influenced the painting's style and subject."
https://upload.wikimedia.org/wikipedia/commons/d/de/Fran%C3%A7ois_Boucher_007.jpg,the bridge,francois boucher,1751,rococo,"The Bridge is a Rococo work by Francois Boucher, dated 1751.\n\nBoucher took inspiration from artists such as Peter Paul Rubens and Antoine Watteau. Boucher's early works celebrate the idyllic and tranquil portrayal of nature and landscape with great elan.\n\nBoucher was also called upon for designs for court festivities organized by that section of the King's household called the Menus-Plaisirs du Roi and for the opera and for royal châteaux Versailles, Fontainebleau and Choisy."
https://upload.wikimedia.org/wikipedia/commons/4/4c/Caneletto_-_The_Grand_Walk%2C_Vauxhall_Gardens%2C_London_WAR_COMP_131.jpg,"the grand walk, vauxhall gardens",canaletto,1751,rococo,"The Grand Walk, Vauxhall Gardens is a landscape painting by the Italian artist Canaletto. He had made his name painting scenes of his native Venice, but moved to England for nine years from 1746 and painted many noted views of mid-eighteenth-century Great Britain. Vauxhall Gardens was a fashionable pleasure gardens, located to the south of the Thames in London. A tree-lined walk ran some distance towards a statue of Aurora at the eastern perimeter of the gardens."
https://upload.wikimedia.org/wikipedia/commons/a/af/Canaletto_-_Chelsea_from_the_Thames_at_Battersea_Reach%2C_1751.jpg,chelsea from the thames at battersea reach,canaletto,1751,rococo,"Chelsea From The Thames At Battersea Reach is a Rococo work by Canaletto, dated 1751.\n\nWhilst in England, between 1749 and 1752 Canaletto lived at number 41 Beak Street in London's Soho district. He remained in England until 1755, producing views of London (including several of the new Westminster Bridge, which was completed during his stay) and of his patrons' houses and castles.\n\nAfter his return to Venice, Canaletto was elected to the Venetian Academy in 1763 and appointed prior of the Collegio dei Pittori. He continued to paint until his death in 1768. In his later years, he often worked from old sketches, but he sometimes produced surprising new compositions."
https://upload.wikimedia.org/wikipedia/commons/c/c7/Resting_Girl_by_Fran%C3%A7ois_Boucher_%281753%29_-_Alte_Pinakothek_-_Munich_-_Germany_2017_%28crop%29.jpg,the blonde odalisque,francois boucher,1752,rococo,"The Blonde Odalisque, or Resting Girl, are two oil-on-canvas paintings by the French painter François Boucher. The paintings feature a naked woman on her stomach on a couch. The first was made in 1751, whilst the second was made in 1752, although both were made by Boucher. The nude figure is thought to be Marie-Louise O'Murphy, one of the many mistresses of King Louis XV of France, who was only 14-15 years old when the painting was made. The paintings fall into the odalisque genre."
https://upload.wikimedia.org/wikipedia/commons/b/b9/Fran%C3%A7ois_Boucher_028.jpg,the setting of the sun,francois boucher,1752,rococo,"The Setting Of The Sun is a Rococo work by Francois Boucher, dated 1752.\n\nBoucher took inspiration from artists such as Peter Paul Rubens and Antoine Watteau. Boucher's early works celebrate the idyllic and tranquil portrayal of nature and landscape with great elan.\n\nBoucher was also called upon for designs for court festivities organized by that section of the King's household called the Menus-Plaisirs du Roi and for the opera and for royal châteaux Versailles, Fontainebleau and Choisy."
https://upload.wikimedia.org/wikipedia/commons/5/5a/Fran%C3%A7ois_Boucher_-_The_Rising_of_the_Sun_-_WGA02916.jpg,the rising of the sun,francois boucher,1752,rococo,"The Rising Of The Sun is a Rococo work by Francois Boucher, dated 1752.\n\nBoucher took inspiration from artists such as Peter Paul Rubens and Antoine Watteau. Boucher's early works celebrate the idyllic and tranquil portrayal of nature and landscape with great elan.\n\nBoucher was also called upon for designs for court festivities organized by that section of the King's household called the Menus-Plaisirs du Roi and for the opera and for royal châteaux Versailles, Fontainebleau and Choisy."
https://upload.wikimedia.org/wikipedia/commons/f/f3/Northumberland_House_by_Canaletto_%281752%29.JPG,northumberland house,canaletto,1752,rococo,"Northumberland House was a large Jacobean townhouse in London, so-called because it was, for most of its history, the London residence of the Percy family, who were the Earls and later Dukes of Northumberland and one of England's richest and most prominent aristocratic dynasties for many centuries. It stood at the far western end of the Strand from around 1605 until it was demolished in 1874. In its later years it overlooked Trafalgar Square."
https://upload.wikimedia.org/wikipedia/commons/b/b8/Birmingham_Museum_and_Art_Gallery_-_Warwick_Castle%2C_the_East_Front_from_the_Courtyard_-_Canaletto.jpg,"warwick castle, east front from the courtyard",canaletto,1752,rococo,"Warwick Castle, East Front From The Courtyard is a Rococo work by Canaletto, dated 1752.\n\nIn the 1740s, Canaletto's market was disrupted when the War of the Austrian Succession led to a reduction in the number of British visitors to Venice.\n\nWhilst in England, between 1749 and 1752 Canaletto lived at number 41 Beak Street in London's Soho district. He remained in England until 1755, producing views of London (including several of the new Westminster Bridge, which was completed during his stay) and of his patrons' houses and castles."
https://upload.wikimedia.org/wikipedia/commons/3/3b/Canaletto_%28II%29_005.jpg,eton college,canaletto,1754,rococo,"Eton College is a 1754 landscape painting by the Italian artist Canaletto. It depicts a view of Eton College, then in Buckinghamshire, from the opposite bank of the River Thames at Windsor. Prominent amongst the buildings is Eton College Chapel, built during the fifteenth century."
https://upload.wikimedia.org/wikipedia/commons/7/7e/Canaletto_Ranelegh_1754.jpg,interior of the rotunda at ranelagh,canaletto,1754,rococo,"Interior Of The Rotunda At Ranelagh is a Rococo work by Canaletto, dated 1754.\n\nWhilst in England, between 1749 and 1752 Canaletto lived at number 41 Beak Street in London's Soho district. He remained in England until 1755, producing views of London (including several of the new Westminster Bridge, which was completed during his stay) and of his patrons' houses and castles.\n\nAfter his return to Venice, Canaletto was elected to the Venetian Academy in 1763 and appointed prior of the Collegio dei Pittori. He continued to paint until his death in 1768. In his later years, he often worked from old sketches, but he sometimes produced surprising new compositions."
https://upload.wikimedia.org/wikipedia/commons/a/a7/Canaletto_%28Giovanni_Antonio_Canal%29_-_A_View_of_Walton_Bridge_-_Google_Art_Project.jpg,a view of walton bridge,canaletto,1754,rococo,"A View Of Walton Bridge is a Rococo work by Canaletto, dated 1754.\n\nIn the 1740s, Canaletto's market was disrupted when the War of the Austrian Succession led to a reduction in the number of British visitors to Venice.\n\nWhilst in England, between 1749 and 1752 Canaletto lived at number 41 Beak Street in London's Soho district. He remained in England until 1755, producing views of London (including several of the new Westminster Bridge, which was completed during his stay) and of his patrons' houses and castles."
https://upload.wikimedia.org/wikipedia/commons/0/0a/Canaletto_-_St._Paul%27s_Cathedral_-_Google_Art_Project.jpg,st. paul's cathedral,canaletto,1754,rococo,"St. Paul's Cathedral is a 1754 oil painting by the Italian artist Canaletto. Painted towards the end of his stay in England, the Venetian artist produced a veduta featuring St. Paul's Cathedral in the City of London. While St Paul's had featured in the distance of many of his paintings of the River Thames, this was the only close-up view of the cathedral he produced. It is shown from the north-west with the marble Statue of Queen Anne visible on the right. The rays of the setting sun illuminate the scene.\n\nThe painting once belonged to John Hay who served as American Ambassador to Britain and Secretary of State. Today it is in the possession of the Yale Center for British Art in Connecticut as part of the Paul Mellon Collection."
https://upload.wikimedia.org/wikipedia/commons/6/62/Gaspare_Traversi-Portrait_de_Gian_Lorenzo_Berti-Mus%C3%A9e_des_Beaux-Arts_de_Strasbourg.JPG,gian lorenzo berti,gaspare traversi,1754-1756,rococo,"Gian Lorenzo Berti is a Rococo work by Gaspare Traversi, dated 1754-1756.\n\nIn this mature period, from c. 1752 into the 1760s, Traversi was producing genre paintings, sometimes sending them from Rome to Naples with his brother Francesco. These include some of his most powerful and savage works: The Concert and the Secret Letter (both Naples, Banco di Napoli, on dep.\n\nIn Rome one of his major clients was Raffaello Rossi da Lugagnano, a leading member of the Franciscan order. The many religious paintings he commissioned from Traversi include five scenes from the Passion (1753; Galleria nazionale di Parma), sent to the convent of Castell'Arquato; the fourteen Stations of the"
https://upload.wikimedia.org/wikipedia/commons/3/34/Fran%C3%A7ois_Boucher_%281703-1770%29_-_Landscape_with_a_Watermill_-_NG6374_-_National_Gallery.jpg,landscape with a watermill,francois boucher,1755,rococo,"Landscape With A Watermill is a Rococo work by Francois Boucher, dated 1755.\n\nBoucher took inspiration from artists such as Peter Paul Rubens and Antoine Watteau. Boucher's early works celebrate the idyllic and tranquil portrayal of nature and landscape with great elan.\n\nBoucher was also called upon for designs for court festivities organized by that section of the King's household called the Menus-Plaisirs du Roi and for the opera and for royal châteaux Versailles, Fontainebleau and Choisy."
https://upload.wikimedia.org/wikipedia/commons/4/4c/Boucher_Marquise_de_Pompadour_1756.jpg,madame de pompadour,francois boucher,1756,rococo,"Madame De Pompadour is a Rococo work by Francois Boucher, dated 1756.\n\nBoucher took inspiration from artists such as Peter Paul Rubens and Antoine Watteau. Boucher's early works celebrate the idyllic and tranquil portrayal of nature and landscape with great elan.\n\nBoucher was also called upon for designs for court festivities organized by that section of the King's household called the Menus-Plaisirs du Roi and for the opera and for royal châteaux Versailles, Fontainebleau and Choisy."
https://upload.wikimedia.org/wikipedia/commons/3/32/Vulcan_Presenting_Arms_to_Venus_for_Aeneas.jpg,vulcan presenting arms to venus for aeneas,francois boucher,1756,rococo,"Vulcan Presenting Arms To Venus For Aeneas is a Rococo work by Francois Boucher, dated 1756.\n\nBoucher took inspiration from artists such as Peter Paul Rubens and Antoine Watteau. Boucher's early works celebrate the idyllic and tranquil portrayal of nature and landscape with great elan.\n\nBoucher was also called upon for designs for court festivities organized by that section of the King's household called the Menus-Plaisirs du Roi and for the opera and for royal châteaux Versailles, Fontainebleau and Choisy."
https://upload.wikimedia.org/wikipedia/commons/8/89/Canaletto_-_Saint_Mark%27s_Square%2C_Venice%2C_c.1756.jpg,"saint mark's square, venice",canaletto,1756,rococo,"Saint Mark's Square, Venice is a Rococo work by Canaletto, dated 1756.\n\nWhilst in England, between 1749 and 1752 Canaletto lived at number 41 Beak Street in London's Soho district. He remained in England until 1755, producing views of London (including several of the new Westminster Bridge, which was completed during his stay) and of his patrons' houses and castles.\n\nAfter his return to Venice, Canaletto was elected to the Venetian Academy in 1763 and appointed prior of the Collegio dei Pittori. He continued to paint until his death in 1768. In his later years, he often worked from old sketches, but he sometimes produced surprising new compositions."
https://upload.wikimedia.org/wikipedia/commons/f/f7/%28Venice%29_Annunciation_by_Giambattista_Pittoni_-_Gallerie_Accademia.jpg,annunciation,giovanni battista pittoni,1757,rococo,"Annunciation is a Rococo work by Giovanni Battista Pittoni, dated 1757.\n\nThese early masterpieces, innovative amongst Venetian frescoes for their luminosity, brought him many commissions. He painted canvases for churches such as that of Verolanuova, for the Scuola Grande dei Carmini, in Cannaregio, a ceiling for the Palazzi Archinto and Palazzo Dugnani in Milan (1731), the Colleon\n\nBy 1750, Tiepolo's reputation was firmly established throughout Europe, with the help of his friend Francesco Algarotti, an art dealer, critic and collector. That year, at the behest of Prince-Bishop Karl Philipp von Greifenclau zu Vollraths, he traveled to Würzburg where he arrived in November 1750."
https://upload.wikimedia.org/wikipedia/commons/a/ae/La_p%C3%AAche_%C3%A0_la_ligne-Fran%C3%A7ois_Boucher.jpg,fishing,francois boucher,1757,rococo,"Fishing is a Rococo work by Francois Boucher, dated 1757.\n\nBoucher took inspiration from artists such as Peter Paul Rubens and Antoine Watteau. Boucher's early works celebrate the idyllic and tranquil portrayal of nature and landscape with great elan.\n\nBoucher was also called upon for designs for court festivities organized by that section of the King's household called the Menus-Plaisirs du Roi and for the opera and for royal châteaux Versailles, Fontainebleau and Choisy."
https://upload.wikimedia.org/wikipedia/en/a/ab/Giovanni_Antonio_Canal%2C_il_Canaletto_-_Capriccio_-_a_Palladian_Design_for_the_Rialto_Bridge%2C_with_Buildings_at_Vicenza.jpeg,capriccio with palladian buildings,canaletto,1756-1759,rococo,"Capriccio With Palladian Buildings is a Rococo work by Canaletto, dated 1756-1759.\n\nWhilst in England, between 1749 and 1752 Canaletto lived at number 41 Beak Street in London's Soho district. He remained in England until 1755, producing views of London (including several of the new Westminster Bridge, which was completed during his stay) and of his patrons' houses and castles.\n\nAfter his return to Venice, Canaletto was elected to the Venetian Academy in 1763 and appointed prior of the Collegio dei Pittori. He continued to paint until his death in 1768. In his later years, he often worked from old sketches, but he sometimes produced surprising new compositions."
https://upload.wikimedia.org/wikipedia/commons/5/5a/Fran%C3%A7ois_Boucher_-_The_Dovecote.jpg,the dovecote,francois boucher,1758,rococo,"The Dovecote is a Rococo work by Francois Boucher, dated 1758.\n\nBoucher took inspiration from artists such as Peter Paul Rubens and Antoine Watteau. Boucher's early works celebrate the idyllic and tranquil portrayal of nature and landscape with great elan.\n\nBoucher was also called upon for designs for court festivities organized by that section of the King's household called the Menus-Plaisirs du Roi and for the opera and for royal châteaux Versailles, Fontainebleau and Choisy."
https://upload.wikimedia.org/wikipedia/commons/5/5c/Fran%C3%A7ois_Boucher_-_Amantes_em_um_parque.jpg,lovers in a park,francois boucher,1758,rococo,"Lovers In A Park is a Rococo work by Francois Boucher, dated 1758.\n\nBoucher took inspiration from artists such as Peter Paul Rubens and Antoine Watteau. Boucher's early works celebrate the idyllic and tranquil portrayal of nature and landscape with great elan.\n\nBoucher was also called upon for designs for court festivities organized by that section of the King's household called the Menus-Plaisirs du Roi and for the opera and for royal châteaux Versailles, Fontainebleau and Choisy."
https://upload.wikimedia.org/wikipedia/commons/4/48/Fran%C3%A7ois_Boucher_-_La_Nymphe_Callisto%2C_s%C3%A9duite_par_Jupiter_sous_les_traits_de_Diane_%281759%29.jpg,jupiter and callisto,francois boucher,1759,rococo,"Jupiter and Callisto or The Nymph Callisto Seduced by Jupiter in the Guise of Diana is a 1759 oil painting on canvas by the French Rococo painter François Boucher, now in the Nelson-Atkins Museum of Art in Kansas City, United States."
https://upload.wikimedia.org/wikipedia/commons/8/82/Canaletto_%28Giovanni_Antonio_Canal%29_-_The_Bucintoro_at_the_Molo_on_Ascension_Day_-_Google_Art_Project_%28_AGPvVoUXqRRYw%29.jpg,the bucintoro at the molo on ascension day,canaletto,1760,rococo,"The Bucintoro At The Molo On Ascension Day is a Rococo work by Canaletto, dated 1760.\n\nWhilst in England, between 1749 and 1752 Canaletto lived at number 41 Beak Street in London's Soho district. He remained in England until 1755, producing views of London (including several of the new Westminster Bridge, which was completed during his stay) and of his patrons' houses and castles.\n\nAfter his return to Venice, Canaletto was elected to the Venetian Academy in 1763 and appointed prior of the Collegio dei Pittori. He continued to paint until his death in 1768. In his later years, he often worked from old sketches, but he sometimes produced surprising new compositions."
https://upload.wikimedia.org/wikipedia/commons/4/4b/David_Garrick_Between_Tragedy_and_Comedy.jpg,david garrick between tragedy and comedy,joshua reynolds,1761,rococo / neoclassicism,"David Garrick Between Tragedy and Comedy is a 1761 painting by the English painter Joshua Reynolds, depicting the actor and playwright David Garrick caught between the Muses of Tragedy and Comedy. It is regarded as one of Reynolds's most studied and well-known paintings, and is on display at Waddesdon Manor, Buckinghamshire."
https://upload.wikimedia.org/wikipedia/commons/1/1b/Fran%C3%A7ois_Boucher_-_Dreaming_Shepherdess_-_WGA02914.jpg,dreaming shepherdess,francois boucher,1763,rococo,"Dreaming Shepherdess is a Rococo work by Francois Boucher, dated 1763.\n\nBoucher took inspiration from artists such as Peter Paul Rubens and Antoine Watteau. Boucher's early works celebrate the idyllic and tranquil portrayal of nature and landscape with great elan.\n\nBoucher died on 30 May 1770 in his native Paris. His name, along with that of his patron Madame de Pompadour, had become synonymous with the French Rococo style, leading the Goncourt brothers to write: ""Boucher is one of those men who represent the taste of a century, who express, personify and embody it."""
https://upload.wikimedia.org/wikipedia/commons/c/ce/Canaletto_-_The_Doge_and_Grand_Council_in_Sala_del_Maggior_Consiglio_-_KMS3898_-_Statens_Museum_for_Kunst.jpg,the doge and grand council in sala del maggior consiglio,canaletto,1763,rococo,"The Doge And Grand Council In Sala Del Maggior Consiglio is a Rococo work by Canaletto, dated 1763.\n\nWhilst in England, between 1749 and 1752 Canaletto lived at number 41 Beak Street in London's Soho district. He remained in England until 1755, producing views of London (including several of the new Westminster Bridge, which was completed during his stay) and of his patrons' houses and castles.\n\nAfter his return to Venice, Canaletto was elected to the Venetian Academy in 1763 and appointed prior of the Collegio dei Pittori. He continued to paint until his death in 1768. In his later years, he often worked from old sketches, but he sometimes produced surprising new compositions."
https://upload.wikimedia.org/wikipedia/commons/0/08/Madame_de_Pompadour_at_her_Tambour%2C_National_Gallery.jpg,madame de pompadour at her tambour frame,francois-hubert drouais,1763-1764,rococo,"Madame de Pompadour at her Tambour Frame is a 1763–64 painting by François-Hubert Drouais showing Madame de Pompadour embroidering. It is now in the National Gallery, London. Until 1974 it was at Mentmore Towers as a part of the Rothchild collections."
https://upload.wikimedia.org/wikipedia/commons/6/67/Carle_van_Loo_-_The_Three_Graces%2C_1765.jpg,the three graces,charles-andre van loo,1765,rococo,"The Three Graces is a 1765 rococo oil painting by the French artist Charles-André van Loo. Depicting a scene from Greek Mythology, it portrays The Three Graces."
https://upload.wikimedia.org/wikipedia/commons/b/bf/Allegory_of_Painting_sc493FXD.jpg,allegory of painting,francois boucher,1765,rococo,"Allegory Of Painting is a Rococo work by Francois Boucher, dated 1765.\n\nBoucher took inspiration from artists such as Peter Paul Rubens and Antoine Watteau. Boucher's early works celebrate the idyllic and tranquil portrayal of nature and landscape with great elan.\n\nBoucher died on 30 May 1770 in his native Paris. His name, along with that of his patron Madame de Pompadour, had become synonymous with the French Rococo style, leading the Goncourt brothers to write: ""Boucher is one of those men who represent the taste of a century, who express, personify and embody it."""
https://upload.wikimedia.org/wikipedia/commons/7/7a/Chardin_-_Basket_of_Plums%2C_1765.jpg,basket of plums,jean simeon chardin,1765,rococo / proto-realism,"Basket Of Plums is a Rococo / Proto-Realism work by Jean Simeon Chardin, dated 1765.\n\nBeginning in 1737 Chardin exhibited regularly at the Salon. He would prove to be a ""dedicated academician"", regularly attending meetings for fifty years, and functioning successively as counsellor, treasurer, and secretary, overseeing in 1761 the installation of Salon exhibitions.\n\nIn 1752 Chardin was granted a pension of 500 livres by Louis XV. In 1756 Chardin returned to the subject of the still life. At the Salon of 1759 he exhibited nine paintings; it was the first Salon to be commented upon by Denis Diderot, who would prove to be a great admirer and public champion of Chardin's wor"
https://upload.wikimedia.org/wikipedia/commons/e/e0/Canaletto_-_Santa_Maria_Zobenigo.jpg,santa maria zobenigo,canaletto,1765,rococo,"Santa Maria Zobenigo is a Rococo work by Canaletto, dated 1765.\n\nWhilst in England, between 1749 and 1752 Canaletto lived at number 41 Beak Street in London's Soho district. He remained in England until 1755, producing views of London (including several of the new Westminster Bridge, which was completed during his stay) and of his patrons' houses and castles.\n\nAfter his return to Venice, Canaletto was elected to the Venetian Academy in 1763 and appointed prior of the Collegio dei Pittori. He continued to paint until his death in 1768. In his later years, he often worked from old sketches, but he sometimes produced surprising new compositions."
https://www.art-prints-on-demand.com/kunst/francois_boucher/st-peter-invited-to-walk-on-the-water.jpg,saint peter attempting to walk on water,francois boucher,1766,rococo,"Saint Peter Attempting To Walk On Water is a Rococo work by Francois Boucher, dated 1766.\n\nBoucher took inspiration from artists such as Peter Paul Rubens and Antoine Watteau. Boucher's early works celebrate the idyllic and tranquil portrayal of nature and landscape with great elan.\n\nBoucher died on 30 May 1770 in his native Paris. His name, along with that of his patron Madame de Pompadour, had become synonymous with the French Rococo style, leading the Goncourt brothers to write: ""Boucher is one of those men who represent the taste of a century, who express, personify and embody it."""
https://upload.wikimedia.org/wikipedia/commons/d/d8/Chardin%2C_Jean-Baptiste_Sim%C3%A9on_-_Still_Life_with_Attributes_of_the_Arts_-_1766.jpg,still life with attributes of the arts,jean simeon chardin,1766,rococo / proto-realism,"Still Life With Attributes Of The Arts is a Rococo / Proto-Realism work by Jean Simeon Chardin, dated 1766.\n\nIn 1752 Chardin was granted a pension of 500 livres by Louis XV. In 1756 Chardin returned to the subject of the still life. At the Salon of 1759 he exhibited nine paintings; it was the first Salon to be commented upon by Denis Diderot, who would prove to be a great admirer and public champion of Chardin's wor\n\nIn 1772 Chardin's son, also a painter, drowned in Venice, a probable suicide. The artist's last known oil painting was dated 1776; his final Salon participation was in 1779, and featured several pastel studies. Gravely ill by November of that year, he died in Paris on December 6, at the age of 80."
https://upload.wikimedia.org/wikipedia/commons/8/83/The_Swing_%28P430%29.jpg,the swing,jean-honore fragonard,1767,rococo,"The Swing (French: L'Escarpolette), also known as The Happy Accidents of the Swing (French: Les Hasards heureux de l'escarpolette, the original title), is an 18th-century oil painting by Jean-Honoré Fragonard in the Wallace Collection in London. It is considered to be one of the masterpieces of the Rococo era, and is Fragonard's best-known work."
https://upload.wikimedia.org/wikipedia/commons/5/5d/Philippe-Jacques_Loutherbourg_-_Mus%C3%A9e_des_Bx-Arts_Strasbourg-Troupeau.jpg,landscape with animals,philip james de loutherbourg,1767,rococo,
https://upload.wikimedia.org/wikipedia/commons/f/fc/Denis_Diderot_by_Louis-Michel_van_Loo.jpg,portrait of denis diderot,louis-michel van loo,1767,rococo,
https://upload.wikimedia.org/wikipedia/commons/1/19/The_secret_message%2C_by_Fran%C3%A7ois_Boucher.jpg,the secret message,francois boucher,1767,rococo,"The Secret Message is a Rococo work by Francois Boucher, dated 1767.\n\nBoucher took inspiration from artists such as Peter Paul Rubens and Antoine Watteau. Boucher's early works celebrate the idyllic and tranquil portrayal of nature and landscape with great elan.\n\nBoucher died on 30 May 1770 in his native Paris. His name, along with that of his patron Madame de Pompadour, had become synonymous with the French Rococo style, leading the Goncourt brothers to write: ""Boucher is one of those men who represent the taste of a century, who express, personify and embody it."""
https://upload.wikimedia.org/wikipedia/commons/9/93/Baudouin%2C_Pierre_Antoine_-_The_Honest_Model_-_1769.jpg,the honest model,pierre-antoine baudouin,1769,rococo,
https://upload.wikimedia.org/wikipedia/commons/b/b6/The_Blue_Boy.jpg,the blue boy,thomas gainsborough,1770,rococo,"The Blue Boy is a full-length oil on canvas portrait in oil by English artist Thomas Gainsborough, from c. 1770. It is owned by The Huntington, in San Marino, California. Although both it and its creator are well known, the subject's identity is disputed."
https://upload.wikimedia.org/wikipedia/commons/9/92/Self-portrait_at_age_sixteen_by_Elisabeth_Vig%C3%A9e_Le_Brun._pastel.jpg,self-portrait at age sixteen,elisabeth vigee le brun,1771,rococo,"Self-Portrait At Age Sixteen is a Rococo work by Elisabeth Vigee Le Brun, dated 1771.\n\nDuring her lifetime, Vigée Le Brun's work was publicly exhibited in Paris at the Académie de Saint-Luc (1774), Salon de la Correspondance (1779, 1781, 1782, 1783) and Salon of the Académie in Paris (1783, 1785, 1787, 1789, 1791, 1798, 1802, 1817, 1824).\n\nAfter her stepfather retired from his business, he moved his family to the Hôtel de Lubert in Paris where she met Jean-Baptiste-Pierre Le Brun, a painter, art dealer and relation of the painter Charles Le Brun, on the Rue de Cléry where they lodged. Élisabeth visited M."
https://upload.wikimedia.org/wikipedia/commons/7/7c/Chardin_pastel_selfportrait.jpg,self-portrait,jean simeon chardin,1771,rococo / proto-realism,"Self-Portrait is a Rococo / Proto-Realism work by Jean Simeon Chardin, dated 1771.\n\nIn 1752 Chardin was granted a pension of 500 livres by Louis XV. In 1756 Chardin returned to the subject of the still life. At the Salon of 1759 he exhibited nine paintings; it was the first Salon to be commented upon by Denis Diderot, who would prove to be a great admirer and public champion of Chardin's wor\n\nIn 1772 Chardin's son, also a painter, drowned in Venice, a probable suicide. The artist's last known oil painting was dated 1776; his final Salon participation was in 1779, and featured several pastel studies. Gravely ill by November of that year, he died in Paris on December 6, at the age of 80."
https://upload.wikimedia.org/wikipedia/commons/d/d9/Gian_Domenico_Tiepolo-La_Vierge_en_gloire-Mus%C3%A9e_des_beaux-arts_de_Strasbourg.jpg,the immaculate conception with saint lawrence and saint francis of paola,giovanni domenico tiepolo,1770-1774,rococo,"The Immaculate Conception With Saint Lawrence And Saint Francis Of Paola is a Rococo work by Giovanni Domenico Tiepolo, dated 1770-1774.\n\nHe assisted his father in Würzburg 1751–3, decorating the famous stairwell fresco, in Vicenza at the Villa Valmarana ai Nani in 1757, and at the Royal Palace of Madrid for Charles III of Spain from 1762 to 1770."
https://cdn.britannica.com/24/247324-050-FDB6F14E/Watson-and-the-Shark-oil-on-canvas-1782-John-Singleton-Copley.jpg,watson and the shark,john singleton copley,1778,neoclassicism / romanticism,"Watson and the Shark is an oil painting by the Anglo-American painter John Singleton Copley, depicting the rescue of the English boy Brook Watson from a shark attack in Havana, Cuba."
https://upload.wikimedia.org/wikipedia/commons/d/d4/Muchachos_jugando_a_soldados.jpg,boys playing soldiers,francisco de goya,1778-1779,rococo,Boys Playing Soldiers is a 1778–79 tapestry cartoon by Francisco of Goya conceived for the bedroom of the Princes of Asturias in the Royal Palace of El Pardo. It is presently exhibited in the Museo del Prado. A sketch of the artwork is kept nowadays in the Yanduri Collection of Seville.
https://upload.wikimedia.org/wikipedia/commons/6/69/El_columpio.jpg,the swing,francisco de goya,1779,rococo,The Swing is the title of a tapestry cartoon designed by Francisco de Goya for the bedroom of the Princes of Asturias in the Palace of El Pardo. It is kept in the Museo del Prado.
https://upload.wikimedia.org/wikipedia/commons/7/7b/Elisabeth_Louise_Vigee_Lebrun_-_Innocence_takes_refuge_in_the_arms_of_Justice_-_%28MeisterDrucke-136933%29.jpg,innocence takes refuge in the arms of justice,elisabeth vigee le brun,1779,rococo / neoclassicism,"Innocence Takes Refuge In The Arms Of Justice is a Rococo / Neoclassicism work by Elisabeth Vigee Le Brun, dated 1779.\n\nIn 1781, she and her husband toured Flanders, Brussels and the Netherlands, where seeing the works of the Flemish masters inspired her to try new techniques. Her Self-portrait in a Straw Hat (1782) was a ""free imitation"" of Rubens's Le Chapeau de Paille.\n\nWhile in Italy, Vigée Le Brun was elected to the Academy in Parma (1789) and the Accademia di San Luca in Rome (1790). Vigée Le Brun also painted allegorical portraits of Emma Hamilton as Ariadne (1790) and as a Bacchante (1792)."
https://upload.wikimedia.org/wikipedia/commons/5/54/La_novillada.jpg,la novillada,francisco de goya,1780,rococo,"La Novillada is a Rococo work by Francisco De Goya, dated 1780.\n\nHis mother's family had pretensions of nobility and the house, a modest brick cottage, was owned by her family and, perhaps fancifully, bore their crest. About 1749 José and Gracia bought a home in Zaragoza and were able to return to live in the city.\n\nThe cartoons were not his only royal commissions and were accompanied by a series of engravings, mostly copies after old masters such as Marcantonio Raimondi and Velázquez."
https://upload.wikimedia.org/wikipedia/commons/f/f7/Sir_Joshua_Reynolds_-_The_Ladies_Waldegrave_-_Google_Art_Project.jpg,the ladies waldegrave,joshua reynolds,1781,rococo,"The Ladies Waldegrave is a group portrait by Joshua Reynolds from 1780–81, now in the Scottish National Gallery, who acquired it in 1952. It shows the three daughters of James Waldegrave, 2nd Earl Waldegrave, and Maria Walpole – from left to right, Charlotte, Elizabeth and Anna. Exhibited at the Royal Academy Exhibition of 1781 at Somerset House, it was commissioned the previous year by the subjects' mother in the hope of attracting potential suitors for them – all three of them were at the time unmarried."
https://upload.wikimedia.org/wikipedia/commons/f/f3/%C3%89lisabeth_Vig%C3%A9e-Lebrun_-_selfportrait_%28Kimbell_Art_Museum%2C_1781-2%29FXD.jpg,self-portrait,elisabeth vigee le brun,1781,rococo / neoclassicism,"Self-Portrait with Julie (Self-Portrait à la Grecque)  is an oil-on-wood painting by Élisabeth Vigée Le Brun, created in 1789 at the height of the French Revolution, which depicts the artist in a tender embrace with her daughter, Julie. The painting reimagines the artist's 1787 Self-Portrait with Julie (Maternal Tenderness), clothing the figures instead in classical attire, aligning with the rise of Neoclassicism. The painting highlights Vigée Le Brun's technical skill, as well as her artistic identity and independence, especially at a time when art was a male-dominated field. The work is currently in the collection of the Louvre.\n\nThe painting was featured in the 1980 BBC Two series 100 Great Paintings."
https://upload.wikimedia.org/wikipedia/commons/a/a2/Elisabeth_Louise_Vig%C3%A9e-Le_Brun_-_Juno_Borrowing_the_Belt_of_Venus%2C_1781.jpg,juno borrowing the belt of venus,elisabeth vigee le brun,1781,rococo / neoclassicism,"Juno Borrowing The Belt Of Venus is a Rococo / Neoclassicism work by Elisabeth Vigee Le Brun, dated 1781.\n\nIn the PBS historical drama series Marie Antoinette (2022), Elisabeth Vigée Le Brun is portrayed by actress Leïla Muse. In the episode ""Treacherous Legacy"" (Season 2, Episode 3), she is shown painting the queen in her iconic portrait Marie Antoinette in a Chemise Dress (1783), which sparked backlash for depic\n\nAs her career blossomed, Vigée Le Brun was granted patronage by Marie Antoinette. She painted more than 30 portraits of the Queen and her family, leading to the common perception that she was the official portraitist of Marie Antoinette."
https://upload.wikimedia.org/wikipedia/commons/9/96/GSskater.jpg,the skater,gilbert stuart,1782,neoclassicism,"The Skater is a 1782 oil on canvas portrait of Sir William Grant by the American artist Gilbert Stuart. Painted while Stuart was living in London, it was the work that first brought the artist broad recognition."
https://upload.wikimedia.org/wikipedia/commons/3/35/Self-portrait_in_a_Straw_Hat_by_Elisabeth-Louise_Vig%C3%A9e-Lebrun.jpg,self-portrait in a straw hat,elisabeth vigee le brun,1782,rococo / neoclassicism,"Self-Portrait In A Straw Hat is a Rococo / Neoclassicism work by Elisabeth Vigee Le Brun, dated 1782.\n\nIn 1781, she and her husband toured Flanders, Brussels and the Netherlands, where seeing the works of the Flemish masters inspired her to try new techniques. Her Self-portrait in a Straw Hat (1782) was a ""free imitation"" of Rubens's Le Chapeau de Paille.\n\nIn yet another of the series of scandals that marked her early career, her 1784 Portrait of Charles Alexandre de Calonne depicting Louis XVI's minister of finance, Charles Alexandre de Calonne, was the target of a public scandal after it was exhibited in the Salon of 1785."
https://upload.wikimedia.org/wikipedia/commons/6/6d/Ad%C3%A9la%C3%AFde_Labille-Guiard_-_The_Sculptor_Augustin_Pajou_-_WGA12364.jpg,the sculptor augustin pajou,adelaide labille-guiard,1783,rococo / neoclassicism,"The Sculptor Augustin Pajou is a Rococo / Neoclassicism work by Adelaide Labille-Guiard, dated 1783.\n\nLabille-Guiard chose to display some of her work at the Salon de la Correspondance in 1779 and 1783. This included her self-portrait in pastel and oil portraits, which were well received by critics.\n\nOn 31 May 1783 Labille-Guiard was accepted as a member of the French Academie Royale de Peinture et de Sculpture. Her rival, Elisabeth-Louise Vigée Le Brun, was also elected on that day; the two of them were the first women to be inducted."
https://upload.wikimedia.org/wikipedia/commons/5/5f/Louise_Elisabeth_Vig%C3%A9e-Lebrun_-_Marie-Antoinette_dit_%C2%AB_%C3%A0_la_Rose_%C2%BB_-_Google_Art_Project.jpg,marie antoinette with a rose,elisabeth vigee le brun,1783,rococo / neoclassicism,"Marie Antoinette With A Rose is a Rococo / Neoclassicism work by Elisabeth Vigee Le Brun, dated 1783.\n\nDuring her lifetime, Vigée Le Brun's work was publicly exhibited in Paris at the Académie de Saint-Luc (1774), Salon de la Correspondance (1779, 1781, 1782, 1783) and Salon of the Académie in Paris (1783, 1785, 1787, 1789, 1791, 1798, 1802, 1817, 1824).\n\nIn the PBS historical drama series Marie Antoinette (2022), Elisabeth Vigée Le Brun is portrayed by actress Leïla Muse. In the episode ""Treacherous Legacy"" (Season 2, Episode 3), she is shown painting the queen in her iconic portrait Marie Antoinette in a Chemise Dress (1783), which sparked backlash for depic"
https://upload.wikimedia.org/wikipedia/commons/f/fb/%C3%89lisabeth_Vig%C3%A9e_Le_Brun._La_paix_ramenant_l%27abondance.jpg,peace bringing back abundance,elisabeth vigee le brun,1783,rococo / neoclassicism,"Peace Bringing Back Abundance was painted by Élisabeth Vigée Le Brun in 1780 and is now part of the collection of the Louvre, in Paris. The Rococo painting is an allegory of Peace and Abundance, which Le Brun submitted as her reception piece for admission into the French Royal Academy of Painting and Sculpture in 1783. The work was originally received with mixed reviews, with some art critics commending Le Brun for her talent while others rebuked her for the subject choice and questioned her abilities. At the time it was submitted, it was seen as a commentary on the reign of Louis XVI and the signing of a treaty formally ending France's involvement in the American Revolution."
https://upload.wikimedia.org/wikipedia/commons/e/eb/Madame_Grand_%28No%C3%ABl_Catherine_Vorl%C3%A9e%2C_1761%E2%80%931835%29_MET_DP320094.jpg,madame grand,elisabeth vigee le brun,1783,rococo / neoclassicism,"Catherine Noël de Talleyrand-Périgord (née Worlée; 21 November 1761 – 10 December 1835) was a French courtesan and noblewoman. Born in India as the daughter of a French Indies Company official, she married George Grand, a clerk of the British East India Company. She had a liaison with Bengal councillor Philip Francis in Calcutta.\n\nIn 1782, she relocated to Paris, where she was known as Madame Grand and became a popular courtesan having relationships with several powerful men. She became the mistress and later the wife of French diplomat Charles Maurice de Talleyrand-Périgord, the first Prime Minister of France. Catherine was known for her exceptional beauty, which was captured in her 1783 portrait by Élisabeth Vigée Le Brun."
https://upload.wikimedia.org/wikipedia/commons/3/35/Jacques-Louis_David%2C_Le_Serment_des_Horaces.jpg,oath of the horatii,jacques-louis david,1784,neoclassicism,Oath of the Horatii is a large painting by the French artist Jacques-Louis David painted in 1784 and 1785 and now on display in the Louvre in Paris. The painting immediately became a huge success with critics and the public and remains one of the best-known paintings in the Neoclassical style.
https://upload.wikimedia.org/wikipedia/commons/a/ac/Vig%C3%A9e-Lebrun%2C_Elisabeth-Louise_-_Charles-Alexandre_de_Calonne_%281734-1802%29_-_Google_Art_Project.jpg,portrait of charles alexandre de calonne,elisabeth vigee le brun,1784,rococo / neoclassicism,"Portrait Of Charles Alexandre De Calonne is a Rococo / Neoclassicism work by Elisabeth Vigee Le Brun, dated 1784.\n\nIn 1781, she and her husband toured Flanders, Brussels and the Netherlands, where seeing the works of the Flemish masters inspired her to try new techniques. Her Self-portrait in a Straw Hat (1782) was a ""free imitation"" of Rubens's Le Chapeau de Paille.\n\nIn yet another of the series of scandals that marked her early career, her 1784 Portrait of Charles Alexandre de Calonne depicting Louis XVI's minister of finance, Charles Alexandre de Calonne, was the target of a public scandal after it was exhibited in the Salon of 1785."
https://upload.wikimedia.org/wikipedia/commons/d/dd/Labille-Guiard%2C_Self-portrait_with_two_pupils.jpg,self-portrait with two pupils,adelaide labille-guiard,1785,rococo / neoclassicism,"Self-Portrait with Two Pupils, Marie-Gabrielle Capet and Marie Marguerite Carreaux de Rosemond is a 1785 self-portrait painting by Adélaïde Labille-Guiard depicting the artist with two of her pupils, Marie-Gabrielle Capet and Marie-Marguerite Carreaux de Rosemond. It is in the collection of the Metropolitan Museum of Art."
https://upload.wikimedia.org/wikipedia/commons/9/9c/Madame_Vigee-Lebrun_and_her_daughter%2C_Jeanne_Lucia_%28Julie%29.jpg,self-portrait with her daughter julie,elisabeth vigee le brun,1786,neoclassicism / rococo,"Self-Portrait with Julie (Self-Portrait à la Grecque)  is an oil-on-wood painting by Élisabeth Vigée Le Brun, created in 1789 at the height of the French Revolution, which depicts the artist in a tender embrace with her daughter, Julie. The painting reimagines the artist's 1787 Self-Portrait with Julie (Maternal Tenderness), clothing the figures instead in classical attire, aligning with the rise of Neoclassicism. The painting highlights Vigée Le Brun's technical skill, as well as her artistic identity and independence, especially at a time when art was a male-dominated field. The work is currently in the collection of the Louvre.\n\nThe painting was featured in the 1980 BBC Two series 100 Great Paintings."
https://upload.wikimedia.org/wikipedia/commons/b/b3/Marie_Antoinette_and_her_Children_by_%C3%89lisabeth_Vig%C3%A9e-Lebrun.jpg,marie antoinette and her children,elisabeth vigee le brun,1787,neoclassicism / rococo,"Marie Antoinette and Her Children, also known as Marie Antoinette of Lorraine-Habsburg, Queen of France, and Her Children is an oil painting by the French artist Élisabeth Vigée Le Brun, painted in 1787, and currently displayed at the Palace of Versailles. Its dimensions are 275 by 216.5 cm (108.3 by 85.2 in)."
https://upload.wikimedia.org/wikipedia/commons/7/70/Elisabeth-Louise_Vig%C3%A9e_Le_Brun_-_The_Marquise_de_Pezay_and_the_Marquise_de_Roug%C3%A9_with_Her_Sons_Alexis_and_Adrien.jpg,"the marquise de pezay, and the marquise de rouge with her sons alexis and adrien",elisabeth vigee le brun,1787,neoclassicism / rococo,"The Marquise De Pezay, And The Marquise De Rouge With Her Sons Alexis And Adrien is a Neoclassicism / Rococo work by Elisabeth Vigee Le Brun, dated 1787.\n\nIn 1781, she and her husband toured Flanders, Brussels and the Netherlands, where seeing the works of the Flemish masters inspired her to try new techniques. Her Self-portrait in a Straw Hat (1782) was a ""free imitation"" of Rubens's Le Chapeau de Paille.\n\nWhile in Italy, Vigée Le Brun was elected to the Academy in Parma (1789) and the Accademia di San Luca in Rome (1790). Vigée Le Brun also painted allegorical portraits of Emma Hamilton as Ariadne (1790) and as a Bacchante (1792)."
https://upload.wikimedia.org/wikipedia/commons/8/83/Don_Manuel_Osorio_Manrique_de_Z%C3%BA%C3%B1iga.jpg,manuel osorio manrique de zuniga,francisco de goya,1787-1788,rococo,"Manuel Osorio Manrique de Zúñiga is a large full-length portrait in oil painted in 1787–88 by the Spanish artist Francisco Goya. It depicts a boy three or four years of age, standing in red clothes, with birds and cats. It is also known as Goya's ""Red Boy"". It was described by art historian Claus Virch in 1967 as ""one of the most appealing and successful portraits of children ever painted, and also one of the most famous"". The painting has been held by the Metropolitan Museum of Art, in New York, since 1949."
https://upload.wikimedia.org/wikipedia/commons/b/b2/Mme_Louise-Elisabeth_with_her_two_year_old_son.jpg,portrait of louise-elisabeth of france with her son,adelaide labille-guiard,1788,neoclassicism / rococo,"Portrait Of Louise-Elisabeth Of France With Her Son is a Neoclassicism / Rococo work by Adelaide Labille-Guiard, dated 1788.\n\nThrough pure artistic ability and talent, Labille-Guiard became a painter for the royal family. Her royal patrons included the aunt of Louis XVI of France, Princess Marie Adélaïde and her sister Victoria Louise, and the King's sister Elizabeth and earned her a government pension of 1,000 livres.\n\nIn 1793 she was ordered to remit ""the larger and small portraits of the former prince and all studies related to these works, to be devoured by flames."" She was thus forced to destroy what she had hoped to be her grandest work, the history painting commissioned by the Count of Provence (Comte de Provence), Ré"
https://upload.wikimedia.org/wikipedia/commons/5/54/La_gallina_ciega_%28cart%C3%B3n_restaurado%29_por_Francisco_de_Goya.jpg,blind man's bluff,francisco de goya,1789,rococo,"Blind Man's Bluff is one of the Rococo oil-on-linen cartoons produced by the Spanish artist Francisco de Goya for tapestries for the Royal Palace of El Pardo. The painting and the previous sketch are held in the Museo del Prado, in Madrid."
https://upload.wikimedia.org/wikipedia/commons/d/d1/Elisabeth_Vig%C3%A9e-Lebrun_-_Madame_Perregaux_-_WGA25078.jpg,madame perregaux,elisabeth vigee le brun,1789,rococo / neoclassicism,"Madame Perregaux is a Rococo / Neoclassicism work by Elisabeth Vigee Le Brun, dated 1789.\n\nWhile in Italy, Vigée Le Brun was elected to the Academy in Parma (1789) and the Accademia di San Luca in Rome (1790). Vigée Le Brun also painted allegorical portraits of Emma Hamilton as Ariadne (1790) and as a Bacchante (1792).\n\nIn 1787, she caused a minor public scandal when her Self-portrait with her Daughter Julie was exhibited at that year's Salon showing her smiling and open-mouthed, which was in direct contravention of traditional painting conventions going back to antiquity."
https://upload.wikimedia.org/wikipedia/commons/3/3e/Self-portrait_with_Her_Daughter_by_Elisabeth-Louise_Vig%C3%A9e_Le_Brun.jpg,self-portrait with her daughter,elisabeth vigee le brun,1789,neoclassicism / rococo,"Self-Portrait with Julie (Self-Portrait à la Grecque)  is an oil-on-wood painting by Élisabeth Vigée Le Brun, created in 1789 at the height of the French Revolution, which depicts the artist in a tender embrace with her daughter, Julie. The painting reimagines the artist's 1787 Self-Portrait with Julie (Maternal Tenderness), clothing the figures instead in classical attire, aligning with the rise of Neoclassicism. The painting highlights Vigée Le Brun's technical skill, as well as her artistic identity and independence, especially at a time when art was a male-dominated field. The work is currently in the collection of the Louvre.\n\nThe painting was featured in the 1980 BBC Two series 100 Great Paintings."
https://upload.wikimedia.org/wikipedia/commons/7/79/Joseph_Mallord_William_Turner_-_Fisherman%27s_Cottage%2C_Dover_-_Google_Art_Project.jpg,"fisherman's cottage, dover",jmw turner,1790,romanticism,
https://upload.wikimedia.org/wikipedia/commons/c/c9/Lebrun%2C_Self-portrait.jpg,"self-portrait, painting marie antoinette",elisabeth vigee le brun,1790,neoclassicism / rococo,"Self-Portrait Painting Marie Antoinette is an oil-on-canvas painting by Élisabeth Vigée Le Brun from 1790. It is held in the collection of the Uffizi in Florence. The painting shows Le Brun in a black silk robe with a red sash, pausing mid-brushstroke before an outlined image. Le Brun painted the work in Rome after fleeing France to escape the French Revolution in 1789. She conceived the work as a demonstration of her support for the French Queen. She intended to give the work to the Grand Duke of Tuscany for the gallery that he maintained of artists' self-portraits."
https://upload.wikimedia.org/wikipedia/commons/a/a9/Elisabeth_Vig%C3%A9e-Lebrun_-_Lady_Hamilton_as_the_Persian_Sibyl.jpg,life study of lady hamilton as the cumaean sybil,elisabeth vigee le brun,1792,neoclassicism / rococo,"Life Study Of Lady Hamilton As The Cumaean Sybil is a Neoclassicism / Rococo work by Elisabeth Vigee Le Brun, dated 1792.\n\nWhile in Italy, Vigée Le Brun was elected to the Academy in Parma (1789) and the Accademia di San Luca in Rome (1790). Vigée Le Brun also painted allegorical portraits of Emma Hamilton as Ariadne (1790) and as a Bacchante (1792).\n\nUpon finishing her portrait of the Queen, she was offered her summerhouse near the coast to entice her to spend more time in Naples, but Le Brun insisted on leaving. Before departing, the Queen gave her a luxurious lacquered box containing her monogram surrounded by fine gems."
https://upload.wikimedia.org/wikipedia/commons/2/2f/Elisabeth_Vig%C3%A9e-Lebrun_-_Portrait_of_Anna_Pitt_as_Hebe_-_WGA25079.jpg,anne pitt as hebe,elisabeth vigee le brun,1792,neoclassicism / rococo,"Anne Pitt As Hebe is a Neoclassicism / Rococo work by Elisabeth Vigee Le Brun, dated 1792.\n\nWhile in Italy, Vigée Le Brun was elected to the Academy in Parma (1789) and the Accademia di San Luca in Rome (1790). Vigée Le Brun also painted allegorical portraits of Emma Hamilton as Ariadne (1790) and as a Bacchante (1792).\n\nUpon finishing her portrait of the Queen, she was offered her summerhouse near the coast to entice her to spend more time in Naples, but Le Brun insisted on leaving. Before departing, the Queen gave her a luxurious lacquered box containing her monogram surrounded by fine gems."
https://upload.wikimedia.org/wikipedia/commons/8/80/%C3%89lisabeth_Vig%C3%A9e-Lebrun_-_Portrait_of_Lady_Hamilton_%281761%E2%80%931815%29.jpg,lady hamilton as a bacchante,elisabeth vigee le brun,1792,neoclassicism / rococo,"Lady Hamilton as a Bacchante is a c. 1792 portrait painting by the French artist Élisabeth Louise Vigée Le Brun. It depicts the English dancer and actress Emma, Lady Hamilton. She is depicted as a Bacchante from Greek Mythology.\n\nShe married Sir William Hamilton, the British ambassador in Naples, in 1791. It was one of four paintings of Hamilton that Le Brun painted during her own time in Italy, where she had moved following the French Revolution. Lady Hamilton later became known for her love affair with the British admiral Horatio Nelson, 1st Viscount Nelson. Today the painting is in the collection of the Lady Lever Art Gallery, having been acquired in 1925."
https://upload.wikimedia.org/wikipedia/commons/a/aa/Death_of_Marat_by_David.jpg,the death of marat,jacques-louis david,1793,neoclassicism,"The Death of Marat is a 1793 painting by Jacques-Louis David depicting the artist's friend and murdered French revolutionary leader, Jean-Paul Marat. One of the most famous images from the era of the French Revolution, it was painted when David was the leading French Neoclassical painter, a Montagnard, and a member of the revolutionary Committee of General Security. Created in the months after Marat's death, the painting shows Marat lying dead in his bath after his assassination by Charlotte Corday on 13 July 1793."
https://upload.wikimedia.org/wikipedia/commons/f/f6/Joseph_Mallord_William_Turner_-_Clare_Hall_and_King%E2%80%99s_College_Chapel%2C_Cambridge%2C_from_the_Banks_of_the_River_Cam_-_Google_Art_Project.jpg,"clare hall and king's college chapel, cambridge, from the banks of the river cam",jmw turner,1793,romanticism,
https://upload.wikimedia.org/wikipedia/commons/1/11/Joseph_Mallord_William_Turner_-_The_Angler_-_Google_Art_Project.jpg,the angler,jmw turner,1794,romanticism,
https://upload.wikimedia.org/wikipedia/commons/7/7b/Turner_Tintern1.jpg,tintern abbey,jmw turner,1795,romanticism,"Tintern Abbey is a ruined medieval abbey adjacent to the village of Tintern in Monmouthshire, on the Welsh bank of the River Wye, which at this location forms the border between Monmouthshire in Wales and Gloucestershire in England. Founded on 9 May 1131 by Walter de Clare, Lord of Chepstow, it was the first Cistercian foundation in Wales, and the second in Britain."
https://upload.wikimedia.org/wikipedia/commons/b/b2/Elizaveta_Alexeevna_with_roses_by_Vigee-Le_Brun_%281795%2C_Hermitage%29.jpg,grand duchess elizabeth alexeievna with roses,elisabeth vigee le brun,1795,neoclassicism / rococo,"Grand Duchess Elizabeth Alexeievna With Roses is a Neoclassicism / Rococo work by Elisabeth Vigee Le Brun, dated 1795.\n\nWhile in Italy, Vigée Le Brun was elected to the Academy in Parma (1789) and the Accademia di San Luca in Rome (1790). Vigée Le Brun also painted allegorical portraits of Emma Hamilton as Ariadne (1790) and as a Bacchante (1792).\n\nIn Russia, where she stayed from 1795 until 1801, she was well-received by the nobility and painted numerous aristocrats, including the former King of Poland, Stanisław August Poniatowski, whom she became well acquainted with, and other members of the family of Catherine the Great."
https://upload.wikimedia.org/wikipedia/commons/0/0d/Joseph_Mallord_William_Turner_-_Fishermen_at_Sea_-_Google_Art_Project.jpg,fishermen at sea,jmw turner,1796,romanticism,
https://upload.wikimedia.org/wikipedia/commons/3/3e/Alexandra_and_Elena_Pavlovna_of_Russia_by_E.Vigee-Lebrun_%281796%2C_Hermitage%29.jpg,alexandra and elena pavlovna,elisabeth vigee le brun,1795-1797,neoclassicism / rococo,"Alexandra And Elena Pavlovna is a Neoclassicism / Rococo work by Elisabeth Vigee Le Brun, dated 1795-1797.\n\nWhile in Italy, Vigée Le Brun was elected to the Academy in Parma (1789) and the Accademia di San Luca in Rome (1790). Vigée Le Brun also painted allegorical portraits of Emma Hamilton as Ariadne (1790) and as a Bacchante (1792).\n\nIn Russia, where she stayed from 1795 until 1801, she was well-received by the nobility and painted numerous aristocrats, including the former King of Poland, Stanisław August Poniatowski, whom she became well acquainted with, and other members of the family of Catherine the Great."
https://upload.wikimedia.org/wikipedia/commons/6/68/Elisabeth_Louise_Vigee_Le_Brun_-_Countess_Anna_Ivanovna_Tolstaya.jpg,anna ivanovna baryatinskaya tolstoy,elisabeth vigee le brun,1796,neoclassicism / rococo,"Anna Ivanovna Baryatinskaya Tolstoy is a Neoclassicism / Rococo work by Elisabeth Vigee Le Brun, dated 1796.\n\nWhile in Italy, Vigée Le Brun was elected to the Academy in Parma (1789) and the Accademia di San Luca in Rome (1790). Vigée Le Brun also painted allegorical portraits of Emma Hamilton as Ariadne (1790) and as a Bacchante (1792).\n\nShortly after her arrival in Paris, Vigée Le Brun was commissioned by the court painter, Vivant Denon, to paint a portrait of the Emperor's sister Caroline Bonaparte, though she had heard that her journey to England had displeased Napoleon, who had allegedly said ""Madame Le Brun has gone to England to see her"
https://upload.wikimedia.org/wikipedia/commons/f/fb/%28Barcelona%29_Morning_amongst_the_Coniston_Fells%2C_Cumberland_-_William_Turner_-_Tate_Britain.jpg,morning among the coniston fells,jmw turner,1798,romanticism,
https://cdn.topofart.com/images/artists/Francisco_de_Goya_y_Lucientes/paintings-wm/goya003.webp,la maja desnuda,francisco de goya,1797-1800,romanticism,"La maja vestida (English translation: The Clothed Maja) is an oil painting on canvas created between 1800 and 1807 by the Spanish Romantic painter and printmaker Francisco Goya. It is a clothed version of the earlier La maja desnuda, which was created between 1795 and 1800. The identity of the model and that of the commissioner have not been confirmed. However, art historians and scholars have suggested she is María Cayetana de Silva or Godoy's mistress Pepita Tudó.\n\nThe paintings were never publicly exhibited during Goya's lifetime, so it is also unknown if they were created as pendant paintings, to be displayed as a pair. However, since 1901 they have been exhibited together at the Museo Nacional del Prado in Madrid."
https://upload.wikimedia.org/wikipedia/commons/a/aa/Vigee-Lebrun%E2%80%93Julie-Lebrun-as-Flora.jpg,julie le brun as flora,elisabeth vigee le brun,1799,neoclassicism / rococo,"Julie Le Brun As Flora is a Neoclassicism / Rococo work by Elisabeth Vigee Le Brun, dated 1799.\n\nShortly after her arrival in Paris, Vigée Le Brun was commissioned by the court painter, Vivant Denon, to paint a portrait of the Emperor's sister Caroline Bonaparte, though she had heard that her journey to England had displeased Napoleon, who had allegedly said ""Madame Le Brun has gone to England to see her\n\nAs the situation in Paris and France continued to deteriorate with the rising tide of the revolution, the artist decided to leave Paris, and obtained passports for herself, her daughter and their governess."
https://upload.wikimedia.org/wikipedia/commons/f/f3/Joseph_Mallord_William_Turner_-_The_Fifth_Plague_of_Egypt_-_Google_Art_Project.jpg,the fifth plague of egypt,jmw turner,1800,romanticism,
https://upload.wikimedia.org/wikipedia/commons/6/67/Vig%C3%A9e-Lebrun_1800.jpg,"self-portrait, painting louise of baden",elisabeth vigee le brun,1800,neoclassicism / rococo,"Self-Portrait, Painting Louise Of Baden is a Neoclassicism / Rococo work by Elisabeth Vigee Le Brun, dated 1800.\n\nShortly after her arrival in Paris, Vigée Le Brun was commissioned by the court painter, Vivant Denon, to paint a portrait of the Emperor's sister Caroline Bonaparte, though she had heard that her journey to England had displeased Napoleon, who had allegedly said ""Madame Le Brun has gone to England to see her\n\nAs the situation in Paris and France continued to deteriorate with the rising tide of the revolution, the artist decided to leave Paris, and obtained passports for herself, her daughter and their governess."
https://upload.wikimedia.org/wikipedia/commons/8/81/Joseph_Mallord_William_Turner_-_Dutch_Boats_in_a_Gale_-_WGA23163.jpg,dutch boats in a gale,jmw turner,1801,romanticism,
https://upload.wikimedia.org/wikipedia/commons/5/5a/Villers_Young_Woman_Drawing.jpg,marie-denise villers,young woman drawing,1801,neoclassicism,
https://upload.wikimedia.org/wikipedia/commons/e/e2/Joseph_Mallord_William_Turner_024.jpg,calais pier,jmw turner,1803,romanticism,
https://upload.wikimedia.org/wikipedia/commons/c/c4/Turner-deluge.jpg,the deluge,jmw turner,1804-1805,romanticism,
https://upload.wikimedia.org/wikipedia/commons/f/fd/David_-_Napoleon_crossing_the_Alps_-_Malmaison2.jpg,napoleon crossing the alps,jacques-louis david,1805,neoclassicism,"Napoleon Crossing the Alps (also known as Napoleon at the Saint-Bernard Pass or Bonaparte Crossing the Alps; listed as Le Premier Consul franchissant les Alpes au col du Grand Saint-Bernard) is a series of five oil on canvas equestrian portraits of Napoleon Bonaparte painted by the French artist Jacques-Louis David between 1801 and 1805. Initially commissioned by the King of Spain, the composition shows a strongly idealized view of the real crossing that Napoleon and his army made along the Alps through the Great St Bernard Pass in May 1800.\n\nIt has become one of the most commonly reproduced images of Napoleon."
https://cdn.topofart.com/images/artists/Jean_Auguste_Dominique_Ingres/paintings-wm/ingres008.webp,napoleon i on the imperial throne,jean-auguste-dominique ingres,1806,neoclassicism,"Napoleon I On The Imperial Throne is a Neoclassicism work by Jean-Auguste-Dominique Ingres, dated 1806.\n\nIn 1802 he made his debut at the Salon with Portrait of a Woman (the current whereabouts of which is unknown). Between 1804 and 1806 he painted a series of portraits which were striking for their extreme precision, particularly in the richness of their fabrics and tiny details.\n\nHis residence in Rome was postponed until 1806 due to a shortage of state funds. In the meantime, he worked in Paris alongside several other students of David in a studio provided by the state, and further developed a style that emphasised purity of contour."
https://upload.wikimedia.org/wikipedia/commons/3/3a/Marie-Gabrielle_Capet_-_Atelier_of_Madame_Vincent_-_1808.jpg,atelier of madame vincent,adelaide labille-guiard,1808,neoclassicism,"Atelier Of Madame Vincent is a Neoclassicism work by Adelaide Labille-Guiard, dated 1808.\n\nIn 1793 she was ordered to remit ""the larger and small portraits of the former prince and all studies related to these works, to be devoured by flames."" She was thus forced to destroy what she had hoped to be her grandest work, the history painting commissioned by the Count of Provence (Comte de Provence), Ré\n\nIn 1795 she obtained artist's lodging at the Louvre (following a decade-long campaign) and a new pension of 2,000 livres. She was the first woman artist to be permitted to set up a studio for herself and her students at the Louvre."
https://upload.wikimedia.org/wikipedia/commons/f/f4/Joseph_Mallord_William_Turner_-_London_from_Greenwich_Park_-_Google_Art_Project.jpg,london from greenwich park,jmw turner,1809,romanticism,
https://upload.wikimedia.org/wikipedia/commons/6/6f/John_Martin_-_Ruins_of_an_Ancient_City_-_Cleveland_Art_Museum.jpg,ruins of an ancient city,john martin,1810,romanticism,"Ruins Of An Ancient City is a Romanticism work by John Martin, dated 1810.\n\nMartin began to supplement his income by painting sepia watercolours. He sent his first oil painting to the Royal Academy in 1810, but it was not hung. In 1811 he sent the painting once again, when it was hung under the title A Landscape Composition as item no.46 in the Great Room.\n\nHis first exhibited subject picture, Sadak in Search of the Waters of Oblivion (now in the St. Louis Art Museum), was hung in the Ante-room of the Royal Academy in 1812, and sold for fifty guineas. The piece depicts a scene from the Tales of Two Genii."
https://upload.wikimedia.org/wikipedia/commons/a/ab/Saltash_with_the_Water_Ferry%2C_Cornwall_MET_DP169566.jpg,saltash with the water ferry,jmw turner,1811,romanticism,
https://upload.wikimedia.org/wikipedia/commons/f/f4/Joseph_Mallord_William_Turner_081.jpg,show storm: hannibal and his army crossing the alps,jmw turner,1812,romanticism,
https://upload.wikimedia.org/wikipedia/commons/2/27/Arcadian_Landscape.jpg,arcadian landscape,john martin,1810-1814,romanticism,"Arcadian Landscape is a Romanticism work by John Martin, dated 1810-1814.\n\nMartin began to supplement his income by painting sepia watercolours. He sent his first oil painting to the Royal Academy in 1810, but it was not hung. In 1811 he sent the painting once again, when it was hung under the title A Landscape Composition as item no.46 in the Great Room.\n\nIn the years of the Regency from 1812 onwards there was a fashion for such 'sublime' paintings. Martin's first break came at the end of a season at the Royal Academy, where his first major sublime canvas Sadak in Search of the Waters of Oblivion had been hung—and ignored."
https://upload.wikimedia.org/wikipedia/commons/b/b5/John_Martin_-_Sadak_in_Search_of_the_Waters_of_Oblivion_-_1566-1983_-_Saint_Louis_Art_Museum.jpg,sadak in search of the waters of oblivion,john martin,1812,romanticism,"Sadak in Search of the Waters of Oblivion is an 1812 oil painting by John Martin. It has been called ""the most famous of the British romantic works""; it was the first of Martin's characteristically dramatic, grand, grandiose large pictures, and anchored the development of the style for which Martin would become famous.\n\nThe painting shows a human figure climbing in a mountain landscape. The man struggles to surmount a rocky outcrop beside a pool and waterfall; more jagged cliffs and peaks loom in the background, vastly receding.  Martin later stated that he finished the work in a month."
https://upload.wikimedia.org/wikipedia/commons/7/7e/GericaultHorseman.jpg,the charging chasseur,theodore gericault,1812,romanticism,"The Charging Chasseur is a Romanticism work by Theodore Gericault, dated 1812.\n\nIn 1808, Géricault began training at the studio of Carle Vernet, where he was educated in the tradition of English sporting art.\n\nHe exhibited Wounded Cuirassier at the Salon of 1814, a work more labored and less well received. Géricault in a fit of disappointment entered the army and served for a time in the garrison of Versailles."
https://upload.wikimedia.org/wikipedia/commons/f/fd/El_Tres_de_Mayo%2C_by_Francisco_de_Goya%2C_from_Prado_thin_black_margin.jpg,the third of may 1808,francisco de goya,1814,romanticism,"The Third of May 1808 in Madrid (commonly known as The Third of May 1808) and also known, in Spanish, as El tres de mayo de 1808 en Madrid or Los fusilamientos de la montaña del Príncipe Pío, or Los fusilamientos del tres de mayo, is a painting completed in 1814 by the Spanish painter Francisco Goya. In the work, Goya sought to commemorate Spanish resistance to Napoleon's armies during the occupation of Madrid in 1808 at the start of the Peninsular War."
https://cdn.topofart.com/images/artists/Jean_Auguste_Dominique_Ingres/paintings-wm/ingres026.webp,the grande odalisque,jean-auguste-dominique ingres,1814,neoclassicism / romanticism / mannerism,"Grande Odalisque, also known as Une Odalisque or La Grande Odalisque, is an oil painting by Jean-Auguste-Dominique Ingres depicting an odalisque, or concubine in 1814. Ingres' contemporaries considered the work to signify Ingres' break from Neoclassicism, indicating a shift toward exotic Romanticism.\n\nGrande Odalisque received heavy criticism when it was first shown, and is renowned for the elongated proportions and lack of anatomical realism. The painting is currently owned by the Louvre Museum in Paris, which purchased the work in 1899."
https://upload.wikimedia.org/wikipedia/commons/b/bb/Th%C3%A9odore_g%C3%A9ricault%2C_corazziere_ferito_che_abbandona_il_fuoco%2C_ante_1814%2C_01.jpg,the wounded cuirassier,theodore gericault,1814,romanticism,"The Wounded Cuirassier is a Romanticism work by Theodore Gericault, dated 1814.\n\nIn 1808, Géricault began training at the studio of Carle Vernet, where he was educated in the tradition of English sporting art.\n\nHe exhibited Wounded Cuirassier at the Salon of 1814, a work more labored and less well received. Géricault in a fit of disappointment entered the army and served for a time in the garrison of Versailles."
https://upload.wikimedia.org/wikipedia/commons/6/63/Joshua_Commanding_the_Sun_to_Stand_Still_upon_Gibeon_%281816%29_John_Martin_-_NGA_2004.64.1.jpg,joshua commanding the sun to stand still upon gibeon,john martin,1816,romanticism,"Joshua Commanding The Sun To Stand Still Upon Gibeon is a Romanticism work by John Martin, dated 1816.\n\nHis first exhibited subject picture, Sadak in Search of the Waters of Oblivion (now in the St. Louis Art Museum), was hung in the Ante-room of the Royal Academy in 1812, and sold for fifty guineas. The piece depicts a scene from the Tales of Two Genii.\n\nThis promising career was interrupted by the deaths of his father, mother, grandmother and young son in a single year. Another distraction was William, who frequently asked him to draw up plans for his inventions, and whom he always indulged with help and money."
https://upload.wikimedia.org/wikipedia/commons/d/df/John_Martin_-_The_Bard_-_Google_Art_Project.jpg,the bard,john martin,1817,romanticism,"The Bard is a Romanticism work by John Martin, dated 1817.\n\nThis promising career was interrupted by the deaths of his father, mother, grandmother and young son in a single year. Another distraction was William, who frequently asked him to draw up plans for his inventions, and whom he always indulged with help and money.\n\nMartin's eldest brother, William was by turn a rope-maker, soldier, inventor, scientist, writer and lecturer, who attempted to develop a rival philosophy to ""Newtonian"" science, allowing for perpetual motion, and denying the law of gravity."
https://upload.wikimedia.org/wikipedia/commons/b/b9/Caspar_David_Friedrich_-_Wanderer_above_the_sea_of_fog.jpg,wanderer above the sea of fog,casper david friedrich,1818,romanticism,
https://upload.wikimedia.org/wikipedia/commons/0/08/DortorDordrecht.jpg,dort or dordrecht: the dort packet-boat from rotterdam becalmed,jmw turner,1818,romanticism,
https://upload.wikimedia.org/wikipedia/commons/f/f6/Joseph_Mallord_William_Turner_%281775-1851%29_-_The_Field_of_Waterloo_-_NG500_-_Tate.jpg,the field of waterloo,jmw turner,1818,romanticism,
https://upload.wikimedia.org/wikipedia/commons/b/b7/Th%C3%A9odore_G%C3%A9ricault_-_Evening%2C_Landscape_with_an_Aqueduct.jpg,evening: landscape with an aqueduct,theodore gericault,1818,romanticism,"Evening: Landscape With An Aqueduct is a Romanticism work by Theodore Gericault, dated 1818.\n\nThe painting ignited political controversy when first exhibited at the Paris Salon of 1819; it then traveled to England in 1820, accompanied by Géricault himself, where it received much praise.\n\nGéricault's last efforts were directed toward preliminary studies for several epic compositions, including the Opening of the Doors of the Spanish Inquisition and the African Slave Trade. The preparatory drawings suggest works of great ambition, but Géricault's waning health intervened."
https://upload.wikimedia.org/wikipedia/commons/5/5d/Marie_Ellenrieder_Selbstbildnis_1819.jpg,self portrait,marie ellenrieder,1819,nazarene / romanticism,"Self Portrait is a Nazarene / Romanticism work by Marie Ellenrieder, dated 1819.\n\nBetween 1822 and 1824, during a study trip in Rome, Ellenrieder met the Nazarenes and became a disciple of Johann Friedrich Overbeck. The Nazarenes' objective was to lead a renewal of religious art in the spirit of the Italian Renaissance master Raphael, an ideal Ellenrieder adopted. After this journey, and further influenced by her friend and patron Baron von Wessenberg, she began painting religious images in the style of the Italian Renaissance, including Martyrdom of St. Stephen for the Church of St. Stephen in Karlsruhe in 1828. In 1829, she became court painter to Grand Duchess Sophie of Baden."
https://upload.wikimedia.org/wikipedia/commons/5/50/The_fall_of_Babylon%3B_Cyrus_the_Great_defeating_the_Chaldean_Wellcome_V0034440.jpg,the fall of babylon; cyrus the great defeating the chaldean army,john martin,1819,romanticism,"The Fall Of Babylon; Cyrus The Great Defeating The Chaldean Army is a Romanticism work by John Martin, dated 1819.\n\nMartin's eldest brother, William was by turn a rope-maker, soldier, inventor, scientist, writer and lecturer, who attempted to develop a rival philosophy to ""Newtonian"" science, allowing for perpetual motion, and denying the law of gravity.\n\nMartin's triumph was Belshazzar's Feast (1820), of which he boasted beforehand, ""it shall make more noise than any picture ever did before... only don't tell anyone I said so."" Five thousand people paid to see it."
https://upload.wikimedia.org/wikipedia/commons/1/15/JEAN_LOUIS_TH%C3%89ODORE_G%C3%89RICAULT_-_La_Balsa_de_la_Medusa_%28Museo_del_Louvre%2C_1818-19%29.jpg,the raft of medusa,theodore gericault,1819,romanticism,"The Raft Of Medusa is a Romanticism work by Theodore Gericault, dated 1819.\n\nThe painting ignited political controversy when first exhibited at the Paris Salon of 1819; it then traveled to England in 1820, accompanied by Géricault himself, where it received much praise.\n\nGéricault's last efforts were directed toward preliminary studies for several epic compositions, including the Opening of the Doors of the Spanish Inquisition and the African Slave Trade. The preparatory drawings suggest works of great ambition, but Géricault's waning health intervened."
https://upload.wikimedia.org/wikipedia/commons/e/ec/John_Martin_-_Belshazzar%27s_Feast_-_Google_Art_Project.jpg,belshazzar's feast,john martin,1820,romanticism,"Belshazzar's Feast is a Romanticism work by John Martin, dated 1820.\n\nHis first exhibited subject picture, Sadak in Search of the Waters of Oblivion (now in the St. Louis Art Museum), was hung in the Ante-room of the Royal Academy in 1812, and sold for fifty guineas. The piece depicts a scene from the Tales of Two Genii.\n\nMartin's triumph was Belshazzar's Feast (1820), of which he boasted beforehand, ""it shall make more noise than any picture ever did before... only don't tell anyone I said so."" Five thousand people paid to see it."
https://upload.wikimedia.org/wikipedia/commons/c/ce/John_Martin_-_Macbeth_-_Google_Art_Project.jpg,macbeth,john martin,1820,romanticism,"Macbeth is a Romanticism work by John Martin, dated 1820.\n\nHis first exhibited subject picture, Sadak in Search of the Waters of Oblivion (now in the St. Louis Art Museum), was hung in the Ante-room of the Royal Academy in 1812, and sold for fifty guineas. The piece depicts a scene from the Tales of Two Genii.\n\nMartin's triumph was Belshazzar's Feast (1820), of which he boasted beforehand, ""it shall make more noise than any picture ever did before... only don't tell anyone I said so."" Five thousand people paid to see it."
https://upload.wikimedia.org/wikipedia/commons/e/ea/The_Melancholic_Man_-_Th%C3%A9odore_G%C3%A9ricault.jpg,the melancholic man,theodore gericault,1819-1822,romanticism / realism,"The Melancholic Man is a Romanticism / Realism work by Theodore Gericault, dated 1819-1822.\n\nIn 1808, Géricault began training at the studio of Carle Vernet, where he was educated in the tradition of English sporting art.\n\nThe painting ignited political controversy when first exhibited at the Paris Salon of 1819; it then traveled to England in 1820, accompanied by Géricault himself, where it received much praise."
https://upload.wikimedia.org/wikipedia/commons/5/5e/John_Constable_-_The_Hay_Wain_%281821%29.jpg,the hay wain,john constable,1821,romanticism,"The Hay Wain – originally titled Landscape: Noon – is a painting by John Constable, completed in 1821, which depicts a rural scene on the River Stour between the English counties of Suffolk and Essex. It hangs in the National Gallery in London and is regarded as ""Constable's most famous image"" and one of the greatest and most popular English paintings. It is considered as one of the quintessential paintings from the Romantic movement of arts and literature."
https://upload.wikimedia.org/wikipedia/commons/d/d1/Destruction_of_Pompeii_and_Herculaneum.jpg,the destruction of pompeii and herculaneum,john martin,1821,romanticism,"The Destruction of Pompeii and Herculaneum is a large 1822 painting by English artist John Martin of the eruption of Mount Vesuvius in 79 AD. It follows the pattern set by his previous successful painting, Belshazzar's Feast, which was another depiction of a dramatic scene from history delivered from an esoteric point of view. The work appeared to be lost from the Tate Gallery storerooms soon after it was damaged by the 1928 Thames flood. However, it was rediscovered in 1973 and subsequently restored in 2011."
https://upload.wikimedia.org/wikipedia/commons/f/f3/Jean_Louis_Th%C3%A9odore_G%C3%A9ricault_001.jpg,the 1821 derby at epsom,theodore gericault,1821,romanticism,"The 1821 Derby at Epsom, or Horse Race is an 1821 painting by the French artist Théodore Géricault in the Louvre Museum, showing The Derby of that year."
https://upload.wikimedia.org/wikipedia/commons/0/01/Caspar_David_Friedrich_-_Mondaufgang_am_Meer_-_Google_Art_Project.jpg,moonrise over the sea,casper david friedrich,1822,romanticism,
https://cdn.topofart.com/images/artists/Francisco_de_Goya_y_Lucientes/paintings-wm/goya002.webp,saturn devouring one of his sons,francisco de goya,1821-1823,romanticism,Saturn Devouring His Son is a painting by Spanish artist Francisco Goya. The work is one of the 14 so-called Black Paintings that Goya painted directly on the walls of his house some time between 1820 and 1823. It was transferred to canvas after Goya's death and is now in the Museo del Prado in Madrid.
https://upload.wikimedia.org/wikipedia/commons/7/70/Eug%C3%A8ne_Delacroix_-_The_Barque_of_Dante.jpg,the barque of dante,eugene delacroix,1822,romanticism,"The Barque of Dante, also Dante and Virgil in Hell, is the first major painting by the French artist Eugène Delacroix, and is a work signalling the shift in the character of narrative painting, from Neo-Classicism towards Romanticism. The painting loosely depicts events narrated in canto eight of Dante's Inferno; a leaden, smoky mist and the blazing City of Dis form the backdrop against which the poet Dante fearfully endures his crossing of the River Styx. As his barque ploughs through waters heaving with tormented souls, Dante is steadied by Virgil, the learned poet of Classical antiquity."
https://upload.wikimedia.org/wikipedia/commons/2/25/Th%C3%A9odore_G%C3%A9ricault_-_Portrait_of_a_Kleptomaniac_-_WGA08636.jpg,portrait of a kleptomaniac,theodore gericault,1822,romanticism / realism,"Portrait Of A Kleptomaniac is a Romanticism / Realism work by Theodore Gericault, dated 1822.\n\nThe painting ignited political controversy when first exhibited at the Paris Salon of 1819; it then traveled to England in 1820, accompanied by Géricault himself, where it received much praise.\n\nGéricault's last efforts were directed toward preliminary studies for several epic compositions, including the Opening of the Doors of the Spanish Inquisition and the African Slave Trade. The preparatory drawings suggest works of great ambition, but Géricault's waning health intervened."
https://upload.wikimedia.org/wikipedia/commons/6/6a/The_mad_woman-Theodore_Gericault-MBA_Lyon_B825-IMG_0477.jpg,portrait of a woman suffering from obsessive envy,theodore gericault,1822,romanticism / realism,"Portrait Of A Woman Suffering From Obsessive Envy is a Romanticism / Realism work by Theodore Gericault, dated 1822.\n\nThe painting ignited political controversy when first exhibited at the Paris Salon of 1819; it then traveled to England in 1820, accompanied by Géricault himself, where it received much praise.\n\nGéricault's last efforts were directed toward preliminary studies for several epic compositions, including the Opening of the Doors of the Spanish Inquisition and the African Slave Trade. The preparatory drawings suggest works of great ambition, but Géricault's waning health intervened."
https://upload.wikimedia.org/wikipedia/commons/5/5a/A_Madwoman_and_Compulsive_Gambler_1822_Theodore_Gericault.jpg,the woman with a gambling mania,theodore gericault,1822,romanticism / realism,"The Woman with Gambling Mania is an 1822 painting by Théodore Géricault. It is a member of a series of ten portraits of people with specific manias done by Géricault between 1820 and 1824, including Portrait of a Kleptomaniac and Insane Woman. Following the controversy surrounding his The Raft of the Medusa, Géricault fell into a depression. In return for help by psychiatrist Étienne-Jean Georget, Géricault offered him a series of paintings of mental patients, including this one, in a time when the scientific world was curious about the minds of the mentally insane. A solid example of romanticism, Géricault's portrait of a mental asylum patient attempts to show a specific form of insanity through facial expression."
https://upload.wikimedia.org/wikipedia/commons/4/41/GericaultMonomaniacOfMilitaryCommander.jpg,man suffering from delusions of military rank,theodore gericault,1822,romanticism / realism,"Man Suffering From Delusions Of Military Rank is a Romanticism / Realism work by Theodore Gericault, dated 1822.\n\nThe painting ignited political controversy when first exhibited at the Paris Salon of 1819; it then traveled to England in 1820, accompanied by Géricault himself, where it received much praise.\n\nGéricault's last efforts were directed toward preliminary studies for several epic compositions, including the Opening of the Doors of the Spanish Inquisition and the African Slave Trade. The preparatory drawings suggest works of great ambition, but Géricault's waning health intervened."
https://upload.wikimedia.org/wikipedia/commons/8/8a/Martin%2C_John_-_The_Seventh_Plague_-_1823.jpg,the seventh plague of egypt,john martin,1823,romanticism,"The Seventh Plague of Egypt is an 1823 oil painting by the British artist John Martin. It depicts the seventh of the biblical plagues of Ancient Egypt. Moses can be seen with his staff in his hands, calling down the violent storm of thunder and hail onto the Egyptians holding the Israelites in slavery. Martin painted a series of epic biblical paintings. For this painting he drew on recent archaeological discoveries of Egyptian buildings."
https://cdn.topofart.com/images/artists/Caspar_David_Friedrich/paintings-wm/friedrich003.webp,the polar sea (the sea of ice),casper david friedrich,1823-1824,romanticism,
https://upload.wikimedia.org/wikipedia/commons/8/8f/Sc%C3%A8ne_des_massacres_de_Scio%2C_Eug%C3%A8ne_Delacroix_-_Mus%C3%A9e_du_Louvre_Peintures_INV_3823_%3B_C3.jpg,the massacre at chios,eugene delacroix,1824,romanticism,"Scenes from the Massacre at Chios is the second major oil painting by the French artist Eugène Delacroix. The work is more than four meters tall, and shows some of the horror of the wartime destruction visited on the northern Aegean Sea island of Chios in the 1822 Chios massacre. A frieze-like display of suffering characters, military might, ornate and colourful costumes, terror, disease and death is shown in front of a scene of widespread desolation."
https://upload.wikimedia.org/wikipedia/commons/e/ea/Louise-Elisabeth_Vig%C3%A9e-Lebrun_-_La_duchesse_de_Berry_en_robe_de_velours_bleu.jpg,portrait of the duchess of berry,elisabeth vigee le brun,1824,neoclassicism / rococo,"Portrait Of The Duchess Of Berry is a Neoclassicism / Rococo work by Elisabeth Vigee Le Brun, dated 1824.\n\nDuring her lifetime, Vigée Le Brun's work was publicly exhibited in Paris at the Académie de Saint-Luc (1774), Salon de la Correspondance (1779, 1781, 1782, 1783) and Salon of the Académie in Paris (1783, 1785, 1787, 1789, 1791, 1798, 1802, 1817, 1824).\n\nIn 1819 she sold her portrait of Lady Hamilton as the Comaean Sibyl to the Duc de Berri, despite it being her favorite, because she wished to satisfy the Duke. She also painted two portraits of the Duchesse de Berri, initially in the Tuileries, but then finishing their sittings in her home."
https://upload.wikimedia.org/wikipedia/commons/5/55/Turner_Cologne%2C_the_Arrival_of_a_Packet-Boat%2C_Evening.jpg,"cologne, the arrival of a packet boat in the evening",jmw turner,1826,romanticism,"Cologne, the Arrival of a Packet Boat in the Evening is an 1826 landscape painting by the British artist Joseph Mallord William Turner. It shows a scene as the Rhine River passes through the city of Cologne as a packet boat arrives. Visible on the skyline to the right is Great St. Martin Church, Cologne."
https://cdn.topofart.com/images/artists/Delacroix/paintings-wm/delacroix-005.webp,liberty leading the people,eugene delacroix,1830,romanticism,"Liberty Leading the People is a painting of the Romantic era by the French artist Eugène Delacroix, commemorating the July Revolution of 1830 that toppled King Charles X. A bare-breasted ""woman of the people"" with a Phrygian cap personifying the concept and Goddess of Liberty, accompanied by a young boy brandishing a pistol in each hand, leads a group of various people forward over a barricade and the bodies of the fallen while holding aloft the flag of the French Revolution—the tricolour, which again became France's national flag after these events—in one hand, and brandishing a bayonetted musket with the other. The figure of Liberty is also viewed as a symbol of France and the French Republic known as Marianne. The painting is sometimes wrongly thought to depict the French Revolution of 1789."
https://collectionapi.metmuseum.org/api/collection/v1/iiif/45434/134438/main-image,the great wave off kanagawa,katsushika hokusai,1831,ukiyo-e,"The Great Wave off Kanagawa is a woodblock print by the Japanese ukiyo-e artist Hokusai (1760–1849), created in late 1831 during the Edo period of Japanese history. The print depicts three boats moving through a storm-tossed sea, with a large, cresting wave forming a spiral in the centre over the boats and Mount Fuji in the background."
"https://api.nga.gov/iiif/d74e4c52-044a-48e7-a549-1f2d95d311b4/full/!800,800/0/default.jpg",peaceable kingdom,edward hicks,1834,american folk,"Peaceable Kingdom is a American Folk work by Edward Hicks, dated 1834.\n\nIn 1812, his congregation recorded him as a minister, and by 1813, he began traveling throughout Philadelphia as a Quaker preacher.\n\nEdward Hicks' first major exhibition took place in 1860 at Williamsburg, Virginia. It got mixed reviews due to Hicks' habit of repeating various arrangements over and over again. Hicks' earliest presentation of work was in 1826. Kingdoms of the Branch was at that time in the Philadelphia Museum of Art."
https://upload.wikimedia.org/wikipedia/commons/2/2a/Femmes_d%27Alger_dans_leur_appartement%2C_Eug%C3%A8ne_Delacroix_-_Mus%C3%A9e_du_Louvre_Peintures_INV_3824_-_Q1212737.jpg,women of algiers in their apartment,eugene delacroix,1834,romanticism,Women of Algiers in Their Apartment is the title of two oil on canvas paintings by the French Romantic painter Eugène Delacroix.
https://upload.wikimedia.org/wikipedia/commons/5/5d/Venice_-_The_Dogana_and_San_Giorgio_Maggiore_by_Joseph_Mallord_William_Turner%2C_1834%2C_oil_on_canvas%2C_view_2_-_National_Gallery_of_Art%2C_Washington_-_DSC00005.JPG,venice: the dogana and san giorgio maggiore,jmw turner,1834,romanticism,"Venice: The Dogana and San Giorgio Maggiore is an 1834 landscape painting by the British artist J. M. W. Turner. It depicts a view of the Punta della Dogana, a customs house, and the San Giorgio Maggiore church in Venice. It was exhibited at the Royal Academy's Summer Exhibition in 1834. It is now in the collection of the National Gallery of Art in Washington. It was produced for the textile manufacturer for Henry McConnell, who commissioned a contrasting companion piece Keelmen Heaving in Coals by Moonlight from Turner the following year."
https://upload.wikimedia.org/wikipedia/commons/2/2a/Wreckers_Coast_of_Northumberland_Joseph_Mallord_William_Turner.jpeg,"wreckers, coast of northumberland",jmw turner,1834,romanticism,"Wreckers, Coast of Northumberland is an 1834 landscape painting by the British artist J.M.W. Turner. Stylistically reflecting the romanticism of the era, it depicts a scene on the coast of Northumberland in Northern England. It features a view of a merchant ship about to ground during a storm. A steamship is coming to its aid, but a group of wreckers is shown gathering on the foreground read to pillage the cargo of the vessel, giving the painting its title. The ruins of Dunstanburgh Castle are shown in the distance."
https://upload.wikimedia.org/wikipedia/commons/e/e5/Joseph_Mallord_William_Turner_-_The_Burning_of_the_Houses_of_Lords_and_Commons%2C_16_October_1834_-_1942.647_-_Cleveland_Museum_of_Art.jpg,the burning of the houses of lords and commons,jmw turner,1834,romanticism,"The Burning of the Houses of Lords and Commons, 16th October, 1834 is the title of two oil on canvas paintings by J. M. W. Turner, depicting different views of the fire that broke out at the Houses of Parliament on the evening of 16 October 1834. They are now in the Philadelphia Museum of Art and Cleveland Museum of Art."
https://upload.wikimedia.org/wikipedia/commons/c/c3/Joseph_Mallord_William_Turner%2C_English_-_The_Burning_of_the_Houses_of_Lords_and_Commons%2C_October_16%2C_1834_-_Google_Art_Project.jpg,the burning of the houses of lords and commons,jmw turner,1834,romanticism,"The Burning of the Houses of Lords and Commons, 16th October, 1834 is the title of two oil on canvas paintings by J. M. W. Turner, depicting different views of the fire that broke out at the Houses of Parliament on the evening of 16 October 1834. They are now in the Philadelphia Museum of Art and Cleveland Museum of Art."
https://upload.wikimedia.org/wikipedia/commons/2/26/John_Martin_-_The_Deluge_-_Google_Art_Project.jpg,the deluge,john martin,1834,romanticism,The Deluge is an 1834 oil painting by the British artist John Martin. It depicts the flood from the Old Testament Book of Genesis with Noah's Ark almost overwhelmed by the storm.
https://images.metmuseum.org/CRDImages/ep/original/DP169568.jpg,"the grand canal, venice",jmw turner,1835,romanticism,
https://upload.wikimedia.org/wikipedia/commons/e/e5/The_Destruction_of_Pharaoh%E2%80%99s_Host%2C_by_John_Martin.jpg,the destruction of pharaoh's host,john martin,1836,romanticism,"The Destruction Of Pharaoh's Host is a Romanticism work by John Martin, dated 1836.\n\nIn addition to being a painter, John Martin was a mezzotint engraver. For significant periods of his life, he earned more from his engravings than his paintings. In 1823, Martin was commissioned by Samuel Prowett to illustrate John Milton's Paradise Lost, for which he was paid 2,000 guineas.\n\nMartin's large paintings were closely connected with contemporary dioramas or panoramas, popular entertainments in which large painted cloths were displayed, and animated by the skilful use of artificial light."
https://upload.wikimedia.org/wikipedia/commons/e/e1/Chicago_art_inst_turner_vallee_aoste.JPG,"valley of aosta: snowstorm, avalanche and thunderstorm",jmw turner,1836-1837,romanticism,
https://upload.wikimedia.org/wikipedia/commons/f/fe/John_Martin_-_Manfred_and_the_Alpine_Witch_-_WGA14148.jpg,manfred and the alpine witch,john martin,1837,romanticism,"Manfred And The Alpine Witch is a Romanticism work by John Martin, dated 1837.\n\nIn addition to being a painter, John Martin was a mezzotint engraver. For significant periods of his life, he earned more from his engravings than his paintings. In 1823, Martin was commissioned by Samuel Prowett to illustrate John Milton's Paradise Lost, for which he was paid 2,000 guineas.\n\nMartin from about 1827 to 1828 had turned away from painting, and became involved with many engineering plans and inventions. He developed a fascination with solving London's water and sewage problems, and published various pamphlets and plans dealing with the metropolitan water supply, sewage, dock and railw"
https://upload.wikimedia.org/wikipedia/commons/9/90/John_Martin_-_Manfred_on_the_Jungfrau_%281837%29.jpg,manfred on the jungfrau,john martin,1837,romanticism,"Manfred on the Jungfrau is an 1837 watercolour painting by the English artist John Martin, now in Birmingham Museum and Art Gallery. The subject of the painting comes from Lord Byron's poem Manfred, specifically Act I scene II. It was painted by a number of 19th-century artists."
https://cdn.topofart.com/images/artists/Joseph_Mallord_William_Turner/paintings-wm/turner012.webp,the fighting temeraire,jmw turner,1839,romanticism,"The Fighting Temeraire, tugged to her last berth to be broken up, 1838 is an oil-on-canvas painting by the English artist Joseph Mallord William Turner, painted in 1838 and exhibited at the Royal Academy in 1839."
https://upload.wikimedia.org/wikipedia/commons/9/99/Joseph_Mallord_William_Turner_%28British_-_Modern_Rome-Campo_Vaccino_-_Google_Art_Project.jpg,modern rome - campo vaccino,jmw turner,1839,romanticism,"Modern Rome – Campo Vaccino is a landscape by British artist Joseph Mallord William Turner completed in 1839. It is Turner's final painting of Rome and had been in the possession of the family of the 5th Earl of Rosebery since 1878, until the painting came to auction, 7 July 2010. It was bought by the J. Paul Getty Museum, Los Angeles, and was subject to an export bar to allow a British gallery time to attempt to match the Getty's bid."
https://upload.wikimedia.org/wikipedia/commons/d/d6/Coronation_of_Queen_Victoria_-_John_Martin.jpg,the coronation of queen victoria,john martin,1839,romanticism,"The coronation of Victoria as queen of the United Kingdom took place on Thursday, 28 June 1838, just over a year after she succeeded to the throne of the United Kingdom at the age of 18. The ceremony was held in Westminster Abbey after a public procession through the streets from Buckingham Palace, to which the Queen returned later as part of a second procession."
https://upload.wikimedia.org/wikipedia/commons/7/71/J.M.W._Turner%27s_Rockets_and_Blue_Lights_%28Close_at_Hand%29_to_Warn_Steamboats_of_Shoal_Water.jpg,rockets and blue lights (close at hand) to warn steamboats of shoal water,jmw turner,1840,romanticism,
https://upload.wikimedia.org/wikipedia/commons/2/26/Slave-ship.jpg,the slave ship,jmw turner,1840,romanticism,"The Slave Ship, originally titled Slavers Throwing overboard the Dead and Dying—Typhon coming on, is a painting by the British artist J. M. W. Turner, first exhibited at The Royal Academy of Arts in 1840."
https://upload.wikimedia.org/wikipedia/commons/d/d5/John_Martin_-_The_Eve_of_the_Deluge_-_WGA14146.jpg,the eve of the deluge,john martin,1840,romanticism,"The Eve of the Deluge is an 1840 oil painting by the British artist John Martin. Combining landscape and history painting, it depicts a biblical scene from the Book of Genesis. The Earth is shown shortly before The Flood and Noah's Ark. On a rocky Promontory the patriarch Methuselah instructs his son Noah to open a scroll prophesising the coming deluge. In the background are careless revellers, unaware of the destruction that is to come."
https://upload.wikimedia.org/wikipedia/commons/0/03/The_Assuaging_of_the_Waters_by_John_Martin%2C_1840.jpg,the assuaging of the waters,john martin,1840,romanticism,"The Assuaging Of The Waters is a Romanticism work by John Martin, dated 1840.\n\nHis first exhibited subject picture, Sadak in Search of the Waters of Oblivion (now in the St. Louis Art Museum), was hung in the Ante-room of the Royal Academy in 1812, and sold for fifty guineas. The piece depicts a scene from the Tales of Two Genii.\n\nDebt and family pressures, including the suicide of his nephew (Jonathan's son Richard), brought on depression, which reached its worst in 1838. From 1839 Martin's fortunes recovered and he exhibited many works during the 1840s."
https://upload.wikimedia.org/wikipedia/commons/0/04/John_Martin_-_Destruction_of_Tyre_-_Google_Art_Project.jpg,destruction of tyre,john martin,1840,romanticism,"Destruction Of Tyre is a Romanticism work by John Martin, dated 1840.\n\nHis first exhibited subject picture, Sadak in Search of the Waters of Oblivion (now in the St. Louis Art Museum), was hung in the Ante-room of the Royal Academy in 1812, and sold for fifty guineas. The piece depicts a scene from the Tales of Two Genii.\n\nDebt and family pressures, including the suicide of his nephew (Jonathan's son Richard), brought on depression, which reached its worst in 1838. From 1839 Martin's fortunes recovered and he exhibited many works during the 1840s."
https://upload.wikimedia.org/wikipedia/commons/0/08/John_Martin_Le_Pandemonium_Louvre.JPG,pandemonium,john martin,1841,romanticism,"Pandemonium is an 1841 oil painting by the English artist John Martin. It combines landscape painting with literature, depicting a scene featuring Pandæmonium inspired by the 1667 poem Paradise Lost by John Milton. Reflecting the Romantic style of the era, Martin also produced engravings featuring a similar scene. It was displayed at the Royal Academy Exhibition of 1841 at the National Gallery in London. The painting is now in the collection of the Louvre in Paris, which acquired it in 2006. A companion painting The Celestial City and the River of Bliss was also exhibited in 1841."
https://upload.wikimedia.org/wikipedia/commons/f/f8/%27The_Celestial_City_and_the_River_of_Bliss%27_by_John_Martin%2C_1841.jpg,the celestial city and the river of bliss,john martin,1841,romanticism,"The Celestial City and the River of Bliss is an 1841 oil painting by the British artist John Martin. It is inspired by John Milton's 1667 epic poem Paradise Lost. It was produced after Martin's return to oil painting in 1840, and was produced alongside a companion painting Pandemonium which is now in the Louvre. Both of the paintings were inspired by earlier mezzotint designs he had produced and were displayed at the Royal Academy Exhibition of 1841 at the National Gallery in London."
https://upload.wikimedia.org/wikipedia/commons/3/30/Joseph_Mallord_William_Turner_-_Snow_Storm_-_Steam-Boat_off_a_Harbour%27s_Mouth_-_WGA23178.jpg,snow storm: steam-boat off a harbour's mouth,jmw turner,1842,romanticism,"Snow Storm, or Snow Storm: Steam-Boat off a Harbour's Mouth, (full title: Snow Storm – Steam-Boat off a Harbour's Mouth Making Signals in Shallow Water, and going by the Lead is a painting by English artist Joseph Mallord William Turner from 1842."
https://upload.wikimedia.org/wikipedia/commons/8/89/Joseph_Mallord_William_Turner%2C_The_Evening_of_the_Deluge%2C_c._1843%2C_NGA_46064.jpg,the evening of the deluge,jmw turner,1843,romanticism,
https://upload.wikimedia.org/wikipedia/commons/9/96/Turner_-_Rain%2C_Steam_and_Speed_-_National_Gallery_file.jpg,"rain, steam and speed - the great western railway",jmw turner,1844,romanticism,
https://upload.wikimedia.org/wikipedia/commons/3/33/Joseph_Mallord_William_Turner_-_Norham_Castle%2C_Sunrise_-_WGA23182.jpg,"norham castle, sunrise",jmw turner,1845,romanticism,"Norham Castle, Sunrise is an oil-on-canvas painting by English painter J. M. W. Turner, created around 1845. The painting depicts Norham Castle, overlooking the River Tweed, the border between England and Scotland. The painting was bequeathed to the National Gallery of British Art as part of the Turner Bequest in 1856. It remains in the collection to this day. It was one of the artist's last paintings, and falls within his ""Modernist"" period. This piece is well known for Turner's attentiveness to dawn light, and the softened silhouette it brings."
https://upload.wikimedia.org/wikipedia/commons/e/e9/Adolph_von_Menzel_-_Rear_of_House_and_Backyard_-_WGA15047.jpg,rear of house and backyard,adolph menzel,1846,realism,"Rear Of House And Backyard is a Realism work by Adolph Menzel, dated 1846.\n\nFrom 1839 to 1842, he produced 400 drawings, largely introducing to Germany the technique of wood-engraving, to illustrate the Geschichte Friedrichs des Grossen (History of Frederick the Great) by Franz Kugler.\n\nMenzel's fame came from his illustrations of the 18th-century Prussian monarch, Frederick the Great. As well as dedication to adding historical accuracy and attention to detail. Menzel also made sure to do research on the items he was painting."
https://upload.wikimedia.org/wikipedia/commons/d/d2/Turner_-_The_Wreck_Buoy%2C_c.1849%2C_WAG_310.jpg,the wreck buoy',jmw turner,1849,romanticism,"'The Wreck Buoy' is an 1849 oil painting by the British artist J.M.W. Turner. The art critic John Ruskin described it ""the last oil he painted before his noble hand forgot its cunning"". The painting had originally been produced around 1807, but Turner was dissatisfied with it and took it back from its owner to make extensive changes to the canvas."
https://upload.wikimedia.org/wikipedia/commons/4/46/Gustave_Courbet_-_The_Stonebreakers_-_WGA05457.jpg,the stone breakers,gustave courbet,1849,realism,"The Stone Breakers, also known as Stonebreakers, was an 1849 oil painting on canvas by the French painter Gustave Courbet. Now destroyed, the image remains an often-cited example of the artistic movement Realism."
https://upload.wikimedia.org/wikipedia/commons/a/a0/Gustave_Courbet_-_A_Burial_at_Ornans_-_Google_Art_Project_2.jpg,a burial at ornans,gustave courbet,1849,realism,"A Burial at Ornans is a painting of 1849–50 by Gustave Courbet. It is widely regarded as a major turning point in 19th-century French art. The painting records a funeral in Courbet's birthplace, the small town of Ornans. It treats an ordinary, provincial funeral with frank realism, and on the grand scale traditionally reserved for the heroic or religious scenes of history painting. Its exhibition at the Paris Salon of 1850 created an ""explosive reaction"" and brought Courbet instant fame. It is currently displayed at the Musée d'Orsay in Paris, France. It underwent conservation treatment led by Cinzia Pasquali in 2026."
https://upload.wikimedia.org/wikipedia/commons/f/fc/Gustave_Courbet_031.jpg,after dinner at ornans,gustave courbet,1849,realism,"After Dinner at Ornans is an oil-on-canvas painting by the French Realist artist Gustave Courbet, painted in winter 1848–1849 in Ornans."
https://upload.wikimedia.org/wikipedia/commons/4/4a/Hovhannes_Aivazovsky_-_The_Ninth_Wave_-_Google_Art_Project.jpg,the ninth wave,ivan aivazovsky,1850,romanticism,The Ninth Wave is an 1850 painting by Russian marine painter Ivan Aivazovsky. It is his best-known work.
https://upload.wikimedia.org/wikipedia/commons/8/80/Joseph_Mallord_William_Turner_%281775-1851%29_-_The_Departure_of_the_Fleet_-_N00554_-_National_Gallery.jpg,the departure of the fleet,jmw turner,1850,romanticism,"The Departure of the Fleet is an 1850 history painting by the British artist J.M.W. Turner. Inspired by Classical writings, it depicts the fleet of the Trojan Aeneas departing from Carthage The Carthaginian Queen Dido and her attendants are on the left, watching the departure of the ships."
https://upload.wikimedia.org/wikipedia/commons/5/5d/View_in_Richmond_Park%2C_John_Martin%2C_1850.jpg,view in richmond park,john martin,1850,romanticism,"Richmond Park, in the London Borough of Richmond upon Thames, is the largest of London's Royal Parks and is of national and international importance for wildlife conservation. It was created by Charles I in the 17th century as a deer park. It is now a national nature reserve, a Site of Special Scientific Interest and a Special Area of Conservation and is included, at Grade I, on Historic England's Register of Historic Parks and Gardens of special historic interest in England. Its landscapes have inspired many famous artists and it has been a location for several films and TV series."
https://upload.wikimedia.org/wikipedia/commons/a/a6/Jean-Fran%C3%A7ois_Millet_-_The_Sower_-_Google_Art_Project.jpg,the sower,jean-francois millet,1850,realism,The Sower is an oil painting by the French artist Jean-François Millet from 1850. It is one of several versions of the theme that he painted. The work has been in the collection of the Museum of Fine Arts in Boston since 1917.
https://upload.wikimedia.org/wikipedia/commons/4/46/William_Holman_Hunt_-_The_Hireling_Shepherd.jpg,the hireling shepherd,william holman hunt,1851,pre-raphaelite / romanticism,The Hireling Shepherd (1851) is a painting by the Pre-Raphaelite artist William Holman Hunt. It represents a shepherd neglecting his flock in favour of an attractive country girl to whom he shows a death's-head hawkmoth. The meaning of the image has been much debated.
https://upload.wikimedia.org/wikipedia/commons/9/95/Washington_Crossing_the_Delaware_by_Emanuel_Leutze%2C_MMA-NYC%2C_1851.jpg,washington crossing the delaware,emmanuel leutze,1851,romanticism,"Washington Crossing Historic Park is a 500-acre (2 km2) state park in Washington Crossing, Pennsylvania and Solebury Township, Pennsylvania.\n\nThe park's two locations represent its two sections. One section of the park, the ""lower park,"" is headquartered in the village of Washington Crossing located in Upper Makefield Township in Bucks County, Pennsylvania. It marks the location of George Washington's crossing of the Delaware River during the American Revolutionary War. The park is operated by the Pennsylvania Department of Conservation and Natural Resources in partnership with the Friends of Washington Crossing Park."
https://upload.wikimedia.org/wikipedia/commons/1/1a/Camille_Pissarro_-_A_Plaza_in_Caracas.jpg,a plaza in caracas,camille pissarro,1850-1852,realism,"A Plaza In Caracas is a Realism work by Camille Pissarro, dated 1850-1852.\n\nIn 1859 his first painting was accepted and exhibited. His other paintings during that period were influenced by Camille Corot, who tutored him. He and Corot shared a love of rural scenes painted from nature. It was by Corot that Pissarro was inspired to paint outdoors, also called ""plein air"" painting. Pissarro found Corot, along with the work of Gustave Courbet, to be ""statements of pictorial truth,"" writes Rewald. He discussed their work often. Jean-François Millet was another whose work he admired, especially his ""sentimental renditions of rural life""."
https://upload.wikimedia.org/wikipedia/commons/7/79/John_Martin_-_The_Plains_of_Heaven_-_Google_Art_Project.jpg,the plains of heaven,john martin,1851,romanticism,"The Plains Of Heaven is a Romanticism work by John Martin, dated 1851.\n\nMartin's large paintings were closely connected with contemporary dioramas or panoramas, popular entertainments in which large painted cloths were displayed, and animated by the skilful use of artificial light.\n\nIn private, Martin was passionate and devoted to chess, and, like his brothers, to swordsmanship and javelin-throwing. He was also a devout Christian, believing in natural religion."
https://upload.wikimedia.org/wikipedia/commons/5/50/John_Martin_-_The_Great_Day_of_His_Wrath_-_Google_Art_Project.jpg,the great day of his wrath,john martin,1851,romanticism,"The End of the World, commonly known as The Great Day of His Wrath, is an 1851–1853 oil painting on canvas by the English painter John Martin. Leopold Martin, John Martin's son, said that his father found the inspiration for this painting on a night journey through the Black Country. This has led some scholars to hold that the rapid industrialisation of England in the early nineteenth century influenced Martin."
https://cdn.topofart.com/images/artists/Sir_John_Everett_Millais/paintings-wm/millais002.webp,ophelia,john everett millais,1851-1852,pre-raphaelite / romanticism,"Ophelia is an 1851–52 painting by British artist John Everett Millais in the collection of Tate Britain, London. It depicts the young Danish noblewoman Ophelia in William Shakespeare's play Hamlet, who, due to Hamlet's actions, loses her sanity and drowns."
https://upload.wikimedia.org/wikipedia/commons/e/e1/John_Martin_-_Sodom_and_Gomorrah.jpg,the destruction of sodom and gomorrah,john martin,1852,romanticism,The Destruction of Sodom and Gomorrah is a painting by the English painter John Martin from 1852.
https://upload.wikimedia.org/wikipedia/commons/d/dc/Camille_Pissarro_-_Paisaje_tropical.jpg,landscape with farmhouses and palm trees,camille pissarro,1853,realism,"Landscape With Farmhouses And Palm Trees is a Realism work by Camille Pissarro, dated 1853.\n\nPissarro agreed with the group about the importance of portraying individuals in natural settings, and expressed his dislike of any artifice or grandeur in his works, despite what the Salon demanded for its exhibits.\n\nIn 1864, Pissarro was accepted to the official Salon for the first time, and in subsequent Salon exhibits of 1865 and 1866, Pissarro acknowledged his influences from Melbye and Corot, whom he listed as his masters in the catalogue."
https://upload.wikimedia.org/wikipedia/commons/8/80/John_Martin_-_The_Last_Judgement_-_Google_Art_Project.jpg,the last judgment,john martin,1853,romanticism,"The Last Judgment, or Judgment Day, is a central Christian eschatological event marking the return of Jesus Christ to evaluate all of humanity, both the living and the resurrected dead. According to biblical apocalyptic literature, Christ will sit upon a ""great white throne"" to render a definitive verdict based on an individual's faith, words, and deeds. This divine audit results in a final separation in which the righteous are granted eternal life in the presence of God, while the wicked face eternal punishment. Ultimately, this event serves as the supreme manifestation of God’s justice and His definitive triumph over evil and death."
https://upload.wikimedia.org/wikipedia/commons/a/a5/Alfred_Stevens_What_is_Called_Vagrancy.jpg,what is called vagrancy,alfred stevens,1854,realism,"What is Called Vagrancy is an early oil on canvas painting by Belgian painter Alfred Stevens. This painting is representative of the early part of Stevens' career, when he was keen on representing the squalor of the time through realist painting."
https://upload.wikimedia.org/wikipedia/commons/6/61/Deux_femmes_causant_au_bord_de_la_mer%2C_Saint_Thomas_%28Camille_Pissarro%29_%E2%80%93_NGA_1985.64.30.jpg,two women chatting by the sea,camille pissarro,1856,realism,"Two Women Chatting By The Sea is a Realism work by Camille Pissarro, dated 1856.\n\nIn 1859 his first painting was accepted and exhibited. His other paintings during that period were influenced by Camille Corot, who tutored him. He and Corot shared a love of rural scenes painted from nature. It was by Corot that Pissarro was inspired to paint outdoors, also called ""plein air"" painting.\n\nPissarro agreed with the group about the importance of portraying individuals in natural settings, and expressed his dislike of any artifice or grandeur in his works, despite what the Salon demanded for its exhibits."
https://upload.wikimedia.org/wikipedia/commons/1/11/Langsmoedersgraf1.jpg,passing mother's grave,jozef israels,1856,realism,"Passing Mother's Grave, also known as Passing the Churchyard, is an oil painting on canvas made in 1856 by Jozef Israëls, a Dutch realist artist and a representative of the Hague School of painters. The subject of the painting is a widowed fisherman walking past his deceased wife's grave with his two children."
https://upload.wikimedia.org/wikipedia/commons/1/1f/Jean-Fran%C3%A7ois_Millet_-_Gleaners_-_Google_Art_Project_2.jpg,the gleaners,jean-francois millet,1857,realism,"The Gleaners (Des glaneuses) is an oil painting by Jean-François Millet completed in 1857. It is held in the Musée d'Orsay, in Paris.\n\nIt depicts three peasant women gleaning a field of stray stalks of wheat after the harvest. The painting is famous for featuring in a sympathetic way what were then the lowest ranks of rural society; it was received poorly by the French upper classes."
https://cdn.topofart.com/images/artists/Jean-Francois_Millet/paintings-wm/millet001.webp,the angelus,jean-francois millet,1857-1859,realism,"The Gleaners (Des glaneuses) is an oil painting by Jean-François Millet completed in 1857. It is held in the Musée d'Orsay, in Paris.\n\nIt depicts three peasant women gleaning a field of stray stalks of wheat after the harvest. The painting is famous for featuring in a sympathetic way what were then the lowest ranks of rural society; it was received poorly by the French upper classes."
https://upload.wikimedia.org/wikipedia/commons/c/c6/El_Beso_%28Pinacoteca_de_Brera%2C_Mil%C3%A1n%2C_1859%29.jpg,the kiss,francesco hayez,1859,romanticism,"The Kiss is a Romanticism work by Francesco Hayez, dated 1859.\n\nAfter the Five Days of Milan, in which Hayez took an active part, his painting underwent a radical change. He almost entirely abandoned great historical subjects and devoted himself to painting allegories with strong political connotations, such as two versions of La Meditazione (1850; Brescia, priv. col.).\n\nHis two most exacting late works were his large historical paintings, completed in 1867 and presented to the Academies of Milan and Venice: Marin Faliero Led to his Death (Milan, Brera) and Destruction of the Temple in Jerusalem (Venice, Ca’ Pesaro)."
https://upload.wikimedia.org/wikipedia/commons/b/b6/Camille_Pissarro_-_All%C3%A9e_dans_une_f%C3%B4ret_%28sur_1859%29.jpg,allee dans une foret (road in a forest),camille pissarro,1859,realism,"Allee Dans Une Foret (Road In A Forest) is a Realism work by Camille Pissarro, dated 1859.\n\nIn 1859 his first painting was accepted and exhibited. His other paintings during that period were influenced by Camille Corot, who tutored him. He and Corot shared a love of rural scenes painted from nature. It was by Corot that Pissarro was inspired to paint outdoors, also called ""plein air"" painting.\n\nAfter the outbreak of the Franco-Prussian War of 1870–71, having only Danish nationality and being unable to join the army, he moved his family to Norwood, then a village on the edge of London. However, his style of painting, which was a forerunner of what was later called ""Impressionism"", did not do well."
https://upload.wikimedia.org/wikipedia/commons/0/0f/Camille_Pissarro_-_Le_Labourage%2C_B%C3%A9relles_%28PD_46%29.jpg,"working at berelles (le labourage, berelles)",camille pissarro,1860,realism,"Working At Berelles (Le Labourage, Berelles) is a Realism work by Camille Pissarro, dated 1860.\n\nPissarro agreed with the group about the importance of portraying individuals in natural settings, and expressed his dislike of any artifice or grandeur in his works, despite what the Salon demanded for its exhibits.\n\nAfter the outbreak of the Franco-Prussian War of 1870–71, having only Danish nationality and being unable to join the army, he moved his family to Norwood, then a village on the edge of London. However, his style of painting, which was a forerunner of what was later called ""Impressionism"", did not do well."
https://upload.wikimedia.org/wikipedia/commons/f/ff/Edgar_Degas_-_The_Bellelli_Family_-_Google_Art_Project.jpg,the bellelli family,edgar degas,1858-1867,realism,"The Bellelli Family, also known as Family Portrait, is an oil painting on canvas by Edgar Degas (1834–1917), painted c. 1858–1867, and housed in the Musée d'Orsay. A masterwork of Degas' youth, the painting is a portrait of his aunt, her husband, and their two young daughters.\n\nWhile finishing his artistic training in Italy, Degas drew and painted his aunt Laura, her husband the baron Gennaro Bellelli (1812–1864), and their daughters Giulia and Giovanna. Although it is not known for certain when or where Degas executed the painting, it is believed that he utilized studies done in Italy to complete the work after his return to Paris."
https://upload.wikimedia.org/wikipedia/commons/9/90/Edouard_Manet_-_Luncheon_on_the_Grass_-_Google_Art_Project.jpg,the luncheon on the grass,edouard manet,1863,realism / impressionism / modernism,"The Luncheon On The Grass is a Realism / Impressionism / Modernism work by Edouard Manet, dated 1863.\n\nManet painted his wife in The Reading, among other paintings. Her son, Léon Leenhoff, whose father may have been either of the Manets, ""posed for Manet eighteen times in paintings that date between 1859 and 1872"".\n\nIn 1856, Manet opened a studio. His style in this period was characterised by loose brush strokes, simplification of details, and the suppression of transitional tones."
https://cdn.topofart.com/images/artists/Edouard_Manet/paintings-wm/manet001.webp,olympia,edouard manet,1863,realism / impressionism / modernism,"Olympia is an 1863 oil painting by Édouard Manet, depicting a nude white woman (""Olympia"") lying on a bed being attended to by a black maid. The French government acquired the painting in 1890 after a public subscription organized by Claude Monet. The painting is now in the Musée d'Orsay, Paris.\n\nThe figure of Olympia was modeled by 19 year-old Victorine Meurent, and that of her servant by Laure."
https://upload.wikimedia.org/wikipedia/commons/d/d8/Honor%C3%A9_Daumier_%28French%2C_Marseilles_1808%E2%80%931879_Valmondois%29_-_The_Third-Class_Carriage_-_Google_Art_Project.jpg,the third class carriage,honore daumier,1862-1864,realism,"The Third-Class Carriage (French: ""Le Wagon de troisième classe"") is the name of at least three oil paintings entitled made by the French painter Honoré Daumier. In a realistic manner, Daumier depicts the poverty and fortitude of working class travellers in a third class railway carriage. One oil-on canvas version, dated to c. 1862–1864 but left unfinished, is in the collection of the Metropolitan Museum of Art in New York, and a similar but completed painting dated to c. 1863–1865 is in the National Gallery of Canada in Ottawa. A third oil-on-panel version, dated to c. 1856–1858, with a different arrangement of the main three figures, is held by the Fine Arts Museums of San Francisco."
https://upload.wikimedia.org/wikipedia/commons/8/88/The_Veteran_in_a_New_Field_1865_Winslow_Homer.jpg,the veteran in a new field,winslow homer,1865,american realism,"The Veteran In A New Field is a American Realism work by Winslow Homer, dated 1865.\n\nAlthough the drawings did not get much attention at the time, they mark Homer's expanding skills from illustrator to painter. As with his urban scenes, Homer illustrated women during wartime, and showed the effects of the war on the home front. The war work was dangerous and exhausting.\n\nBefore exhibiting at the National Academy of Design, Homer finally traveled to Paris, France, in 1867 where he remained for a year. His most praised early painting, Prisoners from the Front, was on exhibit at the Exposition Universelle in Paris at the same time."
https://upload.wikimedia.org/wikipedia/commons/7/77/Degas%2C_A_Woman_Seated_beside_a_Vase_of_Flowers_%28Madame_Paul_Valpin%C3%A7on%29.jpg,woman seated beside a vase of flowers,edgar degas,1865,realism / impressionism,"Woman Seated Beside A Vase Of Flowers is a Realism / Impressionism work by Edgar Degas, dated 1865.\n\nAlthough he exhibited annually in the Salon during the next five years, he submitted no more history paintings, and his Scene from the Steeplechase: The Fallen Jockey (Salon of 1866) signaled his growing commitment to contemporary subject matter.\n\nIn the 1870s, Degas gravitated towards the republican circles of Léon Gambetta. However, his republicanism did not come untainted, and signs of the prejudice and irritability which would overtake him in old age were occasionally manifested. He fired a model upon learning she was Protestant."
https://upload.wikimedia.org/wikipedia/commons/f/f8/Illarion_Michajlowitsch_Prjanischnikow_002.jpg,jokers,illarion pryanishnikov,1865,realism,"Jokers is a Realism work by Illarion Pryanishnikov, dated 1865.\n\nIllarion Pryanishnikov was born in the village of Timashovo in the Borovsky Uyezd of Kaluga Governorate (today's Borovsky District of Kaluga Oblast) in a family of merchants.\n\nIn 1870 Pryanishnikov received the title of the ""painter of 1st degree"". From 1873 until his death he was a teacher in the MSoPSA and his apprentices were Konstantin Korovin, Vitold Byalynitsky-Birulya, Mikhail Nesterov, Alexei Stepanov and others."
https://upload.wikimedia.org/wikipedia/commons/f/ff/Carl_Bloch_-_In_a_Roman_Osteria_-_Google_Art_Project.jpg,in a roman osteria,carl bloch,1866,academicism / romanticism,"In A Roman Osteria is a Academicism / Romanticism work by Carl Bloch, dated 1866.\n\nIn a final ode, from a famous writer to a famous artist, Andersen said ""Write on the canvas; write your seal on immortality. Then you will become noble here on earth."" Bloch was then commissioned to produce twenty-three paintings for the King's Chapel at Frederiksborg Castle, located in Hillerød.\n\nAfter the death of Marstrand, Bloch finished the decoration of the ceremonial hall at the University of Copenhagen. In a New Year's letter from 1866 to Bloch, H. C."
https://upload.wikimedia.org/wikipedia/commons/f/f3/Pierre-Auguste_Renoir_-_Spring_Bouquet_-_1943.277_-_Fogg_Museum.jpg,spring bouquet,pierre-auguste renoir,1866,impressionism,"Spring Bouquet is a Impressionism work by Pierre-Auguste Renoir, dated 1866.\n\nIn 1862, he began studying art under Charles Gleyre in Paris. There he met Alfred Sisley, Frédéric Bazille, and Claude Monet. At times, during the 1860s, he did not have enough money to buy paint.\n\nIn the late 1860s, through the practice of painting light and water en plein air (outdoors), he and his friend Claude Monet discovered that the color of shadows is not brown or black, but the reflected color of the objects surrounding them, an effect known today as diffuse reflection."
https://upload.wikimedia.org/wikipedia/commons/3/3c/Dans_la_for%C3%AAt_de_Fontainebleau_1866.jpg,dans la foret de fontainebleau,pierre-auguste renoir,1866,impressionism,"Dans La Foret De Fontainebleau is a Impressionism work by Pierre-Auguste Renoir, dated 1866.\n\nIn 1862, he began studying art under Charles Gleyre in Paris. There he met Alfred Sisley, Frédéric Bazille, and Claude Monet. At times, during the 1860s, he did not have enough money to buy paint.\n\nIn the late 1860s, through the practice of painting light and water en plein air (outdoors), he and his friend Claude Monet discovered that the color of shadows is not brown or black, but the reflected color of the objects surrounding them, an effect known today as diffuse reflection."
https://upload.wikimedia.org/wikipedia/commons/e/e9/The_Sleepers_by_Gustave_Courbet.jpg,le sommeil (the sleepers),gustave courbet,1866,realism,"Le Sommeil is an erotic oil painting on canvas by French artist Gustave Courbet created in 1866. The painting, which depicts a female couple, is also known as The Two Friends and Indolence and Lust."
https://upload.wikimedia.org/wikipedia/commons/d/d3/Winslow_Homer_-_Prisoners_from_the_Front.jpg,prisoners from the front,winslow homer,1866,american realism,"Prisoners from the Front is an 1866 painting by American artist Winslow Homer. One of Homer's most notable early works, the painting depicts a scene in which Confederate officers surrender to Union Brigadier General Francis Channing Barlow during the American Civil War. Homer's experience as a war correspondent likely contributed to his rendering of the work."
https://upload.wikimedia.org/wikipedia/commons/8/8c/Le_macchiaiole.jpg,three peasants in a field,giovanni fattori,1866-1867,realism,"Three Peasants In A Field is a Realism work by Giovanni Fattori, dated 1866-1867.\n\nIn 1864, he submitted four more works to the Promotrice fiorentina. In his landscape painting La Rotonda di Palmieri (Palmieri's round terrace) (1866), geometrical simplicity and colour have become a structural part of the painting.\n\nFollowing the death of his wife in March 1867, he spent the summer of 1867 in Castiglioncello with the critic Diego Martelli, the theoretician of the Macchiaioli."
https://upload.wikimedia.org/wikipedia/commons/c/c3/Camille_Pissarro_Jalais_Hill%2C_Pontoise_The_Metropolitan_Museum_of_Art.jpg,jalais hill,camille pissarro,1867,realism / impressionism,"Jalais Hill is a Realism / Impressionism work by Camille Pissarro, dated 1867.\n\nAfter the outbreak of the Franco-Prussian War of 1870–71, having only Danish nationality and being unable to join the army, he moved his family to Norwood, then a village on the edge of London. However, his style of painting, which was a forerunner of what was later called ""Impressionism"", did not do well.\n\nReturning to France, Pissarro lived in Pontoise from 1872 to 1884. In 1890 he again visited England and painted some ten scenes of central London."
https://upload.wikimedia.org/wikipedia/commons/6/61/Winslow_Homer_-_Artists_Sketching_in_the_White_Mountains.jpg,artists sketching in the white mountains,winslow homer,1868,american realism,"Artists Sketching In The White Mountains is a American Realism work by Winslow Homer, dated 1868.\n\nAlthough the drawings did not get much attention at the time, they mark Homer's expanding skills from illustrator to painter. As with his urban scenes, Homer illustrated women during wartime, and showed the effects of the war on the home front. The war work was dangerous and exhausting.\n\nWinslow Homer: Photography and the Art of Painting, Bowdoin College Museum of Art, June 23 - October 28, 2018, Brandywine Museum of Art, November 16, 2018 - February 17, 2019 Homer at the Beach: A Marine Painter's Journey, 1869-1880, Cape Ann Museum, Gloucester, Massachusetts, August 3 - December 1, 2019"
https://upload.wikimedia.org/wikipedia/commons/7/79/Auguste_Renoir_-_La_Grenouill%C3%A8re_-_Google_Art_Project.jpg,la grenouillere,pierre-auguste renoir,1868,impressionism,"La Grenouillère is an 1869 oil on canvas painting by Pierre-Auguste Renoir, now in the Nationalmuseum in Stockholm. It shows the ""camembert"", a small island planted with a single tree, linked by gangplanks to the Île de la Grenouillère and to the fashionable La Grenouillère floating restaurant and boat-hire at Croissy-sur-Seine near Bougival."
https://upload.wikimedia.org/wikipedia/commons/8/82/Young_Girl_Reading_by_Jean-Baptiste-Camille_Corot_c1868.jpg,young girl reading,jean-baptiste-camille corot,1868,realism,"Young Girl Reading is a Realism work by Jean-Baptiste-Camille Corot, dated 1868.\n\nHistorians have divided his work into periods, but the points of division are often vague, as he often completed a picture years after he began it.\n\nIn later life, Corot's studio was filled with students, models, friends, collectors, and dealers who came and went under the tolerant eye of the master, causing him to quip, ""Why is it that there are ten of you around me, and not one of you thinks to relight my pipe."" Dealers snapped up his works and his pric"
https://upload.wikimedia.org/wikipedia/commons/f/fa/Edouard_Manet_025.jpg,breakfast in the studio (the black jacket),edouard manet,1868,realism,"Breakfast In The Studio (The Black Jacket) is a Realism work by Edouard Manet, dated 1868.\n\nManet painted his wife in The Reading, among other paintings. Her son, Léon Leenhoff, whose father may have been either of the Manets, ""posed for Manet eighteen times in paintings that date between 1859 and 1872"".\n\nHis 1868 painting The Luncheon was posed in the dining room of the Manet house. Manet depicted other popular activities in his work. In The Races at Longchamp, an unusual perspective is employed to underscore the furious energy of racehorses as they rush toward the viewer."
https://upload.wikimedia.org/wikipedia/commons/8/89/Silvestro_Lega_001.jpg,la pergola,silvestro lega,1868,realism,"La Pergola is a Realism work by Silvestro Lega, dated 1868.\n\nSerious by nature, Lega was an infrequent visitor of the Caffè Michelangiolo, a favorite meeting place in the 1850s for the young painters who later became known as the Macchiaioli.\n\nEfrem Gisella Calingaert says:the originality of Lega’s style lies in the way he adapted a contemporary use of colour, based on direct experience of the motif, to a traditional type of composition and carefully defined forms."
https://upload.wikimedia.org/wikipedia/commons/1/1a/Frederick_Walker_-_The_Vagrants_-_Google_Art_Project.jpg,the vagrants,frederick walker,1868,realism,"The Vagrants is a Realism work by Frederick Walker, dated 1868.\n\nWalker never married, spending his life in London with family members: his brother John (died 1868), his sister Fanny (died 1876) and his mother (died 1874). They resided in Bayswater from 1863.\n\nIn 1863 Walker exhibited his first oil painting, The Lost Path at the Royal Academy of Arts. Thereafter he showed Wayfarers (1866, private collection), The Bathers (1867, Lady Lever Art Gallery), Vagrants (1868, Tate, London), The Old Gate (1869; Tate), The Plough (1870; Tate), At the Bar (1871; Untraced), Th"
https://upload.wikimedia.org/wikipedia/commons/2/23/Edgar_Degas_-_At_the_Races_in_the_Countryside_-_Google_Art_Project.jpg,at the races in the countryside,edgar degas,1869,realism / impressionism,"At the Races in the Countryside or Carriage at the Races is an 1869 oil painting by the French painter Edgar Degas. The painting, which depicts a scene of a family in a horse-drawn carriage in the countryside, is on display at the Museum of Fine Arts Boston. The painting was shown at the First Impressionist Exhibition in 1874."
https://upload.wikimedia.org/wikipedia/commons/d/de/Road_to_Versailles_at_Louveciennes_1869_Camille_Pissarro.jpg,the road to versailles at louveciennes,camille pissarro,1869,impressionism,"The Road To Versailles At Louveciennes is a Impressionism work by Camille Pissarro, dated 1869.\n\nAfter the outbreak of the Franco-Prussian War of 1870–71, having only Danish nationality and being unable to join the army, he moved his family to Norwood, then a village on the edge of London. However, his style of painting, which was a forerunner of what was later called ""Impressionism"", did not do well.\n\nTo assist in that endeavour, in 1873 he helped establish a separate collective, called the ""Société Anonyme des Artistes, Peintres, Sculpteurs et Graveurs,"" which included fifteen artists. Pissarro created the group's first charter and became the ""pivotal"" figure in establishing and holding the group together."
https://www.museothyssen.org/sites/default/files/imagen/2017-03/CTB.1993.8.jpg,"the road to versailles, louveciennes, winter sun and snow",camille pissarro,1870,impressionism,"The Road To Versailles, Louveciennes, Winter Sun And Snow is a Impressionism work by Camille Pissarro, dated 1870.\n\nAfter the outbreak of the Franco-Prussian War of 1870–71, having only Danish nationality and being unable to join the army, he moved his family to Norwood, then a village on the edge of London. However, his style of painting, which was a forerunner of what was later called ""Impressionism"", did not do well.\n\nReturning to France, Pissarro lived in Pontoise from 1872 to 1884. In 1890 he again visited England and painted some ten scenes of central London."
https://media.clarkart.edu/1955.825.jpg,"the road to versailles, louveciennes, rain effect",camille pissarro,1870,impressionism,"The Road To Versailles, Louveciennes, Rain Effect is a Impressionism work by Camille Pissarro, dated 1870.\n\nAfter the outbreak of the Franco-Prussian War of 1870–71, having only Danish nationality and being unable to join the army, he moved his family to Norwood, then a village on the edge of London. However, his style of painting, which was a forerunner of what was later called ""Impressionism"", did not do well.\n\nTo assist in that endeavour, in 1873 he helped establish a separate collective, called the ""Société Anonyme des Artistes, Peintres, Sculpteurs et Graveurs,"" which included fifteen artists. Pissarro created the group's first charter and became the ""pivotal"" figure in establishing and holding the group together."
https://upload.wikimedia.org/wikipedia/commons/1/1b/Whistlers_Mother_high_res.jpg,whistler's mother,james mcneill whistler,1871,realism / aestheticism / tonalism,"Arrangement in Grey and Black No. 1, best known under its colloquial name Whistler's Mother or Portrait of Artist's Mother, is a painting in oils on canvas created by the American-born painter James McNeill Whistler in 1871. The subject of the painting is Whistler's mother, Anna McNeill Whistler. The painting is 56.81 by 63.94 inches, displayed in a frame of Whistler's own design. It is held by the Musée d'Orsay in Paris, having been bought by the French state in 1891. It is one of the most famous works by an American artist outside the United States. It has been variously described as an American icon and a Victorian Mona Lisa."
https://upload.wikimedia.org/wikipedia/commons/4/49/Edgar_Degas_-_Chasse_de_danse.jpg,the dancing class,edgar degas,1871,realism / impressionism,"The Ballet Class is an oil painting on canvas created between 1874 and 1876 by the French artist Edgar Degas. The painting depicts a group of ballet dancers at the end of a lesson, led by ballet master Jules Perrot. Known for portraying dancers, Degas captured the grace and the rigorous nature of ballet as a profession. The Ballet Class is housed in the Musée d'Orsay, Paris, France. It was commissioned by the composer Jean-Baptiste Faure. The Ballet Class closely resembles The Dance Class, also painted by Degas in 1874."
https://upload.wikimedia.org/wikipedia/commons/1/15/Camille_Pissarro_-_The_Avenue%2C_Sydenham_%281871%29.jpg,"the avenue, sydenham",camille pissarro,1871,impressionism,"The Avenue, Sydenham is a Impressionism work by Camille Pissarro, dated 1871.\n\nAfter the outbreak of the Franco-Prussian War of 1870–71, having only Danish nationality and being unable to join the army, he moved his family to Norwood, then a village on the edge of London. However, his style of painting, which was a forerunner of what was later called ""Impressionism"", did not do well.\n\nReturning to France, Pissarro lived in Pontoise from 1872 to 1884. In 1890 he again visited England and painted some ten scenes of central London."
https://upload.wikimedia.org/wikipedia/commons/a/ac/Camille_Pissarro_-_All%C3%A9e_dans_le_parc_de_Marly.jpg,the woods at marly,camille pissarro,1871,impressionism,"The Woods At Marly is a Impressionism work by Camille Pissarro, dated 1871.\n\nAfter the outbreak of the Franco-Prussian War of 1870–71, having only Danish nationality and being unable to join the army, he moved his family to Norwood, then a village on the edge of London. However, his style of painting, which was a forerunner of what was later called ""Impressionism"", did not do well.\n\nReturning to France, Pissarro lived in Pontoise from 1872 to 1884. In 1890 he again visited England and painted some ten scenes of central London."
https://upload.wikimedia.org/wikipedia/commons/6/63/Camille_Pissarro_-_La_route_de_Versailles%2C_Louveciennes%2C_Matin_gel.jpg,"the road to versailles, louveciennes: morning frost",camille pissarro,1871,impressionism,"The Road To Versailles, Louveciennes: Morning Frost is a Impressionism work by Camille Pissarro, dated 1871.\n\nAfter the outbreak of the Franco-Prussian War of 1870–71, having only Danish nationality and being unable to join the army, he moved his family to Norwood, then a village on the edge of London. However, his style of painting, which was a forerunner of what was later called ""Impressionism"", did not do well.\n\nReturning to France, Pissarro lived in Pontoise from 1872 to 1884. In 1890 he again visited England and painted some ten scenes of central London."
"https://iiif.micr.io/SEsMw/full/1800,/0/default.jpg","the road to versailles, rocquencourt",camille pissarro,1871,impressionism,"The Road To Versailles, Rocquencourt is a Impressionism work by Camille Pissarro, dated 1871.\n\nAfter the outbreak of the Franco-Prussian War of 1870–71, having only Danish nationality and being unable to join the army, he moved his family to Norwood, then a village on the edge of London. However, his style of painting, which was a forerunner of what was later called ""Impressionism"", did not do well.\n\nReturning to France, Pissarro lived in Pontoise from 1872 to 1884. In 1890 he again visited England and painted some ten scenes of central London."
https://upload.wikimedia.org/wikipedia/commons/1/15/Jean-Fran%C3%A7ois_Millet_-_A_Norman_Milkmaid_at_Gr%C3%A9ville_-_Google_Art_Project.jpg,a norman milkmaid at greville,jean-francois millet,1871,realism,"A Norman Milkmaid At Greville is a Realism work by Jean-Francois Millet, dated 1871.\n\nThe Captivity of the Jews in Babylon, Millet's most ambitious work at the time, was unveiled at the Salon of 1848, but was scorned by art critics and the public alike. The painting eventually disappeared shortly thereafter, leading historians to believe that Millet destroyed it. In 1984, scientists at the Museum of Fine Arts in Boston x-rayed Millet's 1870 painting The Young Shepherdess looking for minor changes, and discovered that it was painted over Captivity. It is now believed that Millet reused the canvas when materials were in short supply during the Franco-Prussian War."
https://upload.wikimedia.org/wikipedia/commons/b/b1/J_Che%C5%82mo%C5%84ski_-_Odlot_%C5%BCurawi_%281871%29.jpg,departing cranes,jozef chelmonski,1871,realism,"Departing Cranes is a Realism work by Jozef Chelmonski, dated 1871.\n\nAfter finishing high school in Warsaw, Józef studied in Warsaw Drawing Class and took private lessons from Wojciech Gerson. In the years 1872–1875 he studied in Munich. He worked with Polish painters assembled around Jozef Brandt and Maksymilian Gierymski.\n\nIn 1875 Chełmoński went to Paris, where he had many important exhibitions and became a known figure on the art scene. During this period he used compositions that were dynamic and laden with emotions."
https://upload.wikimedia.org/wikipedia/commons/5/59/Monet_-_Impression%2C_Sunrise.jpg,"impression, sunrise",claude monet,1872,impressionism,"Impression, Sunrise is an 1872 painting by Claude Monet first shown at what would become known as the ""Exhibition of the Impressionists"" in Paris in April, 1874. The painting is credited with inspiring the name of the Impressionist movement."
https://upload.wikimedia.org/wikipedia/commons/c/c5/Jean-Leon_Gerome_Pollice_Verso.jpg,pollice verso,jean-leon gerome,1872,academicism,"Pollice Verso is an 1872 painting by French artist Jean-Léon Gérôme, featuring the eponymous Roman gesture directed to the winning gladiator."
https://upload.wikimedia.org/wikipedia/commons/c/c7/Camille_Pissarro_012.jpg,entree du village de voisins,camille pissarro,1872,impressionism,"Entree Du Village De Voisins is a Impressionism work by Camille Pissarro, dated 1872.\n\nAfter the outbreak of the Franco-Prussian War of 1870–71, having only Danish nationality and being unable to join the army, he moved his family to Norwood, then a village on the edge of London. However, his style of painting, which was a forerunner of what was later called ""Impressionism"", did not do well.\n\nReturning to France, Pissarro lived in Pontoise from 1872 to 1884. In 1890 he again visited England and painted some ten scenes of central London."
https://upload.wikimedia.org/wikipedia/commons/6/6d/Camille_Pissarro%2C_Le_verger_%28The_Orchard%29%2C_1872.jpg,orchard in bloom,camille pissarro,1872,impressionism,"Orchard In Bloom is a Impressionism work by Camille Pissarro, dated 1872.\n\nAfter the outbreak of the Franco-Prussian War of 1870–71, having only Danish nationality and being unable to join the army, he moved his family to Norwood, then a village on the edge of London. However, his style of painting, which was a forerunner of what was later called ""Impressionism"", did not do well.\n\nReturning to France, Pissarro lived in Pontoise from 1872 to 1884. In 1890 he again visited England and painted some ten scenes of central London."
https://upload.wikimedia.org/wikipedia/commons/9/9d/Pissaro%2C_Camille%2C_Still_Life_Apples_and_Pears.jpg,still life: apples and pears in a round basket,camille pissarro,1872,impressionism,"Still Life: Apples And Pears In A Round Basket is a Impressionism work by Camille Pissarro, dated 1872.\n\nAfter the outbreak of the Franco-Prussian War of 1870–71, having only Danish nationality and being unable to join the army, he moved his family to Norwood, then a village on the edge of London. However, his style of painting, which was a forerunner of what was later called ""Impressionism"", did not do well.\n\nReturning to France, Pissarro lived in Pontoise from 1872 to 1884. In 1890 he again visited England and painted some ten scenes of central London."
https://upload.wikimedia.org/wikipedia/commons/8/8e/Max_Liebermann_-_G%C3%A4nserupferinnen_-_Google_Art_Project.jpg,women plucking geese,max liebermann,1872,realism,"Women Plucking Geese is a Realism work by Max Liebermann, dated 1872.\n\nIn the Franco-Prussian War of 1870–71 he was briefly gripped by the general patriotic frenzy. He volunteered for the Johannitern because a badly healed broken arm prevented him from regular military service, and served as a medic during the siege of Metz.\n\nIn December 1873 Liebermann moved to Paris and set up a studio in Montmartre. In the world capital of art, he wanted to make contacts with leading realists and impressionists. But the French painters refused to have any contact with the German Liebermann."
https://upload.wikimedia.org/wikipedia/commons/8/80/Cottonexchange1873-Degas.jpg,a cotton office in new orleans,edgar degas,1873,impressionism / realism,"A Cotton Office in New Orleans, also known as Interior of an Office of Cotton Buyers in New Orleans and Portraits in an Office (New Orleans), is an oil painting by Edgar Degas. Degas depicts the interior of his maternal uncle Michel Musson's cotton firm in New Orleans. Musson, Degas's brothers René and Achille, Musson's son-in-law William Bell, and other associates of Musson are shown engaged in various business and leisure activities while raw cotton rests on a table in the middle of the office."
https://upload.wikimedia.org/wikipedia/commons/a/ae/Ilia_Efimovich_Repin_%281844-1930%29_-_Volga_Boatmen_%281870-1873%29.jpg,barge haulers on the volga,ilya repin,1873,realism,"Barge Haulers on the Volga or Burlaki is an 1870–1873 oil-on-canvas painting by Russian realist artist Ilya Repin. It depicts 11 men (burlaki) hauling a barge along the banks of the Volga River. They are at the point of collapse from exhaustion, oppressed by heavy, hot weather."
https://upload.wikimedia.org/wikipedia/commons/2/24/Winslow_Homer_-_Girl_in_the_Hammock.jpg,girl in the hammock,winslow homer,1873,american realism / impressionism,"Girl In The Hammock is a American Realism / Impressionism work by Winslow Homer, dated 1873.\n\nThroughout the 1870s, Homer continued painting mostly rural or idyllic scenes of farm life, children playing, and young adults courting, including Country School (1871) and The Morning Bell (1872).\n\nHomer's nickname in The Tile Club was ""The Obtuse Bard"". Other well known Tilers were painters William Merritt Chase, Arthur Quartley, and the sculptor Augustus Saint Gaudens. Homer started painting with watercolors on a regular basis in 1873 during a summer stay in Gloucester, Massachusetts."
https://upload.wikimedia.org/wikipedia/commons/8/8c/Edgar_Germain_Hilaire_Degas_004.jpg,ballet rehearsal,edgar degas,1873,impressionism / realism,"Ballet Rehearsal is a Impressionism / Realism work by Edgar Degas, dated 1873.\n\nDegas returned to Paris in 1873 and his father died the following year, whereupon Degas learned that his brother René had amassed enormous business debts. To preserve his family's reputation, Degas sold his house and an art collection he had inherited, and used the money to pay off his brother's debts.\n\nAs his subject matter changed, so, too, did Degas's technique. The dark palette that bore the influence of Dutch painting gave way to the use of vivid colors and bold brushstrokes."
https://upload.wikimedia.org/wikipedia/commons/8/83/Camille_Pissarro_-_Bords_de_l%C2%B4Oise%2C_Pontoise_-_1873.jpg,the banks of the oise near pontoise,camille pissarro,1873,impressionism,"The Banks of the Oise near Pontoise is an 1873 oil painting by French artist Camille Pissarro, located in the Indianapolis Museum of Art, which is in Indianapolis, Indiana. It depicts the river Oise near the market town of Pontoise."
https://cdn.topofart.com/images/artists/Claude_Oscar_Monet/paintings-wm/monet195.webp,boulevard des capucines,claude monet,1873-1874,impressionism,"Boulevard des Capucines is the title of two oil-on-canvas paintings depicting the famous Paris boulevard by French Impressionist artist Claude Monet, created between 1873–1874. One version is vertical in format and depicts a snowy street scene looking down the boulevard towards the Place de l'Opéra. The other version is a horizontal composition and shows the same street on a sunny winter day; it is housed at The Pushkin State Museum of Fine Arts in Moscow and is believed to be the version that was exhibited at the first Impressionist exhibit in 1874."
https://upload.wikimedia.org/wikipedia/commons/a/a3/Paul_Cezanne%2C_A_Modern_Olympia%2C_c._1873-1874.jpg,a modern olympia,paul cezanne,1873-1874,impressionism,A Modern Olympia is a c. 1873–74 painting by Impressionist painter Paul Cézanne. The painting's title and subject are a homage to Édouard Manet's 1863 painting Olympia.
https://upload.wikimedia.org/wikipedia/commons/0/0a/Adolph-Menzel-German-Eisenwalzwerk-Moderne-Cyklopen-The-Iron-Rolling-Mill-Modern-Cyclopes-.jpg,the iron rolling mill,adolph menzel,1872-1875,realism,"The Iron Rolling Mill is a Realism work by Adolph Menzel, dated 1872-1875.\n\nDuring Menzel's life, his paintings were appreciated by Otto von Bismarck and William I, and after his death they were appropriated for use as electoral posters by Adolf Hitler. If these historical illustrations anticipated the qualities of early Impressionism, it is paintings such as The French Window and The Palace Garden of Prince Albert, both painted in the mid- 1840s, that now appeal as ""among the most freely observed of mid-nineteenth century images."" Such genre paintings evidence associations with French and English art."
https://t3.gstatic.com/licensed-image?q=tbn:ANd9GcRcycqac1eZ4DO7aHOOsRkusS2ILRdNfkjbCvznE0pup61ruboqN1OWTWXuFYFCtrIod_r6gvb_C74qTGy_,roman widow,dante gabriel rossetti,1874,pre-raphaelite / romanticism,"Roman Widow or Dîs Manibus is an oil on canvas painting executed in 1874 by the English Pre-Raphaelite artist Dante Gabriel Rossetti. It is in the collection of the Museo de Arte de Ponce in Puerto Rico.\n\nIt depicts a young Roman widow, modelled by Alexa Wilding, sitting in a sepulchre by her late husband's cinerary urn, around which is wound her bridal girdle. She is dressed in classical mourning drapery and playing an elegy on two small harps, one with each hand. Pink roses, the flowers of Venus and symbolic of love, wreath both the harp and the urn.\n\nRossetti's alternative title of Dîs Manibus refers to the prefix of the urn's inscription."
https://upload.wikimedia.org/wikipedia/commons/8/86/Winslow_Homer_-_Moonlight.jpg,moonlight,winslow homer,1874,american realism,"Moonlight is a American Realism work by Winslow Homer, dated 1874.\n\nHomer's nickname in The Tile Club was ""The Obtuse Bard"". Other well known Tilers were painters William Merritt Chase, Arthur Quartley, and the sculptor Augustus Saint Gaudens. Homer started painting with watercolors on a regular basis in 1873 during a summer stay in Gloucester, Massachusetts.\n\nHomer was also interested in postwar subject matter that conveyed the silent tension between two communities seeking to understand their future. His oil painting A Visit from the Old Mistress (1876) shows an encounter between a group of four freed slaves and their former mistress."
https://upload.wikimedia.org/wikipedia/commons/4/46/Pierre-Auguste_Renoir%2C_Danseuse.jpg,the dancer,pierre-auguste renoir,1874,impressionism,"The Dancer is a Impressionism work by Pierre-Auguste Renoir, dated 1874.\n\nOne of the best-known Impressionist works is Renoir's 1876 Dance at Le Moulin de la Galette (Bal du moulin de la Galette). The painting depicts an open-air scene, crowded with people at a popular dance garden on the Butte Montmartre close to where he lived.\n\nHoping to secure a livelihood by attracting portrait commissions, Renoir displayed mostly portraits at the Second Impressionist Exhibition in 1876."
https://upload.wikimedia.org/wikipedia/commons/e/e7/Camille_Pissarro_023.jpg,landscape at pontoise,camille pissarro,1874,impressionism,"Landscape At Pontoise is a Impressionism work by Camille Pissarro, dated 1874.\n\nReturning to France, Pissarro lived in Pontoise from 1872 to 1884. In 1890 he again visited England and painted some ten scenes of central London.\n\nPissarro is the only artist to have shown his work at all eight Paris Impressionist exhibitions, from 1874 to 1886. He ""acted as a father figure not only to the Impressionists"" but to all four of the major Post-Impressionists, Cézanne, Seurat, Gauguin, and Van Gogh."
https://upload.wikimedia.org/wikipedia/commons/4/4c/Camille_Pissarro_A_Cowherd_at_Valhermeil%2C_Auvers-sur-Oise_The_Metropolitan_Museum_of_Art.jpg,"a cowherd at valhermeil, auvers-sur-oise",camille pissarro,1874,impressionism,"Auvers-sur-Oise is a commune in the department of Val-d'Oise, on the northwestern outskirts of Paris, France. It is located 27.2 km (16.9 mi) from the centre of Paris. It is associated with several famous artists, the most prominent being Vincent van Gogh (1853–1890). This was the place where van Gogh died and where he and his brother, Theo, were buried."
https://upload.wikimedia.org/wikipedia/commons/7/7b/Pierre-Auguste_Renoir_-_La_Seine_%C3%A0_Chatou_%281874%29.jpg?utm_source=commons.wikimedia.org&utm_campaign=index&utm_content=original,la seine a chatou,pierre-auguste renoir,1874,impressionism,"La Seine A Chatou is a Impressionism work by Pierre-Auguste Renoir, dated 1874.\n\nOne of the best-known Impressionist works is Renoir's 1876 Dance at Le Moulin de la Galette (Bal du moulin de la Galette). The painting depicts an open-air scene, crowded with people at a popular dance garden on the Butte Montmartre close to where he lived.\n\nFor the next several years he painted in a more severe style in an attempt to return to classicism. Concentrating on his drawing and emphasizing the outlines of figures, he painted works such as Blonde Bather (1881 and 1882) and The Large Bathers during what is sometimes referred to as his ""Ingres period""."
https://upload.wikimedia.org/wikipedia/commons/1/1d/Luke_Fildes_%281843-1927%29_-_Applicants_for_Admission_to_a_Casual_Ward_-_THC0021_-_Royal_Holloway%2C_University_of_London.jpg,applicants for admission to a casual ward,luke fildes,1874,realism,"Applicants for Admission to a Casual Ward is an 1874 oil painting by British painter Luke Fildes, a key work in nineteenth-century British social realism. The painting shows a street scene of impoverished and weary men, women and children waiting by the side of the road outside a police station, huddled against the cold evening, waiting to be given a ticket for temporary admission to a workhouse for the night. Many resisted taking up permanent residence at the workhouse, where men and women would be separated, and would be required to work to pay for their board and lodging; once they entered, many only left when they died. Instead, from 1864, if the police in London certified that a person was genuinely in need, they could stay for one night on a ""casual"" basis, and leave the next morning, but they would have to queue up again for temporary admission the next evening. Poverty and vagrancy were pressing issues in Victorian London, and the issuance of ""casual"" tickets doubled from around 200,000 in 1864 to over 400,000 in 1869."
https://upload.wikimedia.org/wikipedia/commons/0/0e/Konstantin_Apollonowitsch_Sawizkij_001.jpg,repairing the railway,konstantin savitsky,1874,realism,"Repairing The Railway is a Realism work by Konstantin Savitsky, dated 1874.\n\nWhen Konstantin was fifth-grader at Taganrog Gymnasium, his teenager's life changed unexpectedly. Both of his parents died suddenly. Kostya was taken by his uncle who lived in present-day Latvia and became his guardian.\n\nSoon Savitsky became one of the best students of the Imperial Academy of Arts. His student paintings were awarded with silver medals and for his painting Cain and Abel (1871) he received a gold medal."
https://cdn.topofart.com/images/artists/Hilaire_Germain_Edgar_Degas/paintings-wm/degas012.webp,the dance class,edgar degas,1873-1876,impressionism,"The Ballet Class is an oil painting on canvas created between 1874 and 1876 by the French artist Edgar Degas. The painting depicts a group of ballet dancers at the end of a lesson, led by ballet master Jules Perrot. Known for portraying dancers, Degas captured the grace and the rigorous nature of ballet as a profession. The Ballet Class is housed in the Musée d'Orsay, Paris, France. It was commissioned by the composer Jean-Baptiste Faure. The Ballet Class closely resembles The Dance Class, also painted by Degas in 1874."
https://upload.wikimedia.org/wikipedia/commons/4/41/Thomas_Eakins%2C_American_-_Portrait_of_Dr._Samuel_D._Gross_%28The_Gross_Clinic%29_-_Google_Art_Project.jpg,the gross clinic,thomas eakins,1875,american realism,The Gross Clinic or The Clinic of Dr. Gross is an 1875 painting by the American artist Thomas Eakins. It is an oil on canvas and measures 8 feet (240 cm) by 6.5 feet (200 cm).
https://upload.wikimedia.org/wikipedia/commons/8/89/Claude_Monet_-_Poppy_Field_-_Google_Art_Project.jpg,poppy fields near argenteuil,claude monet,1875,impressionism,"The Poppy Field near Argenteuil (French: Coquelicots) is an oil-on-canvas landscape painting by the French Impressionist Claude Monet, completed in 1873.\n\nFollowing its donation to the French state in 1906 by Étienne Moreau-Nélaton, it was housed successively in the Louvre, Musée des Arts Décoratifs and the Jeu de Paume. It has been exhibited at the Musée d'Orsay in Paris since 1986."
https://cdn.topofart.com/images/artists/Claude_Oscar_Monet/paintings-wm/monet177.webp,woman with a parasol - madame monet and her son,claude monet,1875,impressionism,"Woman with a Parasol – Madame Monet and Her Son is an oil-on-canvas painting by Claude Monet from 1875. The Impressionist work depicts his wife Camille Monet and their son Jean Monet in the period from 1871 to 1877 while they were living in Argenteuil, capturing a moment on a stroll on a windy summer's day.  Due to the subject matter, it is sometimes known as The Stroll (French: La Promenade) although the term ""Promenade"" is actually present in the titles of several other Monet paintings in the same series."
https://cdn.topofart.com/images/artists/Pierre-Auguste_Renoir/paintings-wm/renoir190.webp,the skiff (la yole),pierre-auguste renoir,1875,impressionism,"The Skiff (La Yole) is a Impressionism work by Pierre-Auguste Renoir, dated 1875.\n\nOne of the best-known Impressionist works is Renoir's 1876 Dance at Le Moulin de la Galette (Bal du moulin de la Galette). The painting depicts an open-air scene, crowded with people at a popular dance garden on the Butte Montmartre close to where he lived.\n\nHoping to secure a livelihood by attracting portrait commissions, Renoir displayed mostly portraits at the Second Impressionist Exhibition in 1876."
https://cdn.topofart.com/images/artists/Gustave_Caillebotte/paintings-wm/caillebotte001.webp,the floor scrapers,gustave caillebotte,1875,realism / impressionism,"The Floor Scrapers is a Realism / Impressionism work by Gustave Caillebotte, dated 1875.\n\nCaillebotte made his debut in the Second Impressionist Exhibition in 1876 showing eight paintings, including Les raboteurs de parquet (The Floor Scrapers, 1875), his earliest masterpiece.\n\nCaillebotte painted many domestic and familial scenes, interiors, and portraits. Many of his paintings depict members of his family: Young Man at His Window (Jeune Homme à la fenêtre, 1876) shows René in the home on rue de Miromesnil; The Orange Trees (Les Orangers, 1878), depicts Martial Jr."
https://upload.wikimedia.org/wikipedia/commons/e/ef/Edgar_Degas_Place_de_la_Concorde.jpg,place de la concorde,edgar degas,1875,realism / impressionism,"Place de la Concorde or Viscount Lepic and his Daughters Crossing the Place de la Concorde is an 1875 oil painting by Edgar Degas. It depicts the cigar-smoking Ludovic-Napoléon Lepic, his daughters Eylau and Jeanine, his dog, and a solitary man on the left at Place de la Concorde in Paris. The man on the left may be the playwright Ludovic Halévy. The Tuileries Gardens can be seen in the background, behind a stone wall.\n\nNotable for its innovative composition, use of negative space, and cropping, the painting reflects influences from photography and contemporary urban transformations during Haussmann's Paris."
https://upload.wikimedia.org/wikipedia/commons/4/4d/Renoirgarden.jpg,woman with a parasol in a garden,pierre-auguste renoir,1875,impressionism,"Woman With A Parasol In A Garden is a Impressionism work by Pierre-Auguste Renoir, dated 1875.\n\nOne of the best-known Impressionist works is Renoir's 1876 Dance at Le Moulin de la Galette (Bal du moulin de la Galette). The painting depicts an open-air scene, crowded with people at a popular dance garden on the Butte Montmartre close to where he lived.\n\nBy the mid-1880s, however, he had broken with the movement to apply a more disciplined formal technique to portraits and figure paintings, particularly of women."
https://upload.wikimedia.org/wikipedia/commons/0/09/Les_Grands_Boulevards_-_Renoir_-_1875_-_NG.jpg,the grands boulevards,pierre-auguste renoir,1875,impressionism,"The Grands Boulevards (French: Les Grands Boulevards) is an oil on canvas painting by Pierre-Auguste Renoir, painted in 1875. The painting illustrates a busy Paris boulevard, showing the effects of industrialisation and Haussmannisation. The image is housed at the Philadelphia Museum of Art. It is considered Renoir's most famous view of Paris."
https://upload.wikimedia.org/wikipedia/commons/b/b2/G._Caillebotte_-_Les_jardiniers.jpg,les jardiniers,gustave caillebotte,1875,realism / impressionism,"Les Jardiniers is a Realism / Impressionism work by Gustave Caillebotte, dated 1875.\n\nCaillebotte bought his first Monet in 1875 and was especially helpful to that artist's career and financial survival. He was precise in his sponsorship; notably absent are works by Georges Seurat and Paul Gauguin, or any of the Symbolists.\n\nHis country scenes at Yerres focus on pleasure boating on the leisurely stream as well as fishing and swimming, and domestic scenes around his country home."
https://upload.wikimedia.org/wikipedia/commons/9/99/G._Caillebotte_-_L%27Yerres%2C_pluie.jpg,"l'yerres, effet de pluie",gustave caillebotte,1875,realism / impressionism,"L'Yerres, Effet De Pluie is a Realism / Impressionism work by Gustave Caillebotte, dated 1875.\n\nCaillebotte made his debut in the Second Impressionist Exhibition in 1876 showing eight paintings, including Les raboteurs de parquet (The Floor Scrapers, 1875), his earliest masterpiece.\n\nCaillebotte painted many domestic and familial scenes, interiors, and portraits. Many of his paintings depict members of his family: Young Man at His Window (Jeune Homme à la fenêtre, 1876) shows René in the home on rue de Miromesnil; The Orange Trees (Les Orangers, 1878), depicts Martial Jr."
https://upload.wikimedia.org/wikipedia/commons/4/4d/Camille_Pissarro_%28French%2C_1830-1903%29_Le_grand_noyer_%C3%A0_l%27Hermitage.jpg,le grand noyer a l'hermitage,camille pissarro,1875,impressionism,"Le Grand Noyer A L'Hermitage is a Impressionism work by Camille Pissarro, dated 1875.\n\nAfter the outbreak of the Franco-Prussian War of 1870–71, having only Danish nationality and being unable to join the army, he moved his family to Norwood, then a village on the edge of London. However, his style of painting, which was a forerunner of what was later called ""Impressionism"", did not do well.\n\nReturning to France, Pissarro lived in Pontoise from 1872 to 1884. In 1890 he again visited England and painted some ten scenes of central London."
https://upload.wikimedia.org/wikipedia/commons/e/e8/Edgar_Degas_-_In_a_Caf%C3%A9_-_Google_Art_Project_2.jpg,l'absinthe,edgar degas,1875-1876,realism / impressionism,"L'Absinthe is a painting by Edgar Degas, painted between 1875 and 1876. Its original title was Dans un Café, a name often used today."
https://upload.wikimedia.org/wikipedia/commons/9/96/Winslow_Homer_-_Breezing_Up_%28A_Fair_Wind%29_-_Google_Art_Project.jpg,breezing up,winslow homer,1876,american realism,"Breezing Up (A Fair Wind) is an oil painting by American artist Winslow Homer. It depicts a catboat called the Gloucester chopping through that city's harbor under ""a fair wind"" (Homer's original title). Inside the boat are a man, three boys, and their catch."
https://upload.wikimedia.org/wikipedia/commons/4/40/Auguste_Renoir_-_Dance_at_Le_Moulin_de_la_Galette_-_Mus%C3%A9e_d%27Orsay_RF_2739_%28derivative_work_-_AutoContrast_edit_in_LCH_space%29.jpg,dance at le moulin de la galette,pierre-auguste renoir,1876,impressionism,Bal du moulin de la Galette is an 1876 painting by French artist Pierre-Auguste Renoir.
https://upload.wikimedia.org/wikipedia/commons/1/12/Le_Bassin_du_Jas_de_Bouffan%2C_par_Paul_C%C3%A9zanne.jpg,the pool at jas de bouffan,paul cezanne,1876,post-impressionism,"The Pool At Jas De Bouffan is a Post-Impressionism work by Paul Cezanne, dated 1876.\n\nIn the same year, he exhibited three of his works at the group Les XX in Brussels. The Société des Vingt, short Les XX or Les Vingt, was an association founded around 1883 by Belgian artists or artists living in Belgium, including Fernand Khnopff, Théo van Rysselberghe, James Ensor and the siblings Anna and E\n\nCézanne was primarily concerned with watercolour painting in his late work, as he realized that the specific application of his method could be particularly evident in this medium."
https://upload.wikimedia.org/wikipedia/commons/d/d7/Edgar_Germain_Hilaire_Degas_037.jpg,at the cafe-concert: the song of the dog,edgar degas,1875-1877,impressionism / realism,"At The Cafe-Concert: The Song Of The Dog is a Impressionism / Realism work by Edgar Degas, dated 1875-1877.\n\nAs his subject matter changed, so, too, did Degas's technique. The dark palette that bore the influence of Dutch painting gave way to the use of vivid colors and bold brushstrokes.\n\nBetween 1874 and 1886, they mounted eight art shows, known as the Impressionist Exhibitions. Degas took a leading role in organizing the exhibitions, and showed his work in all but one of them, despite his persistent conflicts with others in the group."
https://upload.wikimedia.org/wikipedia/commons/6/6a/Auguste_Renoir_-_The_Swing_-_Google_Art_Project.jpg,the swing (la balancoire),pierre-auguste renoir,1876,impressionism,"The Swing (French: La Balançoire) is an oil-on-canvas painting made in the summer of 1876 by the French Impressionist artist Pierre-Auguste Renoir. The painting depicts model Jeanne Samary, Norbert Goeneutte, and Renoir's brother Edmond. The painting combines eighteenth-century techniques with modern elements.\n\nThe Swing has been compared to the works of artists including Monet and Watteau. Renoir executed the painting in what are now the Musée de Montmartre gardens. He had rented a cottage in the gardens so that he could be closer to the Moulin de la Galette where he was simultaneously engaged in painting his 1876 Bal du moulin de la Galette. Both paintings were presented at the third Impressionist group exhibition in 1877."
https://upload.wikimedia.org/wikipedia/commons/4/4d/Renoir%2C_Pierre-Auguste_-_Self-portrait_-_Harvard_Art_Museums.Fogg_Museum.jpg,self-portrait,pierre-auguste renoir,1876,impressionism,"Self-Portrait is a Impressionism work by Pierre-Auguste Renoir, dated 1876.\n\nOne of the best-known Impressionist works is Renoir's 1876 Dance at Le Moulin de la Galette (Bal du moulin de la Galette). The painting depicts an open-air scene, crowded with people at a popular dance garden on the Butte Montmartre close to where he lived.\n\nHoping to secure a livelihood by attracting portrait commissions, Renoir displayed mostly portraits at the Second Impressionist Exhibition in 1876."
https://upload.wikimedia.org/wikipedia/commons/c/c3/Gustave_Caillebotte_-_Jeune_homme_%C3%A0_sa_fen%C3%AAtre_%28B_32%29.jpg,young man at his window,gustave caillebotte,1876,realism / impressionism,Young Man at His Window is an 1876 painting by the French Impressionist Gustave Caillebotte (1848–1894). The oil on canvas painting measures 117 by 82 centimetres. It is in the collection of the J. Paul Getty Museum in Los Angeles.
https://upload.wikimedia.org/wikipedia/commons/0/00/Caillebotte-PontdeL%27Europe-Geneva.jpg,le pont de l'europe,gustave caillebotte,1876,realism / impressionism,"Le Pont De L'Europe is a Realism / Impressionism work by Gustave Caillebotte, dated 1876.\n\nCaillebotte is best known for his paintings of urban Paris, such as The Europe Bridge (Le Pont de l'Europe, 1876), and Paris Street; Rainy Day (Rue de Paris; temps de pluie, also known as La Place de l'Europe, temps de pluie, 1877).\n\nThe tour was titled as ""Gustave Caillebotte: Painting Men"" at Musée d'Orsay and its subsequent appearance at J. Paul Getty Museum. The show traveled to the Art Institute of Chicago as ""Gustave Caillebotte: Painting His World""."
https://upload.wikimedia.org/wikipedia/commons/0/08/MuMA_-_Pissarro_-_Un_carrefour_%C3%A0_l%27Hermitage%2C_Pontoise.JPG,"un carrefour a l'hermitage, pontoise",camille pissarro,1876,impressionism,"Un Carrefour A L'Hermitage, Pontoise is a Impressionism work by Camille Pissarro, dated 1876.\n\nReturning to France, Pissarro lived in Pontoise from 1872 to 1884. In 1890 he again visited England and painted some ten scenes of central London.\n\nIn 1885 he met Georges Seurat and Paul Signac, both of whom relied on a more ""scientific"" theory of painting by using very small patches of pure colours to create the illusion of blended colours and shading when viewed from a distance."
https://upload.wikimedia.org/wikipedia/commons/5/5f/1876_Tr%C3%BCbner_Zimmermannsplatz_am_We%C3%9Flinger_See_anagoria.JPG,carpenters on the bank of wessling lake,wilhelm trubner,1876,realism,"Carpenters On The Bank Of Wessling Lake is a Realism work by Wilhelm Trubner, dated 1876.\n\nIn 1870 he made the acquaintance of Carl Schuch and Albert Lang. In August 1871, the three artists painted landscapes together during hikes in Hohenschwangau and Bernried, where they met Leibl.\n\nThe early 1870s were a period of discovery for Trübner. He travelled to Italy, Holland and Belgium, and in Paris encountered the art of Manet, whose influence can be seen in the spontaneous yet restrained style of Trübner's portraits and landscapes."
https://upload.wikimedia.org/wikipedia/commons/5/5e/Morning_ride_along_the_beach%2C_by_Anton_Mauve.jpg,morning ride on the beach,anton mauve,1876,realism,"Morning Ride On The Beach is a Realism work by Anton Mauve, dated 1876.\n\nIn 1872, Mauve settled in The Hague where he became a leading member of the Hague School of painters and one of the founders of the Hollandsche Teekenmaatschappij in 1876, as well as playing a leading role in the development of the Pulchri Studio, The Hague's most influential art society at the time.\n\nVan Gogh spent three weeks at Mauve's studio at the end of 1881 and during that time he made his first experiments in painting under Mauve's tutelage, first in oils and then early the next year in watercolour (previously he had concentrated on drawing)."
https://upload.wikimedia.org/wikipedia/commons/1/17/Gustave_Caillebotte_-_Paris_Street%3B_Rainy_Day_-_Google_Art_Project.jpg,paris street in rainy weather,gustave caillebotte,1877,impressionism,"Paris Street In Rainy Weather is a Impressionism work by Gustave Caillebotte, dated 1877.\n\nCaillebotte is best known for his paintings of urban Paris, such as The Europe Bridge (Le Pont de l'Europe, 1876), and Paris Street; Rainy Day (Rue de Paris; temps de pluie, also known as La Place de l'Europe, temps de pluie, 1877).\n\nThe tilted ground common to these paintings is characteristic of Caillebotte's work, which may have been strongly influenced by Japanese prints and the new technology of photography, although evidence of his use of photography is lacking."
https://upload.wikimedia.org/wikipedia/commons/e/e0/Pierre-Auguste_Renoir_096.jpg,portrait of jeanne samary,pierre-auguste renoir,1877,impressionism,"Portrait of Jeanne Samary is an oil on canvas painting by Pierre-Auguste Renoir, depicting the actress Jeanne Samary, from 1878. It is held in the Hermitage Museum, in Saint Petersburg. It was exhibited at the Paris Salon of 1879 and intended to make good on the critical failure of his previous portrait of her, but it made little impression on the critics. It was seized by the Soviet state after the October Revolution as part of the seizure of Ivan Morozov's art collection."
https://upload.wikimedia.org/wikipedia/commons/f/fc/Gustave_Caillebotte_Boating_on_the_Yerres.jpg,skiffs (perissoires),gustave caillebotte,1877,impressionism / realism,"Skiffs (Perissoires) is a Impressionism / Realism work by Gustave Caillebotte, dated 1877.\n\nHis country scenes at Yerres focus on pleasure boating on the leisurely stream as well as fishing and swimming, and domestic scenes around his country home.\n\nCaillebotte is best known for his paintings of urban Paris, such as The Europe Bridge (Le Pont de l'Europe, 1876), and Paris Street; Rainy Day (Rue de Paris; temps de pluie, also known as La Place de l'Europe, temps de pluie, 1877)."
https://upload.wikimedia.org/wikipedia/commons/d/d6/Camille_Pissarro_-_Red_roofs%2C_corner_of_a_village%2C_winter_-_Google_Art_Project.jpg,"toits rouges, coin d'un village, hiver, cote de saint-denis, pontoise",camille pissarro,1877,impressionism,"Toits Rouges, Coin D'Un Village, Hiver, Cote De Saint-Denis, Pontoise is a Impressionism work by Camille Pissarro, dated 1877.\n\nAfter the outbreak of the Franco-Prussian War of 1870–71, having only Danish nationality and being unable to join the army, he moved his family to Norwood, then a village on the edge of London. However, his style of painting, which was a forerunner of what was later called ""Impressionism"", did not do well.\n\nReturning to France, Pissarro lived in Pontoise from 1872 to 1884. In 1890 he again visited England and painted some ten scenes of central London."
https://upload.wikimedia.org/wikipedia/commons/2/21/Camille_Pissarro_-_Dans_le_jardin_des_Mathurins%2C_Pontoise_-_503.jpg,the garden of pontoise,camille pissarro,1877,impressionism,"The Garden Of Pontoise is a Impressionism work by Camille Pissarro, dated 1877.\n\nAfter the outbreak of the Franco-Prussian War of 1870–71, having only Danish nationality and being unable to join the army, he moved his family to Norwood, then a village on the edge of London. However, his style of painting, which was a forerunner of what was later called ""Impressionism"", did not do well.\n\nReturning to France, Pissarro lived in Pontoise from 1872 to 1884. In 1890 he again visited England and painted some ten scenes of central London."
https://upload.wikimedia.org/wikipedia/commons/1/10/Wilhelm_Maria_Hubertus_Leibl_007.jpg,the village politicians,wilhelm leibl,1877,realism,"The Village Politicians is a Realism work by Wilhelm Leibl, dated 1877.\n\nIn 1869, following Courbet's suggestion, Leibl went to Paris, where he was introduced to Édouard Manet, but was forced to return to Germany in 1870, due to the outbreak of the Franco-Prussian War. In 1873 Leibl left Munich for the isolated Bavarian countryside, where he depicted the local peasants in everyday scenes devoid of sentimentality or anecdote. The sketchlike quality of his earlier paintings was replaced by greater precision and attention to drawing. Living from 1878 to 1882 in Berbling, he painted perhaps his best-known work, the Three Women in Church (Kunsthalle, Hamburg)."
https://upload.wikimedia.org/wikipedia/commons/c/c2/Lyon_1er_-_Mus%C3%A9e_des_Beaux-Arts_-_Salle_229_-_Partie_de_bateau_%28Gustave_Caillebotte%29_%28cropped%29.jpg,boating party,gustave caillebotte,1877-1878,impressionism / realism,"Boating Party (French: Partie de bateau), also known as The Boating Party (French: La Partie de bateau) or Oarsman In A Top Hat (French: Canotier au chapeau haut de forme), is an oil painting by the French painter Gustave Caillebotte. The painting is from a period in Caillebotte's career when he was producing water-related works due to his extensive boat collection, his enjoyment of rowing, making use of his family's summer home which was close to the Yerres River. The work is noted for its close-up action perspective, which is regarded as unusual for large paintings. Caillebotte first showed the work in the Fourth Impressionist Exhibition in Paris in 1879.\n\nThe painting remained in the artist's collection until his death."
https://upload.wikimedia.org/wikipedia/commons/a/a1/Edgar_Germain_Hilaire_Degas_069.jpg,dancer with a bouquet of flowers (star of the ballet),edgar degas,1878,impressionism / realism,"Dancer With A Bouquet Of Flowers (Star Of The Ballet) is a Impressionism / Realism work by Edgar Degas, dated 1878.\n\nIn the 1870s, Degas gravitated towards the republican circles of Léon Gambetta. However, his republicanism did not come untainted, and signs of the prejudice and irritability which would overtake him in old age were occasionally manifested. He fired a model upon learning she was Protestant.\n\nHis interest in portraiture led Degas to study carefully the ways in which a person's social stature or form of employment may be revealed by their physiognomy, posture, dress, and other attributes."
https://upload.wikimedia.org/wikipedia/commons/e/ed/Gustave_Caillebotte_-_The_Orange_Trees_-_Google_Art_Project.jpg,les orangers,gustave caillebotte,1878,impressionism / realism,"Les Orangers  (English title: The Orange Trees) is an oil painting by French impressionist Gustave Caillebotte. The canvas measures 155 by 117 centimetres (61 in × 46 in). It was acquired by Audrey Jones Beck and was part of a collection that was on a long-term loan to the Museum of Fine Arts, Houston, before the collection was donated to the museum in 1999. The painting now hangs in the museum building named for Beck."
https://upload.wikimedia.org/wikipedia/commons/e/e8/G._Caillebotte_-_Les_P%C3%A9rissoires_%281878%29.jpg,les perissoires,gustave caillebotte,1878,impressionism,"Les Perissoires is a Impressionism work by Gustave Caillebotte, dated 1878.\n\nCaillebotte painted many domestic and familial scenes, interiors, and portraits. Many of his paintings depict members of his family: Young Man at His Window (Jeune Homme à la fenêtre, 1876) shows René in the home on rue de Miromesnil; The Orange Trees (Les Orangers, 1878), depicts Martial Jr.\n\nThe tilted ground common to these paintings is characteristic of Caillebotte's work, which may have been strongly influenced by Japanese prints and the new technology of photography, although evidence of his use of photography is lacking."
https://upload.wikimedia.org/wikipedia/commons/a/ae/Gustave_Caillebotte_-_Rue_Hal%C3%A9vy%2C_vue_d%27un_sixi%C3%A8me_%C3%A9tage.jpg,"rue halevy, from the 6th floor",gustave caillebotte,1878,impressionism,"Rue Halevy, From The 6th Floor is a Impressionism work by Gustave Caillebotte, dated 1878.\n\nCaillebotte painted many domestic and familial scenes, interiors, and portraits. Many of his paintings depict members of his family: Young Man at His Window (Jeune Homme à la fenêtre, 1876) shows René in the home on rue de Miromesnil; The Orange Trees (Les Orangers, 1878), depicts Martial Jr.\n\nThe tilted ground common to these paintings is characteristic of Caillebotte's work, which may have been strongly influenced by Japanese prints and the new technology of photography, although evidence of his use of photography is lacking."
https://upload.wikimedia.org/wikipedia/commons/1/14/Vue_de_toits_%28Effet_de_neige%29_-_Gustave_Caillebotte.jpg,vue de toits (effet de neige),gustave caillebotte,1878,impressionism,"Vue de toits (Effet de neige) (English title: View of rooftops (Effect of snow)) is an oil painting executed during the winter of 1878 and 1879 by French impressionist Gustave Caillebotte. The canvas measures 81 by 65 centimetres (32 in × 26 in). It was originally gifted by Caillebotte's brother in 1894 to the Musée du Luxembourg, then transferred to the Musée du Louvre in 1929. In 1947, it was moved to the Galerie nationale du Jeu de Paume, which held many impressionist works in France after World War II. In 1986, it was transferred again to the Musée d'Orsay in Paris."
https://upload.wikimedia.org/wikipedia/commons/5/51/Jules_Bastien-Lepage_-_October_-_Google_Art_Project.jpg,october,jules bastien-lepage,1878,realism,"October is a Realism work by Jules Bastien-Lepage, dated 1878.\n\nHis initial success was confirmed in 1875 by the First Communion, a picture of a little girl minutely worked up in manner that was compared to Hans Holbein, and a Portrait of M. Hayern.\n\nHis Portrait of Sarah Bernhardt (1879), painted in a light key, won him the cross of the Legion of Honour. In 1879 he was commissioned to do a portrait of the Prince of Wales. In 1880 he exhibited a small depiction of M."
https://upload.wikimedia.org/wikipedia/commons/2/20/Sir_Hubert_von_Herkomer_-_Eventide-_A_Scene_at_the_Westminster_Union_-_Google_Art_Project.jpg,eventide: a scene at westminster union,hubert von herkomer,1878,realism,"Eventide: A Scene At Westminster Union is a Realism work by Hubert Von Herkomer, dated 1878.\n\nIn 1873, Herkomer visited a friend who lived in Bushey, Hertfordshire, and the next year he rented a pair of cottages there called Dyreham and a studio near Melbourne Road, Bushey. By the time he was twenty-four, he had sold a painting for £1,200 pounds to CE Fry, an oil painting titled The Last Muster (1875).\n\nAfter a wood-engraving dated 1871, he established his position as an artist of high distinction at the Royal Academy. Another early notable work is his Eventide: A Scene in the Westminster Union (1878)."
https://upload.wikimedia.org/wikipedia/commons/e/eb/Ivan_Shishkin_-_%D0%A0%D0%BE%D0%B6%D1%8C_-_Google_Art_Project.jpg,a rye field,ivan shishkin,1878,realism,"A Rye Field is a Realism work by Ivan Shishkin, dated 1878.\n\nHe also took part in exhibitions at the Academy of Arts, the All-Russian Exhibition in Moscow (1882), the Nizhniy Novgorod (1896) and the World Fairs (Paris, 1867 and 1878 and Vienna, 1873).\n\nIn 1873 the Academy of Arts officially awarded Shishkin the title of professor after purchasing his painting Forest Wilderness. In 1892 he was invited to become professor-director of the landscape painting workshop class in the Academy of Arts, but for various reasons he held the position only briefly."
https://upload.wikimedia.org/wikipedia/commons/b/bb/William-Adolphe_Bouguereau_%281825-1905%29_-_The_Birth_of_Venus_%281879%29.jpg,the birth of venus,william-adolphe bouguereau,1879,academicism / neoclassicism,"The Birth of Venus (French: La Naissance de Vénus) is one of the most famous paintings by 19th-century painter William-Adolphe Bouguereau. It depicts not the actual birth of Venus from the sea, but her transportation in a shell as a fully mature woman from the sea to Paphos in Cyprus. She is considered the epitome of the Classical Greek and Roman ideal of the female form and beauty, on par with Venus de Milo.\n\nFor Bouguereau, it is considered a tour de force. The canvas stands at just over 300 centimetres (9 feet 10 inches) high, and 218 cm (7 ft 2 in) wide."
https://upload.wikimedia.org/wikipedia/commons/f/f3/Campo_de_trigo.jpg,wheatfield,pierre-auguste renoir,1879,impressionism,"Wheatfield is a Impressionism work by Pierre-Auguste Renoir, dated 1879.\n\nHoping to secure a livelihood by attracting portrait commissions, Renoir displayed mostly portraits at the Second Impressionist Exhibition in 1876.\n\nFor the next several years he painted in a more severe style in an attempt to return to classicism. Concentrating on his drawing and emphasizing the outlines of figures, he painted works such as Blonde Bather (1881 and 1882) and The Large Bathers during what is sometimes referred to as his ""Ingres period""."
https://upload.wikimedia.org/wikipedia/commons/8/8e/Camille_Pissarro_-_The_Hay_Cart%2C_Montfoucault_-_Google_Art_Project.jpg,the hay cart,camille pissarro,1879,impressionism,"The Hay Cart is a Impressionism work by Camille Pissarro, dated 1879.\n\nReturning to France, Pissarro lived in Pontoise from 1872 to 1884. In 1890 he again visited England and painted some ten scenes of central London.\n\nIn 1885 he met Georges Seurat and Paul Signac, both of whom relied on a more ""scientific"" theory of painting by using very small patches of pure colours to create the illusion of blended colours and shading when viewed from a distance."
https://upload.wikimedia.org/wikipedia/commons/6/68/Georges_Seurat%2C_c.1879-81%2C_Vase_of_Flowers%2C_oil_on_canvas%2C_46.3_x_38.5_cm%2C_Fogg_Museum.jpg,flowers in a vase,georges seurat,1879,post-impressionism / neo-impressionism / divisionism,"Flowers In A Vase is a Post-Impressionism / Neo-Impressionism / Divisionism work by Georges Seurat, dated 1879.\n\nSeurat was also influenced by Sutter's Phenomena of Vision (1880), in which he wrote that ""the laws of harmony can be learned as one learns the laws of harmony and music"".\n\nHe spent 1883 working on his first major painting – a large canvas titled Bathers at Asnières, a monumental work showing young men relaxing by the Seine in a working-class suburb of Paris."
https://upload.wikimedia.org/wikipedia/commons/a/a5/Der_zw%C3%B6lfj%C3%A4hrige_Jesus_im_Tempel.jpg,the twelve-year-old jesus in the temple,max liebermann,1879,realism,"The Twelve-Year-Old Jesus In The Temple is a Realism work by Max Liebermann, dated 1879.\n\nIn the summer of 1876 there was another stay of several months in the Netherlands, where he continued his studies. In Amsterdam he met the etcher William Unger, who brought him into contact with Jozef Israëls and the Hague School.\n\nFrom that time on, Liebermann was a famous artist, but his painterly advances came to a standstill during his stay in Holland in 1879: The light in a view of a rural village street that was created at that time appears pale and unnatural. In 1880 he took part in the Paris Salon."
https://upload.wikimedia.org/wikipedia/commons/a/aa/Cezanne_-_Ebene_mit_dem_Mont_Sainte_Victoire.jpg,"the plain with mont sainte victoire, view from valcros",paul cezanne,1879-1880,post-impressionism,"The Plain With Mont Sainte Victoire, View From Valcros is a Post-Impressionism work by Paul Cezanne, dated 1879-1880.\n\nCézanne's long friendly relationship with Émile Zola had by now become more distant. In 1878, the urbane, successful writer had set up a luxurious summer house in Médan near Auvers, where Cézanne had visited him repeatedly in the years 1879 to 1882 and in 1885; but his friend's lavish lifestyle made Cézanne,\n\nIn March 1878, Cézanne's father found out about the long-hidden relationship with Hortense and their illegitimate son Paul through a thoughtless letter by Victor Chocquet. He then cut the monthly bill in half, and Cézanne entered a financially tense period in which he had to ask Zola for help."
https://upload.wikimedia.org/wikipedia/commons/3/38/Georges_Seurat_-_Landscape_at_Saint-Ouen_PC_7.jpg,landscape at saint-ouen,georges seurat,1879-1880,post-impressionism,"Landscape At Saint-Ouen is a Post-Impressionism work by Georges Seurat, dated 1879-1880.\n\nSeurat was also influenced by Sutter's Phenomena of Vision (1880), in which he wrote that ""the laws of harmony can be learned as one learns the laws of harmony and music"".\n\nFrom 1883 until his death, Seurat exhibited his work at the Salon, the Salon des Indépendants, Les XX in Brussels, the eighth Impressionist exhibition, and other exhibitions in France and abroad."
https://upload.wikimedia.org/wikipedia/commons/c/c5/Alexandre_Cabanel_Ph%C3%A8dre.jpg,phaedra,alexandre cabanel,1880,academicism,"Phaedra is an oil-on-canvas painting executed in 1880 by the French academic painter Alexandre Cabanel. It was exhibited in the Salon of 1880 and later donated by Cabanel to the Musée Fabre, located in his hometown of Montpellier. Phaedra is a large painting of a classical subject in literature, which can be attributed to Cabanel's studies in the Paris École des Beaux-Arts. As Cabanel's painting career developed, he expanded his style to preserve the French Academy while appealing to his personal interests in literature, often depicting new perspectives in contradiction with tradition. Alexandre Cabanel's painting of Phaedra exemplifies his depiction in academic paintings of theatrical heroines."
https://upload.wikimedia.org/wikipedia/commons/c/ce/Edgar_Germain_Hilaire_Degas_024.jpg,three dancers in an exercise hall,edgar degas,1880,impressionism / realism,"Three Dancers In An Exercise Hall is a Impressionism / Realism work by Edgar Degas, dated 1880.\n\nHis interest in portraiture led Degas to study carefully the ways in which a person's social stature or form of employment may be revealed by their physiognomy, posture, dress, and other attributes.\n\nDegas's only showing of sculpture during his life took place in 1881 when he exhibited The Little Dancer of Fourteen Years, which he had created using Marie van Goethem as a model."
https://upload.wikimedia.org/wikipedia/commons/2/21/Pierre-Auguste_Renoir%2C_1880%2C_Portrait_of_Mademoiselle_Ir%C3%A8ne_Cahen_d%27Anvers%2C_Sammlung_E.G._B%C3%BChrle.jpg,portrait of irene cahen d'anvers (la petite irene),pierre-auguste renoir,1880,impressionism,"The Portrait of Irène Cahen d’Anvers, or The Little Girl with the Blue Ribbon or Little Irène, is an oil painting by French Impressionist artist Pierre-Auguste Renoir. The painting is on display in the Foundation E. G. Bührle collection in Zürich."
https://upload.wikimedia.org/wikipedia/commons/c/c5/Pierre-Auguste_Renoir_-_By_the_Water.jpg,by the water,pierre-auguste renoir,1880,impressionism,"By The Water is a Impressionism work by Pierre-Auguste Renoir, dated 1880.\n\nHoping to secure a livelihood by attracting portrait commissions, Renoir displayed mostly portraits at the Second Impressionist Exhibition in 1876.\n\nBy the mid-1880s, however, he had broken with the movement to apply a more disciplined formal technique to portraits and figure paintings, particularly of women."
https://upload.wikimedia.org/wikipedia/commons/1/19/Gustave_Caillebotte_Boulevard_des_Italiens.jpg,boulevard des italiens,gustave caillebotte,1880,impressionism,"Boulevard Des Italiens is a Impressionism work by Gustave Caillebotte, dated 1880.\n\nCaillebotte is best known for his paintings of urban Paris, such as The Europe Bridge (Le Pont de l'Europe, 1876), and Paris Street; Rainy Day (Rue de Paris; temps de pluie, also known as La Place de l'Europe, temps de pluie, 1877).\n\nThe tilted ground common to these paintings is characteristic of Caillebotte's work, which may have been strongly influenced by Japanese prints and the new technology of photography, although evidence of his use of photography is lacking."
https://upload.wikimedia.org/wikipedia/commons/b/b5/G._Caillebotte_-_Un_balcon_%281880%29.jpg,un balcon,gustave caillebotte,1880,impressionism / realism,"Un Balcon is a Impressionism / Realism work by Gustave Caillebotte, dated 1880.\n\nCaillebotte is best known for his paintings of urban Paris, such as The Europe Bridge (Le Pont de l'Europe, 1876), and Paris Street; Rainy Day (Rue de Paris; temps de pluie, also known as La Place de l'Europe, temps de pluie, 1877).\n\nThe tilted ground common to these paintings is characteristic of Caillebotte's work, which may have been strongly influenced by Japanese prints and the new technology of photography, although evidence of his use of photography is lacking."
https://upload.wikimedia.org/wikipedia/commons/0/08/Camille_Pissarro_Washerwoman%2C_Study_The_Metropolitan_Museum_of_Art.jpg,"washerwoman, study",camille pissarro,1880,impressionism / post-impressionism,"Washerwoman, Study is a Impressionism / Post-Impressionism work by Camille Pissarro, dated 1880.\n\nReturning to France, Pissarro lived in Pontoise from 1872 to 1884. In 1890 he again visited England and painted some ten scenes of central London.\n\nIn 1885 he met Georges Seurat and Paul Signac, both of whom relied on a more ""scientific"" theory of painting by using very small patches of pure colours to create the illusion of blended colours and shading when viewed from a distance."
https://muralsyourway.vtexassets.com/arquivos/ids/232056/Luncheon-Of-The-Boating-Party-Wall-Mural.jpg?v=638164792973500000,luncheon of the boating party,pierre-auguste renoir,1881,impressionism,"Luncheon of the Boating Party is an 1880–1881 painting by French impressionist Pierre-Auguste Renoir. Exhibited at the Seventh Impressionist Exhibition in 1882, it was identified as the best painting in the show by three critics. It was purchased from the artist by the dealer-patron Paul Durand-Ruel and bought in 1923 from his son by industrialist Duncan Phillips, who spent a decade in pursuit of the work. It is now in The Phillips Collection in Washington, D.C. It shows a richness of form, a fluidity of brush stroke, and a flickering light."
https://cdn.topofart.com/images/artists/Pierre-Auguste_Renoir/paintings-wm/renoir004.webp,two sisters (on the terrace),pierre-auguste renoir,1881,impressionism,"Two Sisters (On The Terrace) is a Impressionism work by Pierre-Auguste Renoir, dated 1881.\n\nFor the next several years he painted in a more severe style in an attempt to return to classicism. Concentrating on his drawing and emphasizing the outlines of figures, he painted works such as Blonde Bather (1881 and 1882) and The Large Bathers during what is sometimes referred to as his ""Ingres period"".\n\nBy the mid-1880s, however, he had broken with the movement to apply a more disciplined formal technique to portraits and figure paintings, particularly of women."
https://upload.wikimedia.org/wikipedia/commons/d/d8/Edgar_Degas_-_Waiting_-_Google_Art_Project.jpg,waiting,edgar degas,1880-1882,impressionism / realism,"Waiting is a pastel on paper by the French Impressionist Edgar Degas, completed between 1880–1882. It is an early example of the more than 200 pastels, paintings, mixed media drawings and sculptures of ballerinas depicted by Degas from the early 1880s. This work is regarded for its vibrant colouring and steep perspective."
https://upload.wikimedia.org/wikipedia/commons/b/ba/Renoir_%D0%94%D0%B5%D0%B2%D1%83%D1%88%D0%BA%D0%B8_%D0%B2_%D1%87%D0%B5%D1%80%D0%BD%D0%BE%D0%BC.jpg,young women in black,pierre-auguste renoir,1880-1882,impressionism,"Young Women In Black is a Impressionism work by Pierre-Auguste Renoir, dated 1880-1882.\n\nHoping to secure a livelihood by attracting portrait commissions, Renoir displayed mostly portraits at the Second Impressionist Exhibition in 1876.\n\nFor the next several years he painted in a more severe style in an attempt to return to classicism. Concentrating on his drawing and emphasizing the outlines of figures, he painted works such as Blonde Bather (1881 and 1882) and The Large Bathers during what is sometimes referred to as his ""Ingres period""."
https://upload.wikimedia.org/wikipedia/commons/1/14/Pierre_Auguste_Renoir_-_The_Piazza_San_Marco%2C_Venice_-_Google_Art_Project.jpg,the piazza san marco,pierre-auguste renoir,1881,impressionism,"The Piazza San Marco is a Impressionism work by Pierre-Auguste Renoir, dated 1881.\n\nFor the next several years he painted in a more severe style in an attempt to return to classicism. Concentrating on his drawing and emphasizing the outlines of figures, he painted works such as Blonde Bather (1881 and 1882) and The Large Bathers during what is sometimes referred to as his ""Ingres period"".\n\nBy the mid-1880s, however, he had broken with the movement to apply a more disciplined formal technique to portraits and figure paintings, particularly of women."
https://upload.wikimedia.org/wikipedia/commons/3/37/Camille_Pissarro_-_Conversation_-_Google_Art_Project.jpg,conversation,camille pissarro,1881,neo-impressionism / divisionism,"Conversation is a Neo-Impressionism / Divisionism work by Camille Pissarro, dated 1881.\n\nReturning to France, Pissarro lived in Pontoise from 1872 to 1884. In 1890 he again visited England and painted some ten scenes of central London.\n\nIn 1885 he met Georges Seurat and Paul Signac, both of whom relied on a more ""scientific"" theory of painting by using very small patches of pure colours to create the illusion of blended colours and shading when viewed from a distance."
https://upload.wikimedia.org/wikipedia/commons/0/0c/The_Harvest%2C_Pontoise.jpg,"the harvest, pontoise",camille pissarro,1881,neo-impressionism / divisionism,"The Harvest, Pontoise is a late 19th-century painting by Dano-French artist Camille Pissarro. Done in oil on canvas, the work depicts a group of French farmers gathering potatoes; such subject material was a common theme used by Pissarro. The painting is in the collection of the Metropolitan Museum of Art."
https://upload.wikimedia.org/wikipedia/commons/9/9e/Georges_Seurat_010.jpg,overgrown slope,georges seurat,1881,post-impressionism / neo-impressionism / divisionism,"Overgrown Slope is a Post-Impressionism / Neo-Impressionism / Divisionism work by Georges Seurat, dated 1881.\n\nSalon des Indépendants, Paris, 10 December 1884 – 17 January 1885 Works in Oil and Pastel by the Impressionists of Paris, American Art Association, New York, April and May 1886.Organised by Paul Durand-Ruel.\n\nLes impressionnistes, Palais du Cours Saint-André, Nantes, 10 October 1886 – 15 January 1887 Galerie Martinet, Paris, December 1886 – January 1887 Les XX, Brussels, February 1887 Salon des Indépendants, Paris, 26 March–3 May 1887"
https://upload.wikimedia.org/wikipedia/commons/b/b2/Pierre-Auguste_Renoir_-_La_Seine_%C3%A0_Chatou_%281881%29.jpg?utm_source=commons.wikimedia.org&utm_campaign=index&utm_content=original,la seine a chatou,pierre-auguste renoir,1881,impressionism,"La Seine A Chatou is a Impressionism work by Pierre-Auguste Renoir, dated 1881.\n\nFor the next several years he painted in a more severe style in an attempt to return to classicism. Concentrating on his drawing and emphasizing the outlines of figures, he painted works such as Blonde Bather (1881 and 1882) and The Large Bathers during what is sometimes referred to as his ""Ingres period"".\n\nBy the mid-1880s, however, he had broken with the movement to apply a more disciplined formal technique to portraits and figure paintings, particularly of women."
https://upload.wikimedia.org/wikipedia/commons/8/88/1880_Leibl_Drei_Frauen_in_der_Kirche_anagoria.JPG,three women in church,wilhelm leibl,1881,realism,Three Women in Church is an 1881 oil painting by the German realist painter Wilhelm Leibl which is in the collection of the Kunsthalle Hamburg.
https://upload.wikimedia.org/wikipedia/commons/1/17/Luna_damas-romanas.jpg,las damas romanas,juan luna,1882,academicism / neoclassicism,"Las Damas Romanas, also known as The Roman Maidens, The Roman Women, or The Roman Ladies, is an oil on canvas painted in the style of Neo-Classicism by Juan Luna, one of the most famous Filipino painters of the Spanish period in the Philippines. It was painted by Luna when he was a student of the school of painting in the Real Academia de Bellas Artes de San Fernando in Madrid, Spain in 1877. Alejo Valera, a Spanish painting teacher, took Luna as an apprentice and brought him to Rome where Luna created Las Damas Romanas in 1882. Skilled in the style of the academy, he was the first Filipino painter to win international recognition in Europe and the US."
https://upload.wikimedia.org/wikipedia/commons/b/b1/%22Un_Bar_aux_Folies-Berg%C3%A8re%22_by_%C3%89douard_Manet_%281882%29.jpg,a bar at the folies-bergere,edouard manet,1882,impressionism / realism,"A Bar at the Folies-Bergère is a painting by Édouard Manet, considered to be his last major work. It was painted in 1882 and exhibited at the Paris Salon of that year. It depicts a scene in the Folies Bergère nightclub in Paris. The painting originally belonged to the composer Emmanuel Chabrier, a close friend of Manet, and hung over his piano. It is now in the Courtauld Gallery in London."
https://upload.wikimedia.org/wikipedia/commons/9/9e/Cailebotte_-_Nature_Morte.jpg,yellow roses in a vase,gustave caillebotte,1882,impressionism,"Yellow Roses In A Vase is a Impressionism work by Gustave Caillebotte, dated 1882.\n\nCaillebotte's still life paintings focus primarily on food, some at table ready to be eaten and some ready to be purchased, as in a series of paintings he made of meat at a butcher shop. He also produced some floral still-life paintings, particularly in the 1890s.\n\nHis Man on a Balcony, Boulevard Haussmann, sold for more than US$14.3 million ($26.7 million in 2025) in 2000. In 2011, Museum of Fine Arts, Boston acquired Homme au bain for $17 million ($24.3 million in 2025), marking the museum's second Caillebotte."
https://upload.wikimedia.org/wikipedia/commons/0/08/Camille_Pissarro_-_The_Harvest_-_Google_Art_Project.jpg,the harvest,camille pissarro,1882,impressionism,"The Harvest, Pontoise is a late 19th-century painting by Dano-French artist Camille Pissarro. Done in oil on canvas, the work depicts a group of French farmers gathering potatoes; such subject material was a common theme used by Pissarro. The painting is in the collection of the Metropolitan Museum of Art."
https://upload.wikimedia.org/wikipedia/commons/6/6d/CAMILLE_PISSARRO_%281830-1903%29_Le_jardin_de_Maubuisson%2C_Pontoise%2C_la_m%C3%A8re_Bellette_21_7-16_x_25_7-8_in._%2854.5_x_65.7cm%29.jpg,"le jardin de maubuisson, pointoise",camille pissarro,1882,neo-impressionism / divisionism,"Le Jardin De Maubuisson, Pointoise is a Neo-Impressionism / Divisionism work by Camille Pissarro, dated 1882.\n\nReturning to France, Pissarro lived in Pontoise from 1872 to 1884. In 1890 he again visited England and painted some ten scenes of central London.\n\nIn 1885 he met Georges Seurat and Paul Signac, both of whom relied on a more ""scientific"" theory of painting by using very small patches of pure colours to create the illusion of blended colours and shading when viewed from a distance."
https://upload.wikimedia.org/wikipedia/commons/e/e2/Le_Printemps_%281882%29_Claude_Monet.JPG,le printemps,claude monet,1882,impressionism,"Le Printemps is a Impressionism work by Claude Monet, dated 1882.\n\nFor the third exhibition, on 5 April 1877, he selected seven paintings from the dozen he had made of Gare Saint-Lazare in the past three months, the first time he had ""synced as many paintings of the same site, carefully coordinating their scenes and temporalities"".\n\nSome of the most notable compositions from his stay in Bordighera are View of Bordighera, Olive Trees, Villas at Bordighera, The Moreno Garden, Valley of Sasso and Dolceacqua. The Bordighera paintings are not so well known to the public as some of his work."
https://upload.wikimedia.org/wikipedia/commons/5/53/Georges_Seurat_007.jpg,the suburbs,georges seurat,1882-1883,post-impressionism / neo-impressionism / divisionism,"The Suburbs is a Post-Impressionism / Neo-Impressionism / Divisionism work by Georges Seurat, dated 1882-1883.\n\nHe spent 1883 working on his first major painting – a large canvas titled Bathers at Asnières, a monumental work showing young men relaxing by the Seine in a working-class suburb of Paris.\n\nFrom 1883 until his death, Seurat exhibited his work at the Salon, the Salon des Indépendants, Les XX in Brussels, the eighth Impressionist exhibition, and other exhibitions in France and abroad."
https://www.guggenheim.org/wp-content/uploads/1882/01/41.713_ph_web-1.jpg,farm women at work,georges seurat,1882-1883,neo-impressionism / divisionism,"Farm Women At Work is a Neo-Impressionism / Divisionism work by Georges Seurat, dated 1882-1883.\n\nSalon des Indépendants, Paris, 10 December 1884 – 17 January 1885 Works in Oil and Pastel by the Impressionists of Paris, American Art Association, New York, April and May 1886.Organised by Paul Durand-Ruel.\n\nThéâtre Libre, Paris, November 1887 – January 1888Works by Seurat, Signac and van Gogh. Exposition de Janvier, La Revue indépendante, Paris, January 1888 Exposition de Février, La Revue indépendante, Paris, February 1888"
https://cdn.topofart.com/images/artists/Pierre-Auguste_Renoir/paintings-wm/renoir003.webp,dance at bougival,pierre-auguste renoir,1883,impressionism,"Dance At Bougival is a Impressionism work by Pierre-Auguste Renoir, dated 1883.\n\nFor the next several years he painted in a more severe style in an attempt to return to classicism. Concentrating on his drawing and emphasizing the outlines of figures, he painted works such as Blonde Bather (1881 and 1882) and The Large Bathers during what is sometimes referred to as his ""Ingres period"".\n\nAfter 1890 he changed direction again. To dissolve outlines, as in his earlier work, he returned to thinly brushed color. From this period onward he concentrated on monumental nudes and domestic scenes, fine examples of which are Girls at the Piano, 1892, and Grandes Baigneuses, 1887."
https://upload.wikimedia.org/wikipedia/commons/0/0a/Edgar_Degas_-_Before_the_Race_-_Walters_37850.jpg,before the race,edgar degas,1882-1884,impressionism / realism,"Before The Race is a Impressionism / Realism work by Edgar Degas, dated 1882-1884.\n\nDegas introduced Cassatt to pastel and engraving, while for her part Cassatt was instrumental in helping Degas sell his paintings and promoting his reputation in the United States.\n\nDegas's only showing of sculpture during his life took place in 1881 when he exhibited The Little Dancer of Fourteen Years, which he had created using Marie van Goethem as a model."
https://upload.wikimedia.org/wikipedia/commons/c/cf/Pierre-Auguste_Renoir_-_Children_on_the_Seashore%2C_Guernsey_%28Enfants_au_bord_de_la_mer_%C3%A0_Guernesey%29_-_BF10_-_Barnes_Foundation.jpg,children at the beach at guernsey,pierre-auguste renoir,1883,impressionism,"Children At The Beach At Guernsey is a Impressionism work by Pierre-Auguste Renoir, dated 1883.\n\nFor the next several years he painted in a more severe style in an attempt to return to classicism. Concentrating on his drawing and emphasizing the outlines of figures, he painted works such as Blonde Bather (1881 and 1882) and The Large Bathers during what is sometimes referred to as his ""Ingres period"".\n\nBy the mid-1880s, however, he had broken with the movement to apply a more disciplined formal technique to portraits and figure paintings, particularly of women."
https://upload.wikimedia.org/wikipedia/commons/1/11/Seurat_Pescatori.jpg,fishing in the seine,georges seurat,1883,post-impressionism / neo-impressionism / divisionism,"Fishing In The Seine is a Post-Impressionism / Neo-Impressionism / Divisionism work by Georges Seurat, dated 1883.\n\nHe spent 1883 working on his first major painting – a large canvas titled Bathers at Asnières, a monumental work showing young men relaxing by the Seine in a working-class suburb of Paris.\n\nFrom 1883 until his death, Seurat exhibited his work at the Salon, the Salon des Indépendants, Les XX in Brussels, the eighth Impressionist exhibition, and other exhibitions in France and abroad."
https://upload.wikimedia.org/wikipedia/commons/3/39/Georges_Seurat_048.jpg,the laborers,georges seurat,1883,post-impressionism / neo-impressionism / divisionism,"The Laborers is a Post-Impressionism / Neo-Impressionism / Divisionism work by Georges Seurat, dated 1883.\n\nHe spent 1883 working on his first major painting – a large canvas titled Bathers at Asnières, a monumental work showing young men relaxing by the Seine in a working-class suburb of Paris.\n\nFrom 1883 until his death, Seurat exhibited his work at the Salon, the Salon des Indépendants, Les XX in Brussels, the eighth Impressionist exhibition, and other exhibitions in France and abroad."
https://cdn.topofart.com/images/artists/Paul_Cezanne/paintings-wm/cezanne030.webp,mont sainte-victoire and the viaduct of the arc river valley,paul cezanne,1882-1885,post-impressionism,"Mont Sainte-Victoire And The Viaduct Of The Arc River Valley is a Post-Impressionism work by Paul Cezanne, dated 1882-1885.\n\nIn the same year, he exhibited three of his works at the group Les XX in Brussels. The Société des Vingt, short Les XX or Les Vingt, was an association founded around 1883 by Belgian artists or artists living in Belgium, including Fernand Khnopff, Théo van Rysselberghe, James Ensor and the siblings Anna and E\n\nIn 1881, Cézanne worked in Pontoise with Paul Gauguin and Pissarro; Cézanne returned to Aix at the end of the year. He later accused Gauguin of having stolen his ""little sensation"" from him and that Gauguin, on the other hand only painted chinoiseries."
https://cdn.topofart.com/images/artists/John_Singer_Sargent/paintings-wm/sargent019.webp,madame x (madame pierre gautreau),john singer sargent,1884,realism / aestheticism,"Madame X or Portrait of Madame X is an 1884 portrait painting by John Singer Sargent of a young socialite, Virginie Amélie Avegno Gautreau, wife of the French banker Pierre Gautreau. Madame X was painted not as a commission, but at the request of Sargent. It is a study in opposition. Sargent shows a woman posing in a black satin dress with jeweled straps, a dress that reveals and hides at the same time. The portrait is characterized by the pale flesh tone of the subject contrasted against a dark-colored dress and background. The dress was originally painted with one of the straps hanging off her shoulder, but after a negative response from viewers he repainted it to secure it over her shoulder."
https://upload.wikimedia.org/wikipedia/commons/d/d3/G._Caillebotte_-_Homme_portant_une_blouse.jpg,homme portant une blouse,gustave caillebotte,1884,impressionism / realism,"Homme Portant Une Blouse is a Impressionism / Realism work by Gustave Caillebotte, dated 1884.\n\nCaillebotte's still life paintings focus primarily on food, some at table ready to be eaten and some ready to be purchased, as in a series of paintings he made of meat at a butcher shop. He also produced some floral still-life paintings, particularly in the 1890s.\n\nHis Man on a Balcony, Boulevard Haussmann, sold for more than US$14.3 million ($26.7 million in 2025) in 2000. In 2011, Museum of Fine Arts, Boston acquired Homme au bain for $17 million ($24.3 million in 2025), marking the museum's second Caillebotte."
https://upload.wikimedia.org/wikipedia/commons/e/ed/G._Caillebotte_-_Villas_%C3%A0_Trouville.jpg,villas a trouville,gustave caillebotte,1884,impressionism,"Villas A Trouville is a Impressionism work by Gustave Caillebotte, dated 1884.\n\nCaillebotte's still life paintings focus primarily on food, some at table ready to be eaten and some ready to be purchased, as in a series of paintings he made of meat at a butcher shop. He also produced some floral still-life paintings, particularly in the 1890s.\n\nHis Man on a Balcony, Boulevard Haussmann, sold for more than US$14.3 million ($26.7 million in 2025) in 2000. In 2011, Museum of Fine Arts, Boston acquired Homme au bain for $17 million ($24.3 million in 2025), marking the museum's second Caillebotte."
https://upload.wikimedia.org/wikipedia/en/b/b5/The_Church_at_Eragny_Pissarro.jpg,the church at eragny,camille pissarro,1884,neo-impressionism / divisionism,"The Church At Eragny is a Neo-Impressionism / Divisionism work by Camille Pissarro, dated 1884.\n\nReturning to France, Pissarro lived in Pontoise from 1872 to 1884. In 1890 he again visited England and painted some ten scenes of central London.\n\nIn 1885 he met Georges Seurat and Paul Signac, both of whom relied on a more ""scientific"" theory of painting by using very small patches of pure colours to create the illusion of blended colours and shading when viewed from a distance."
https://upload.wikimedia.org/wikipedia/commons/e/eb/Baigneurs_a_Asnieres.jpg,bathers at asnieres,georges seurat,1884,neo-impressionism / pointillism,"Bathers at Asnières is an 1884 oil on canvas painting by the French artist Georges Pierre Seurat, the first of his two masterpieces on the monumental scale. The canvas is of a suburban, placid Parisian riverside scene. Isolated figures, with their clothes piled sculpturally on the riverbank, together with trees, austere boundary walls and buildings, and the River Seine are presented in a formal layout. A combination of complex brushstroke techniques and a meticulous application of contemporary color theory bring to the composition a sense of gentle vibrancy and timelessness."
https://upload.wikimedia.org/wikipedia/commons/8/8a/Jules_Breton%2C_le_chant_de_l%27alouette.1884.jpg,the song of the lark,jules breton,1884,realism,"The Song of the Lark, Art Institute of Chicago is an oil on canvas painting by French naturalist artist Jules Breton, from 1884."
https://upload.wikimedia.org/wikipedia/commons/b/b1/Van-willem-vincent-gogh-die-kartoffelesser-03850.jpg,the potato eaters,vincent van gogh,1885,realism / naturalism,"The Potato Eaters is an oil painting by Dutch artist Vincent van Gogh painted in April to May of 1885 in Nuenen, Netherlands."
https://upload.wikimedia.org/wikipedia/commons/1/17/Winslow_Homer_-_The_Fog_Warning_-_Google_Art_Project.jpg,the fog warning,winslow homer,1885,american realism,"The Fog Warning is one of several paintings on marine subjects by the late-19th-century American painter Winslow Homer (1836–1910). Together with The Herring Net and Breezing Up, painted the same year and also depicting the hard lives of fishermen in Maine, it is considered among his best works on such topics."
https://upload.wikimedia.org/wikipedia/commons/0/06/Edgar_Germain_Hilaire_Degas_029.jpg,la toilette (woman combing her hair),edgar degas,1884-1886,impressionism / realism,"La Toilette (Woman Combing Her Hair) is a Impressionism / Realism work by Edgar Degas, dated 1884-1886.\n\nAfter the war, Degas began in 1872 an extended stay in New Orleans, where his brother René and a number of other relatives lived. Staying at the home of his Creole uncle, Michel Musson, on Esplanade Avenue, Degas produced a number of works, many depicting family members.\n\nHis interest in portraiture led Degas to study carefully the ways in which a person's social stature or form of employment may be revealed by their physiognomy, posture, dress, and other attributes."
https://upload.wikimedia.org/wikipedia/commons/8/8c/Edgar_Degas_-_The_Millinery_Shop_-_Google_Art_Project.jpg,the millinery shop,edgar degas,1885,impressionism / realism,"The Millinery Shop is an oil on canvas painting by the French Impressionist artist Edgar Degas created between 1879 and 1886. It illustrates a young woman, perhaps a hat-maker or a shop customer, seated at a table examining a hat in her hands and additional hats on wooden stands. The colorful and fashionable hats take up most the frame. At 100 x 110.7 cm, it is the largest work Degas created on the subject of milliners. The painting is in the collection of the Art Institute of Chicago."
https://upload.wikimedia.org/wikipedia/commons/4/45/Pierre-Auguste_Renoir_-_Suzanne_Valadon_-_La_Natte_-_Girl_Braiding_Her_Hair.jpg,girl braiding her hair (suzanne valadon),pierre-auguste renoir,1885,impressionism,"Girl Braiding Her Hair (Suzanne Valadon) is a Impressionism work by Pierre-Auguste Renoir, dated 1885.\n\nFor the next several years he painted in a more severe style in an attempt to return to classicism. Concentrating on his drawing and emphasizing the outlines of figures, he painted works such as Blonde Bather (1881 and 1882) and The Large Bathers during what is sometimes referred to as his ""Ingres period"".\n\nAfter 1890 he changed direction again. To dissolve outlines, as in his earlier work, he returned to thinly brushed color. From this period onward he concentrated on monumental nudes and domestic scenes, fine examples of which are Girls at the Piano, 1892, and Grandes Baigneuses, 1887."
https://upload.wikimedia.org/wikipedia/commons/f/f0/Still_Life_with_Flowers_and_Prickly_Pears_MET_DP257756.jpg,still life with flowers and prickly pears,pierre-auguste renoir,1885,impressionism,"Still Life With Flowers And Prickly Pears is a Impressionism work by Pierre-Auguste Renoir, dated 1885.\n\nFor the next several years he painted in a more severe style in an attempt to return to classicism. Concentrating on his drawing and emphasizing the outlines of figures, he painted works such as Blonde Bather (1881 and 1882) and The Large Bathers during what is sometimes referred to as his ""Ingres period"".\n\nBy the mid-1880s, however, he had broken with the movement to apply a more disciplined formal technique to portraits and figure paintings, particularly of women."
https://upload.wikimedia.org/wikipedia/en/b/b5/The_Church_at_Eragny_Pissarro.jpg,"route enneigee avec maison, environs d'eragny",camille pissarro,1885,neo-impressionism / divisionism,"Route Enneigee Avec Maison, Environs D'Eragny is a Neo-Impressionism / Divisionism work by Camille Pissarro, dated 1885.\n\nReturning to France, Pissarro lived in Pontoise from 1872 to 1884. In 1890 he again visited England and painted some ten scenes of central London.\n\nIn 1885 he met Georges Seurat and Paul Signac, both of whom relied on a more ""scientific"" theory of painting by using very small patches of pure colours to create the illusion of blended colours and shading when viewed from a distance."
https://upload.wikimedia.org/wikipedia/commons/5/5d/Georges_Seurat_-_View_of_Fort_Samson.jpg,view of fort samson,georges seurat,1885,neo-impressionism / pointillism,"View Of Fort Samson is a Neo-Impressionism / Pointillism work by Georges Seurat, dated 1885.\n\nSalon des Indépendants, Paris, 10 December 1884 – 17 January 1885 Works in Oil and Pastel by the Impressionists of Paris, American Art Association, New York, April and May 1886.Organised by Paul Durand-Ruel.\n\nImpressionist exhibition, Paris, 15 May–15 June 1886Un dimanche après-midi à l'Île de la Grande Jatte shown for the first time. Salon des Indépendants, Paris, 21 August–21 September 1886"
https://upload.wikimedia.org/wikipedia/commons/9/9c/Hubert_von_Herkomer_-_Hard_Times.JPG,hard times,hubert von herkomer,1885,realism,"Hard Times is a Realism work by Hubert Von Herkomer, dated 1885.\n\nFour of his pictures, Found (1885), Sir Henry Tate (1897), Portrait of Lady Tate (1899) and The Council of the Royal Academy (1908), are in the national collection at the Tate Gallery.\n\nIn 1884, a full-page caricature of Herkomer by FG (his friend Franz Goedecker) appeared in Vanity Fair, captioned ""Painter, Sculptor, Blacksmith &c"". In the same year, he established an Art School at Bushey which he continued until 1904, attracting many students."
https://cdn.topofart.com/images/artists/John_Singer_Sargent/paintings-wm/sargent030.webp,"carnation, lily, lily, rose",john singer sargent,1885-1886,impressionism / aestheticism,"Carnation, Lily, Lily, Rose is an oil-on-canvas painting made by the American painter John Singer Sargent in 1885–86."
https://www.mcgawgraphics.com/cdn/shop/products/S1615_1024x1024.jpg?v=1663173034,sunday afternoon on the island of la grande jatte,georges seurat,1886,neo-impressionism / pointillism,A Sunday Afternoon on the Island of La Grande Jatte was painted from 1884 to 1886 and is Georges Seurat's most famous work. It is recognised as a leading example of pointillist technique and as a founding work of the neo-impressionist movement.
https://upload.wikimedia.org/wikipedia/commons/5/56/Edgar_Degas_-_Le_Tub_%281886_Mus%C3%A9e_d%27Orsay%29.jpg,the tub,edgar degas,1886,impressionism / realism,"The Tub is a Impressionism / Realism work by Edgar Degas, dated 1886.\n\nBetween 1874 and 1886, they mounted eight art shows, known as the Impressionist Exhibitions. Degas took a leading role in organizing the exhibitions, and showed his work in all but one of them, despite his persistent conflicts with others in the group.\n\nHis interest in portraiture led Degas to study carefully the ways in which a person's social stature or form of employment may be revealed by their physiognomy, posture, dress, and other attributes."
https://upload.wikimedia.org/wikipedia/commons/f/fd/Edgar_Degas_-_The_Tub_%28Woman_in_a_Tub%29_%281886%29_Google_Art_Project.jpg,woman in a tub,edgar degas,1886,impressionism / realism,"Woman in a Tub is one of a suite of pastels on paper created by the French painter Edgar Degas in the 1880s and is in the collection of the Hill-Stead Museum in Connecticut. The suite of pastels all featured nude women ""bathing, washing, drying, wiping themselves, combing their hair or having it combed"" and were created in readiness for the eighth and final Impressionist Exhibition of 1886."
https://upload.wikimedia.org/wikipedia/commons/9/9d/Berg%C3%A8re_rentrant_des_moutons.jpg,shepherdess bringing in sheep,camille pissarro,1886,neo-impressionism / divisionism,Shepherdess Bringing in the Sheep is a painting by Camille Pissarro from 1886.
https://upload.wikimedia.org/wikipedia/commons/b/b8/Brooklyn_Museum_-_Fin_du_travail_%28The_End_of_the_Working_Day%29_-_Jules_Breton.jpg,the end of the working day,jules breton,1886-1887,realism,"The End of the Working Day is an oil on canvas painting by the French artist Jules Breton, from 1886-1887. It is held at the Brooklyn Museum, in New York."
https://upload.wikimedia.org/wikipedia/commons/9/92/Mont_Sainte-Victoire_with_Large_Pine%2C_by_Paul_C%C3%A9zanne.jpg,mont sainte-victoire with large pine,paul cezanne,1887,post-impressionism,"Mont Sainte-Victoire is a series of oil paintings by French artist Paul Cézanne, depicting the French mountain Montagne Sainte-Victoire in Provence."
https://upload.wikimedia.org/wikipedia/commons/5/5f/Pierre_Auguste_Renoir_-_Paysage_%C3%A0_La_Roche-Guyon.jpg,paysage a la roche-guyon,pierre-auguste renoir,1887,impressionism,"Paysage A La Roche-Guyon is a Impressionism work by Pierre-Auguste Renoir, dated 1887.\n\nFor the next several years he painted in a more severe style in an attempt to return to classicism. Concentrating on his drawing and emphasizing the outlines of figures, he painted works such as Blonde Bather (1881 and 1882) and The Large Bathers during what is sometimes referred to as his ""Ingres period"".\n\nAfter 1890 he changed direction again. To dissolve outlines, as in his earlier work, he returned to thinly brushed color. From this period onward he concentrated on monumental nudes and domestic scenes, fine examples of which are Girls at the Piano, 1892, and Grandes Baigneuses, 1887."
https://upload.wikimedia.org/wikipedia/commons/3/31/1887%2C_Renoir%2C_Nu_Dans_un_Paysage.jpg,nude in a landscape,pierre-auguste renoir,1887,impressionism,"Nude In A Landscape is a Impressionism work by Pierre-Auguste Renoir, dated 1887.\n\nFor the next several years he painted in a more severe style in an attempt to return to classicism. Concentrating on his drawing and emphasizing the outlines of figures, he painted works such as Blonde Bather (1881 and 1882) and The Large Bathers during what is sometimes referred to as his ""Ingres period"".\n\nAfter 1890 he changed direction again. To dissolve outlines, as in his earlier work, he returned to thinly brushed color. From this period onward he concentrated on monumental nudes and domestic scenes, fine examples of which are Girls at the Piano, 1892, and Grandes Baigneuses, 1887."
https://upload.wikimedia.org/wikipedia/commons/4/4f/Camille_Pissarro_-_La_R%C3%A9colte_des_Foins%2C_%C3%89ragny_-_Google_Art_Project.jpg,"la recolte des foins, eragny",camille pissarro,1887,neo-impressionism / pointillism,"La Recolte Des Foins, Eragny is a Neo-Impressionism / Pointillism work by Camille Pissarro, dated 1887.\n\nReturning to France, Pissarro lived in Pontoise from 1872 to 1884. In 1890 he again visited England and painted some ten scenes of central London.\n\nIn 1885 he met Georges Seurat and Paul Signac, both of whom relied on a more ""scientific"" theory of painting by using very small patches of pure colours to create the illusion of blended colours and shading when viewed from a distance."
https://upload.wikimedia.org/wikipedia/commons/c/c0/Kinder_auf_einem_Bauernhof_%281887%29_-_Camille_Pissarro.jpg,children on a farm,camille pissarro,1887,neo-impressionism / divisionism,"Children On A Farm is a Neo-Impressionism / Divisionism work by Camille Pissarro, dated 1887.\n\nReturning to France, Pissarro lived in Pontoise from 1872 to 1884. In 1890 he again visited England and painted some ten scenes of central London.\n\nIn 1885 he met Georges Seurat and Paul Signac, both of whom relied on a more ""scientific"" theory of painting by using very small patches of pure colours to create the illusion of blended colours and shading when viewed from a distance."
https://upload.wikimedia.org/wikipedia/commons/3/36/Georges_Seurat_066.jpg,parade de cirque,georges seurat,1887-1888,neo-impressionism / pointillism,"Parade de cirque is an 1887–88 Neo-Impressionist painting by Georges Seurat. It was first exhibited at the 1888 Salon de la Société des Artistes Indépendants in Paris, where it became one of Seurat's least admired works. Parade de cirque represents the sideshow of the Circus Corvi at place de la Nation, and was his first depiction of a nocturnal scene, and first painting of popular entertainment. Seurat worked on the theme for nearly six years before completing the final painting."
https://upload.wikimedia.org/wikipedia/commons/f/fd/John_William_Waterhouse_-_The_Lady_of_Shalott_-_Google_Art_Project_edit.jpg,the lady of shalott,john william waterhouse,1888,pre-raphaelite / romanticism,"The Lady of Shalott is a painting of 1888 by the English painter John William Waterhouse. It is a representation of the ending of Alfred, Lord Tennyson's 1832 poem of the same name. Waterhouse painted three versions of this character, in 1888, 1894 and 1915. It is one of his most famous works, which adopted much of the style of the Pre-Raphaelite Brotherhood, though Waterhouse was painting several decades after the Brotherhood split up during his early childhood."
https://upload.wikimedia.org/wikipedia/commons/4/46/Vincent_Willem_van_Gogh_127.jpg,sunflowers,vincent van gogh,1888,post-impressionism,"Sunflowers is the title of two series of still life paintings by the Dutch painter Vincent van Gogh. The first series, executed in Paris in 1887, depicts the flowers lying on the ground, while the second set, made a year later in Arles, shows a bouquet of sunflowers in a vase. In the artist's mind, both sets were linked by the name of his friend Paul Gauguin, who acquired two of the Paris versions. About eight months later, van Gogh hoped to welcome and impress Gauguin again with Sunflowers, now part of the painted Décoration for the Yellow House that he prepared for the guestroom of his home in Arles, where Gauguin was supposed to stay."
https://upload.wikimedia.org/wikipedia/commons/b/b0/Vincent_van_Gogh_%281853-1890%29_Caf%C3%A9terras_bij_nacht_%28place_du_Forum%29_Kr%C3%B6ller-M%C3%BCller_Museum_Otterlo_23-8-2016_13-35-40.JPG,cafe terrace at night,vincent van gogh,1888,post-impressionism,"Café Terrace at Night is an 1888 oil painting by the Dutch artist Vincent van Gogh. It is also known as The Cafe Terrace on the Place du Forum, and, when first exhibited in 1891, was entitled Coffeehouse, in the evening."
https://upload.wikimedia.org/wikipedia/commons/5/5e/Vincent_Willem_van_Gogh_076.jpg,the night cafe,vincent van gogh,1888,post-impressionism,"The Night Café is an oil painting created by Dutch artist Vincent van Gogh in September 1888 in Arles. Its title is inscribed lower right beneath the signature. The painting is owned by Yale University and is currently held at the Yale University Art Gallery in New Haven, Connecticut."
https://upload.wikimedia.org/wikipedia/commons/3/33/The_Roses_of_Heliogabalus.jpg,the roses of heliogabalus,lawrence alma-tadema,1888,academicism / neoclassicism,"The Roses Of Heliogabalus is a Academicism / Neoclassicism work by Lawrence Alma-Tadema, dated 1888.\n\nIn 1975, a blue plaque was unveiled in his honour. This plaque commemorates Alma-Tadema at 44 Grove End Road, St John's Wood, his home from 1886 until his death in 1912.\n\nOne of his most famous paintings is The Roses of Heliogabalus (1888) – based on an episode from the life of the debauched Roman emperor Elagabalus (Heliogabalus), the painting depicts the emperor suffocating his guests at an orgy under a cascade of rose petals."
https://upload.wikimedia.org/wikipedia/commons/1/1f/Edgar_Degas_-_Dancers_at_the_Barre_-_Google_Art_Project.jpg,dancers at the bar,edgar degas,1888,impressionism / realism,"Dancers At The Bar is a Impressionism / Realism work by Edgar Degas, dated 1888.\n\nAs his subject matter changed, so, too, did Degas's technique. The dark palette that bore the influence of Dutch painting gave way to the use of vivid colors and bold brushstrokes.\n\nHis interest in portraiture led Degas to study carefully the ways in which a person's social stature or form of employment may be revealed by their physiognomy, posture, dress, and other attributes."
https://upload.wikimedia.org/wikipedia/commons/7/7b/Pierre-Auguste_Renoir_-_Jeune_fille_au_ruban_bleu.jpg,young woman with a blue choker,pierre-auguste renoir,1888,impressionism,"Young Woman with a Blue Ribbon is an 1888 oil on canvas painting by Pierre-Auguste Renoir, now in the Museum of Fine Arts of Lyon. The name of the model is unknown but she can also be seen in other Renoir works such as the young woman splashing the others in Les Grandes Baigneuses (Renoir, 1887).\n\nThe painting itself represented a return by Renoir to a gentler, more delicate style after his years of experimenting with Impressionism. As he himself said at the time in a letter to the art dealer Paul Durand-Ruel ""I have taken up again, never to abandon it, my old style, soft and light of touch. This is to give you some idea of my new and final manner of painting""."
https://upload.wikimedia.org/wikipedia/commons/d/db/G._Caillebotte_-_Voiliers_%C3%A0_Argenteuil.jpg,voiliers a argenteuil,gustave caillebotte,1888,impressionism,"Voiliers A Argenteuil is a Impressionism work by Gustave Caillebotte, dated 1888.\n\nIn 1881, Caillebotte acquired a property at Petit-Gennevilliers, on the banks of the Seine near Argenteuil. His brother Martial married in 1887, and Gustave moved to the Petit-Gennevilliers property permanently in 1888. Caillebotte's property had a shipyard for him to design his own yachts.\n\nCaillebotte is most well-known for smoothly executing depictions of the surroundings of Paris with realism, in the 1870s and 1880s. His painting career slowed dramatically in the early 1890s when he stopped working on large canvases."
https://upload.wikimedia.org/wikipedia/commons/c/cf/Gustave_Caillebotte%2C_1888%2C_La_plaine_de_Gennevilliers_vue_des_coteaux_d%27Argenteuil.jpg,la plaine de gennevilliers,gustave caillebotte,1888,impressionism,"La Plaine De Gennevilliers is a Impressionism work by Gustave Caillebotte, dated 1888.\n\nThe tilted ground common to these paintings is characteristic of Caillebotte's work, which may have been strongly influenced by Japanese prints and the new technology of photography, although evidence of his use of photography is lacking.\n\nHis Man on a Balcony, Boulevard Haussmann, sold for more than US$14.3 million ($26.7 million in 2025) in 2000. In 2011, Museum of Fine Arts, Boston acquired Homme au bain for $17 million ($24.3 million in 2025), marking the museum's second Caillebotte."
https://upload.wikimedia.org/wikipedia/commons/2/20/Utro_v_sosnovom_lesu.jpg,morning in a pine forest,ivan shishkin / konstantin stavitsky,1889,realism,
https://upload.wikimedia.org/wikipedia/commons/e/ea/Van_Gogh_-_Starry_Night_-_Google_Art_Project.jpg,the starry night,vincent van gogh,1889,post-impressionism,"The Starry Night is an oil-on-canvas painting by the Dutch Post-Impressionist painter Vincent van Gogh. Painted in June 1889, it depicts the view from the east-facing window of his asylum room at Saint-Rémy-de-Provence, just before sunrise, with the addition of an imaginary village. It has been in the permanent collection of the Museum of Modern Art in New York City since 1941, acquired through the Lillie P. Bliss Bequest. Described as a ""touchstone of modern art"", The Starry Night has been regarded as one of the most recognizable paintings in the Western canon."
https://upload.wikimedia.org/wikipedia/commons/b/b2/Vincent_van_Gogh_-_Self-Portrait_-_Google_Art_Project.jpg,self-portrait,vincent van gogh,1889,post-impressionism,"The Dutch Post-Impressionist painter Vincent van Gogh painted a self-portrait in oil on canvas in September 1889. The work, which may have been his last self-portrait, was painted shortly before he left Saint-Rémy-de-Provence in southern France. It is now in the collection of the Musée d'Orsay in Paris.\n\nThis self-portrait was one of about 32 produced by van Gogh over a 10-year period, and these were an important part of his work as a painter; he painted himself because he often lacked the money to pay for models. He took the painting with him to Auvers-sur-Oise, near Paris, where he showed it to Dr."
https://upload.wikimedia.org/wikipedia/commons/1/18/Vincent_van_Gogh_-_Self-Portrait_-_Google_Art_Project_%28719161%29.jpg,self-portrait,vincent van gogh,1889,post-impressionism,"The Dutch Post-Impressionist painter Vincent van Gogh painted a self-portrait in oil on canvas in September 1889. The work, which may have been his last self-portrait, was painted shortly before he left Saint-Rémy-de-Provence in southern France. It is now in the collection of the Musée d'Orsay in Paris.\n\nThis self-portrait was one of about 32 produced by van Gogh over a 10-year period, and these were an important part of his work as a painter; he painted himself because he often lacked the money to pay for models. He took the painting with him to Auvers-sur-Oise, near Paris, where he showed it to Dr."
https://upload.wikimedia.org/wikipedia/commons/a/ab/Self-Portrait_with_a_Bandaged_Ear_-_Vincent_van_Gogh.jpg,self-portrait with bandaged ear,vincent van gogh,1889,post-impressionism,Self-Portrait with Bandaged Ear is an 1889 self-portrait by Dutch Post-Impressionist artist Vincent van Gogh. The painting is in the collection of the Courtauld Institute of Art and on display in the Gallery at Somerset House. The painting includes inspiration from Japanese woodblock printing.
https://cdn.topofart.com/images/artists/Vincent_van_Gogh/paintings-wm/gogh002.webp,irises,vincent van gogh,1889,post-impressionism,"Irises is an oil painting by Dutch artist Vincent van Gogh. Painted in 1889, the work is a landscape with a cropped composition and is one of a series of several hundred paintings that van Gogh made at the Saint Paul-de-Mausole asylum in Saint-Rémy-de-Provence, France, in the last year before his death in 1890. It has been in the permanent collection of The Getty in Los Angeles, California since 1990."
https://cdn.topofart.com/images/artists/Vincent_van_Gogh/paintings-wm/gogh045.webp,wheat field with cypresses,vincent van gogh,1889,post-impressionism,"A Wheatfield with Cypresses is the title of three similar 1889 oil paintings by Vincent van Gogh, as part of his Wheat Fields series. All were exhibited at the Saint-Paul-de-Mausole mental asylum in Saint-Rémy near Arles, France, where Van Gogh was voluntarily a patient from May 1889 to May 1890. The works were inspired by the view from the window at the asylum towards the Alpilles mountains."
https://upload.wikimedia.org/wikipedia/commons/3/31/Heuernte_bei_Eragny-sur-Epte_%281889%29_-_Camille_Pissarro.jpg,haying at eragny,camille pissarro,1889,neo-impressionism / divisionism,"Haying At Eragny is a Neo-Impressionism / Divisionism work by Camille Pissarro, dated 1889.\n\nReturning to France, Pissarro lived in Pontoise from 1872 to 1884. In 1890 he again visited England and painted some ten scenes of central London.\n\nIn 1885 he met Georges Seurat and Paul Signac, both of whom relied on a more ""scientific"" theory of painting by using very small patches of pure colours to create the illusion of blended colours and shading when viewed from a distance."
https://upload.wikimedia.org/wikipedia/commons/7/71/Vincent_Willem_van_Gogh_102.jpg,self-portrait without beard,vincent van gogh,1889,post-impressionism,"The Dutch Post-Impressionist painter Vincent van Gogh painted a self-portrait in oil on canvas in September 1889. The work, which may have been his last self-portrait, was painted shortly before he left Saint-Rémy-de-Provence in southern France. It is now in the collection of the Musée d'Orsay in Paris.\n\nThis self-portrait was one of about 32 produced by van Gogh over a 10-year period, and these were an important part of his work as a painter; he painted himself because he often lacked the money to pay for models. He took the painting with him to Auvers-sur-Oise, near Paris, where he showed it to Dr."
https://upload.wikimedia.org/wikipedia/commons/5/5e/Georges_Seurat%2C_1889-90%2C_Jeune_femme_se_poudrant_%28Young_Woman_Powdering_Herself%29%2C_oil_on_canvas%2C_95.5_x_79.5_cm%2C_Courtauld_Institute_of_Art.jpg,jeune femme se poudrant (young woman powdering herself),georges seurat,1888-1890,neo-impressionism / pointillism,"Jeune Femme Se Poudrant (Young Woman Powdering Herself) is a Neo-Impressionism / Pointillism work by Georges Seurat, dated 1888-1890.\n\nThéâtre Libre, Paris, November 1887 – January 1888Works by Seurat, Signac and van Gogh. Exposition de Janvier, La Revue indépendante, Paris, January 1888 Exposition de Février, La Revue indépendante, Paris, February 1888\n\nHôtel Drouot, Paris, 1–3 March 1888 (sales exhibition) Salon des Indépendants, Paris, 22 March–3 May 1888 Tweede Jaarlijksche Tentoonstelling der Nederlandsche Etsclub, Arti et Amicitiae, Amsterdam, June 1888Drawing Au café concert, lent by Theo van Gogh."
https://upload.wikimedia.org/wikipedia/commons/f/f2/Monet_-_Grainstacks%2C_White_Frost_Effect_%281889%29_Google_Art_Project.jpg,"grainstacks, white frost effect",claude monet,1889,impressionism,"Grainstacks, White Frost Effect is a Impressionism work by Claude Monet, dated 1889.\n\nHis first series exhibited was of haystacks, painted from different points of view and at different times of the day. Fifteen of the paintings were exhibited at the Galerie Durand-Ruel in 1891. In 1892 he produced twenty-six views of Rouen Cathedral.\n\nDissatisfied with the limitations of Impressionism, Monet began to work on series of paintings displaying single subjects—haystacks, poplars and the Rouen Cathedral—to resolve his frustration."
https://upload.wikimedia.org/wikipedia/commons/c/c2/Georges_Seurat%2C_1889-90%2C_Le_Chahut%2C_Kr%C3%B6ller-M%C3%BCller_Museum.jpg,le chahut,georges seurat,1889-1890,neo-impressionism / pointillism,"Le Chahut is a Neo-Impressionist painting by Georges Seurat, dated 1889–90. It was first exhibited at the 1890 Salon de la Société des Artistes Indépendants in Paris. Chahut became a target of art critics, and was widely discussed among Symbolist critics."
https://upload.wikimedia.org/wikipedia/commons/a/a1/Korenveld_met_kraaien_-_s0149V1962_-_Van_Gogh_Museum.jpg,wheatfield with crows,vincent van gogh,1890,post-impressionism,Wheatfield with Crows is a July 1890 painting by Vincent van Gogh. It has been cited by several critics as one of his greatest works.
https://cdn.topofart.com/images/artists/Vincent_van_Gogh/paintings-wm/gogh103.webp,blossoming almond tree,vincent van gogh,1890,post-impressionism,"Blossoming Almond Tree is a Post-Impressionism work by Vincent Van Gogh, dated 1890.\n\nVan Gogh entered the Saint-Paul-de-Mausole asylum on 8 May 1889, accompanied by his caregiver, Frédéric Salles, a Protestant clergyman. Saint-Paul was a former monastery in Saint-Rémy, located less than 30 kilometres (19 mi) from Arles, and it was run by a former naval doctor, Théophile Peyron.\n\nIn mid-1889, and at his sister Wil's request, Van Gogh painted several smaller versions of Wheat Field with Cypresses. The works are characterised by swirls and densely painted impasto, and include The Starry Night, in which cypresses dominate the foreground."
https://cdn.topofart.com/images/artists/Hilaire_Germain_Edgar_Degas/paintings-wm/degas051.webp,dancers in blue,edgar degas,1890,impressionism,"Blue Dancers is an 1897 pastel by Edgar Degas. It is held in the Pushkin Museum, in Moscow, which it entered in 1948 from the State Museum of Modern Western Art. It was in Durand-Ruel's collection and then until 1918 in Sergei Shchukin's collection in Moscow."
https://cdn.topofart.com/images/artists/Vincent_van_Gogh/paintings-wm/gogh108.webp,vase with irises against a yellow background,vincent van gogh,1890,post-impressionism,"Vase With Irises Against A Yellow Background is a Post-Impressionism work by Vincent Van Gogh, dated 1890.\n\nThe highly paid contemporary artist Jules Breton was frequently mentioned in Vincent's letters. In 1875 letters to Theo, Vincent mentions he saw Breton, discusses the Breton paintings he saw at a Salon, and discusses sending one of Breton's books but only on condition that it be returned.\n\nVan Gogh entered the Saint-Paul-de-Mausole asylum on 8 May 1889, accompanied by his caregiver, Frédéric Salles, a Protestant clergyman. Saint-Paul was a former monastery in Saint-Rémy, located less than 30 kilometres (19 mi) from Arles, and it was run by a former naval doctor, Théophile Peyron."
https://cdn.topofart.com/images/artists/Vincent_van_Gogh/paintings-wm/gogh129.webp,portrait of doctor gachet,vincent van gogh,1890,post-impressionism,"The Portrait of Doctor Gachet is one of the most revered paintings by the Dutch artist Vincent van Gogh. It depicts Dr. Paul Gachet, a homeopathic doctor and artist with whom van Gogh resided following a spell in an asylum at Saint-Rémy-de-Provence. Gachet took care of Van Gogh during the final months of his life. There are two authenticated versions of the portrait, both painted in June 1890 at Auvers-sur-Oise. Both show Gachet sitting at a table and leaning his head on his right arm, but they are easily differentiated in color and style. There is also an etching."
https://upload.wikimedia.org/wikipedia/commons/b/b8/Pissarro%E2%80%94Old_Chelsea_Bridge.jpg,"old chelsea bridge, london",camille pissarro,1890,neo-impressionism / divisionism,"Old Chelsea Bridge, London is a Neo-Impressionism / Divisionism work by Camille Pissarro, dated 1890.\n\nReturning to France, Pissarro lived in Pontoise from 1872 to 1884. In 1890 he again visited England and painted some ten scenes of central London.\n\nIn 1885 he met Georges Seurat and Paul Signac, both of whom relied on a more ""scientific"" theory of painting by using very small patches of pure colours to create the illusion of blended colours and shading when viewed from a distance."
https://upload.wikimedia.org/wikipedia/commons/0/05/Claude_Monet%2C_Grainstacks_in_the_Sunlight%2C_Morning_Effect%2C_1890%2C_oil_on_canvas_65_x_100_cm.jpg,"grainstacks in the sunlight, morning effect",claude monet,1890,impressionism,"Grainstacks In The Sunlight, Morning Effect is a Impressionism work by Claude Monet, dated 1890.\n\nHis first series exhibited was of haystacks, painted from different points of view and at different times of the day. Fifteen of the paintings were exhibited at the Galerie Durand-Ruel in 1891. In 1892 he produced twenty-six views of Rouen Cathedral.\n\nOn 2 March 1861, the 20-year-old Monet was drawn at Le Havre to be conscripted into the army. Certainly, his family could have paid the cost of 2,500 francs for a substitute, but while initially Monet claimed in 1900 that they required in return that he renounce his artistic career to take over the family bus"
https://upload.wikimedia.org/wikipedia/commons/4/4e/Claude_Monet_-_Meules_%28W_1273%29.jpg,grainstacks,claude monet,1890,impressionism,"Grainstacks is a Impressionism work by Claude Monet, dated 1890.\n\nHis first series exhibited was of haystacks, painted from different points of view and at different times of the day. Fifteen of the paintings were exhibited at the Galerie Durand-Ruel in 1891. In 1892 he produced twenty-six views of Rouen Cathedral.\n\nDissatisfied with the limitations of Impressionism, Monet began to work on series of paintings displaying single subjects—haystacks, poplars and the Rouen Cathedral—to resolve his frustration."
https://upload.wikimedia.org/wikipedia/commons/6/68/Claude_Monet_-_Stacks_of_Wheat_%28End_of_Summer%29_-_1985.1103_-_Art_Institute_of_Chicago.jpg,wheatstacks (end of summer),claude monet,1890-1891,impressionism,"Wheatstacks (End Of Summer) is a Impressionism work by Claude Monet, dated 1890-1891.\n\nHis first series exhibited was of haystacks, painted from different points of view and at different times of the day. Fifteen of the paintings were exhibited at the Galerie Durand-Ruel in 1891. In 1892 he produced twenty-six views of Rouen Cathedral.\n\nDuring their stay the Monets and Alice in particular became friends with English hostess and patron of the arts Mary Hunter. She introduced the Monets to her social circle including her sister Ethel Smyth."
https://upload.wikimedia.org/wikipedia/commons/6/6b/1278_Wheatstacks_%28Sunset%2C_Snow_Effect%29%2C_1890-91%2C_65.3_x_100.4_cm%2C_25_11-16_x_39_1-2_in.%2C_The_Art_Institute_of_Chicago.jpg,"wheatstacks (sunset, snow effect)",claude monet,1890-1891,impressionism,"Wheatstacks (Sunset, Snow Effect) is a Impressionism work by Claude Monet, dated 1890-1891.\n\nHis first series exhibited was of haystacks, painted from different points of view and at different times of the day. Fifteen of the paintings were exhibited at the Galerie Durand-Ruel in 1891. In 1892 he produced twenty-six views of Rouen Cathedral.\n\nFinally leaving Bordighera, Monet stopped in Menton to paint the Cap Martin and Monte Carlo before embarking on the 24 hour trip back to Giverny."
https://upload.wikimedia.org/wikipedia/commons/6/62/Claude_Monet_%28French%2C_Paris_1840%E2%80%931926_Giverny%29_-_Haystacks_%28Effect_of_Snow_and_Sun%29_-_Google_Art_Project.jpg,haystacks (effect of snow and sun),claude monet,1890-1891,impressionism,"Haystacks is the common English title for a series of impressionist paintings by Claude Monet. The principal subject of each painting in the series is stacks of harvested wheat. The title refers primarily to a twenty-five canvas series which Monet began near the end of the summer of 1890 and continued through the following spring, though Monet also produced five earlier paintings using this same stack subject. A precursor to the series is the 1884 Haystack Near Giverny."
https://upload.wikimedia.org/wikipedia/commons/9/94/Monet_haystacks-at-sunset-frosty-weather-1891_W1282.jpg,"haystacks at sunset, frosty weather",claude monet,1890-1891,impressionism,"Haystacks At Sunset, Frosty Weather is a Impressionism work by Claude Monet, dated 1890-1891.\n\nHis first series exhibited was of haystacks, painted from different points of view and at different times of the day. Fifteen of the paintings were exhibited at the Galerie Durand-Ruel in 1891. In 1892 he produced twenty-six views of Rouen Cathedral.\n\nDissatisfied with the limitations of Impressionism, Monet began to work on series of paintings displaying single subjects—haystacks, poplars and the Rouen Cathedral—to resolve his frustration."
https://upload.wikimedia.org/wikipedia/commons/e/e7/1283_Wheatstack%2C_1890-91%2C_65.6_x_92_cm%2C_25_13-16_x_36_1-4_in.%2C_The_Art_Institute_of_Chicago.jpg,wheatstack,claude monet,1890-1891,impressionism,"Wheatstack is a Impressionism work by Claude Monet, dated 1890-1891.\n\nHis first series exhibited was of haystacks, painted from different points of view and at different times of the day. Fifteen of the paintings were exhibited at the Galerie Durand-Ruel in 1891. In 1892 he produced twenty-six views of Rouen Cathedral.\n\nDissatisfied with the limitations of Impressionism, Monet began to work on series of paintings displaying single subjects—haystacks, poplars and the Rouen Cathedral—to resolve his frustration."
https://upload.wikimedia.org/wikipedia/commons/f/fa/1284_Wheatstack_%28Thaw%2C_Sunset%29%2C_1890-91%2C_66_x_93%2C_26_x_36_5-8_in._The_Art_Institute_of_Chicago.jpg,"wheatstack (thaw, sunset)",claude monet,1890-1891,impressionism,"Wheatstack (Thaw, Sunset) is a Impressionism work by Claude Monet, dated 1890-1891.\n\nHis first series exhibited was of haystacks, painted from different points of view and at different times of the day. Fifteen of the paintings were exhibited at the Galerie Durand-Ruel in 1891. In 1892 he produced twenty-six views of Rouen Cathedral.\n\nDissatisfied with the limitations of Impressionism, Monet began to work on series of paintings displaying single subjects—haystacks, poplars and the Rouen Cathedral—to resolve his frustration."
https://upload.wikimedia.org/wikipedia/commons/4/45/Monet_grainstack_65_x_92_cm%2C_1891_W1285.jpg,grainstack,claude monet,1890-1891,impressionism,"Grainstack is a Impressionism work by Claude Monet, dated 1890-1891.\n\nHis first series exhibited was of haystacks, painted from different points of view and at different times of the day. Fifteen of the paintings were exhibited at the Galerie Durand-Ruel in 1891. In 1892 he produced twenty-six views of Rouen Cathedral.\n\nDissatisfied with the limitations of Impressionism, Monet began to work on series of paintings displaying single subjects—haystacks, poplars and the Rouen Cathedral—to resolve his frustration."
https://upload.wikimedia.org/wikipedia/commons/d/d6/Claude_Monet_-_Graystaks_I.JPG,grainstack (sunset),claude monet,1890-1891,impressionism,"Grainstack (Sunset) is a Impressionism work by Claude Monet, dated 1890-1891.\n\nHis first series exhibited was of haystacks, painted from different points of view and at different times of the day. Fifteen of the paintings were exhibited at the Galerie Durand-Ruel in 1891. In 1892 he produced twenty-six views of Rouen Cathedral.\n\nDissatisfied with the limitations of Impressionism, Monet began to work on series of paintings displaying single subjects—haystacks, poplars and the Rouen Cathedral—to resolve his frustration."
https://cdn.topofart.com/images/artists/Claude_Oscar_Monet/paintings-wm/monet345.webp,stacks of wheat (end of summer),claude monet,1891,impressionism,"Stacks Of Wheat (End Of Summer) is a Impressionism work by Claude Monet, dated 1891.\n\nHis first series exhibited was of haystacks, painted from different points of view and at different times of the day. Fifteen of the paintings were exhibited at the Galerie Durand-Ruel in 1891. In 1892 he produced twenty-six views of Rouen Cathedral.\n\nOn 2 March 1861, the 20-year-old Monet was drawn at Le Havre to be conscripted into the army. Certainly, his family could have paid the cost of 2,500 francs for a substitute, but while initially Monet claimed in 1900 that they required in return that he renounce his artistic career to take over the family bus"
https://upload.wikimedia.org/wikipedia/commons/6/68/Winslow_Homer%2C_American_-_A_Huntsman_and_Dogs_-_Google_Art_Project.jpg,a huntsman and dogs,winslow homer,1891,american realism,"A Huntsman And Dogs is a American Realism work by Winslow Homer, dated 1891.\n\nHomer frequently visited Key West, Florida, between 1888 and 1903. Some of his best-known works, A Norther, Key West, The Gulf Stream, Taking on Wet Provisions, and Palms in the Storm, are said to have been produced there.\n\nIn 1893, Homer painted one of his most famous ""Darwinian"" works, The Fox Hunt, which depicts a flock of starving crows descending on a fox slowed by deep snow."
https://upload.wikimedia.org/wikipedia/commons/9/9b/Three_Dancers_in_Yellow_Skirts_Edgar_Degas.JPG,three dancers in yellow skirts,edgar degas,1891,impressionism / realism,"Three Dancers In Yellow Skirts is a Impressionism / Realism work by Edgar Degas, dated 1891.\n\nHis interest in portraiture led Degas to study carefully the ways in which a person's social stature or form of employment may be revealed by their physiognomy, posture, dress, and other attributes.\n\nDegas introduced Cassatt to pastel and engraving, while for her part Cassatt was instrumental in helping Degas sell his paintings and promoting his reputation in the United States."
https://upload.wikimedia.org/wikipedia/commons/8/84/Georges_Seurat_019.jpg,the circus,georges seurat,1891,neo-impressionism / pointillism,"The Circus is a Neo-Impressionism / Pointillism work by Georges Seurat, dated 1891.\n\nLes XX, Brussels, February 1889 Salon des Indépendants, Paris, 3 September–4 October 1889 Salon des Indépendants, Paris, 20 March–27 April 1890Showed Le Chahut, Jeune femme se poudrant and 9 other works.\n\nIn a letter to the writer Maurice Beaubourg in 1890 he wrote: ""Art is Harmony. Harmony is the analogy of the contrary and of similar elements of tone, of colour and of line. In tone, lighter against darker. In colour, the complementary, red-green, orange-blue, yellow-violet."
https://upload.wikimedia.org/wikipedia/commons/4/44/Getty_monet_wheatstacks.jpg,"wheatstacks, snow effect, morning",claude monet,1891,impressionism,"Wheatstacks, Snow Effect, Morning is a Impressionism work by Claude Monet, dated 1891.\n\nHis first series exhibited was of haystacks, painted from different points of view and at different times of the day. Fifteen of the paintings were exhibited at the Galerie Durand-Ruel in 1891. In 1892 he produced twenty-six views of Rouen Cathedral.\n\nDuring their stay the Monets and Alice in particular became friends with English hostess and patron of the arts Mary Hunter. She introduced the Monets to her social circle including her sister Ethel Smyth."
https://upload.wikimedia.org/wikipedia/commons/f/f3/Claude_Monet_-_Haystacks%2C_Snow_Effect_-_NG_2283_-_National_Galleries_of_Scotland.jpg,grainstacks snow effect,claude monet,1891,impressionism,"Grainstacks Snow Effect is a Impressionism work by Claude Monet, dated 1891.\n\nHis first series exhibited was of haystacks, painted from different points of view and at different times of the day. Fifteen of the paintings were exhibited at the Galerie Durand-Ruel in 1891. In 1892 he produced twenty-six views of Rouen Cathedral.\n\nDissatisfied with the limitations of Impressionism, Monet began to work on series of paintings displaying single subjects—haystacks, poplars and the Rouen Cathedral—to resolve his frustration."
https://upload.wikimedia.org/wikipedia/commons/8/88/Monet_-_Meules%2C_effet_de_neige_-_Shelburne.jpg,"grainstacks, snow effect",claude monet,1891,impressionism,"Grainstacks, Snow Effect is a Impressionism work by Claude Monet, dated 1891.\n\nHis first series exhibited was of haystacks, painted from different points of view and at different times of the day. Fifteen of the paintings were exhibited at the Galerie Durand-Ruel in 1891. In 1892 he produced twenty-six views of Rouen Cathedral.\n\nDissatisfied with the limitations of Impressionism, Monet began to work on series of paintings displaying single subjects—haystacks, poplars and the Rouen Cathedral—to resolve his frustration."
https://upload.wikimedia.org/wikipedia/commons/4/42/Claude_Monet%2C_Haystack%2C_Morning_Snow_Effect_%28Meule%2C_Effet_de_Neige%2C_le_Matin%29%2C_1891%2C_oil_on_canvas%2C_65_x_92_cm%2C_Museum_of_Fine_Arts%2C_Boston.jpg,"haystack, morning snow effect",claude monet,1891,impressionism,"Haystack, Morning Snow Effect is a Impressionism work by Claude Monet, dated 1891.\n\nHis first series exhibited was of haystacks, painted from different points of view and at different times of the day. Fifteen of the paintings were exhibited at the Galerie Durand-Ruel in 1891. In 1892 he produced twenty-six views of Rouen Cathedral.\n\nDissatisfied with the limitations of Impressionism, Monet began to work on series of paintings displaying single subjects—haystacks, poplars and the Rouen Cathedral—to resolve his frustration."
https://upload.wikimedia.org/wikipedia/commons/a/a4/1286_Wheatstack_%28Sun_in_the_Mist%29%2C_1891%2C_65_x_100_cm%3B_25_5-8_x_39_3-8_in.%2C_Minneapolis_Institute_of_Arts.jpg,wheatstack (sun in the mist),claude monet,1891,impressionism,"Wheatstack (Sun In The Mist) is a Impressionism work by Claude Monet, dated 1891.\n\nHis first series exhibited was of haystacks, painted from different points of view and at different times of the day. Fifteen of the paintings were exhibited at the Galerie Durand-Ruel in 1891. In 1892 he produced twenty-six views of Rouen Cathedral.\n\nDissatisfied with the limitations of Impressionism, Monet began to work on series of paintings displaying single subjects—haystacks, poplars and the Rouen Cathedral—to resolve his frustration."
https://upload.wikimedia.org/wikipedia/commons/a/ae/1290_Grainstack_in_the_Sunlight%2C_1891%2C_Oil_on_Canvas%2C_Private_Collection.jpg,grainstack in the sunlight,claude monet,1891,impressionism,"Grainstack In The Sunlight is a Impressionism work by Claude Monet, dated 1891.\n\nHis first series exhibited was of haystacks, painted from different points of view and at different times of the day. Fifteen of the paintings were exhibited at the Galerie Durand-Ruel in 1891. In 1892 he produced twenty-six views of Rouen Cathedral.\n\nDissatisfied with the limitations of Impressionism, Monet began to work on series of paintings displaying single subjects—haystacks, poplars and the Rouen Cathedral—to resolve his frustration."
https://upload.wikimedia.org/wikipedia/commons/f/f5/Claude_Monet_-_Haystack_in_the_Evening_Sun_-_G%C3%B6sta_Serlachius_Fine_Arts_foundation.jpg,haystack in the evening sun,claude monet,1891,impressionism,"Haystack In The Evening Sun is a Impressionism work by Claude Monet, dated 1891.\n\nHis first series exhibited was of haystacks, painted from different points of view and at different times of the day. Fifteen of the paintings were exhibited at the Galerie Durand-Ruel in 1891. In 1892 he produced twenty-six views of Rouen Cathedral.\n\nDissatisfied with the limitations of Impressionism, Monet began to work on series of paintings displaying single subjects—haystacks, poplars and the Rouen Cathedral—to resolve his frustration."
https://upload.wikimedia.org/wikipedia/commons/b/b8/Poss_1288_Grainstack_in_Sunshine%2C_1891%2C_Meule_au_soleil%2C_Oil_on_Canvas%2C_60_x_100_cm%2C_Zurich%2C_Kunsthaus_Zurich.jpg,grainstack in sunshine,claude monet,1891,impressionism,"Grainstack In Sunshine is a Impressionism work by Claude Monet, dated 1891.\n\nHis first series exhibited was of haystacks, painted from different points of view and at different times of the day. Fifteen of the paintings were exhibited at the Galerie Durand-Ruel in 1891. In 1892 he produced twenty-six views of Rouen Cathedral.\n\nDissatisfied with the limitations of Impressionism, Monet began to work on series of paintings displaying single subjects—haystacks, poplars and the Rouen Cathedral—to resolve his frustration."
https://upload.wikimedia.org/wikipedia/commons/9/9a/Camille_Pissarro_Two_Young_Peasant_Women_The_Metropolitan_Museum_of_Art.jpg,two young peasant women,camille pissarro,1891-1892,neo-impressionism / divisionism,"Two Young Peasant Women is a Neo-Impressionism / Divisionism work by Camille Pissarro, dated 1891-1892.\n\nReturning to France, Pissarro lived in Pontoise from 1872 to 1884. In 1890 he again visited England and painted some ten scenes of central London.\n\nIn 1885 he met Georges Seurat and Paul Signac, both of whom relied on a more ""scientific"" theory of painting by using very small patches of pure colours to create the illusion of blended colours and shading when viewed from a distance."
https://upload.wikimedia.org/wikipedia/commons/e/ea/John_Singer_Sargent_-_Lady_Agnew_of_Lochnaw_%281892%29.jpeg,lady agnew of lochnaw,john singer sargent,1892,realism / impressionism / aestheticism,"Lady Agnew of Lochnaw is an oil on canvas portrait painting of Gertrude Agnew, the wife of Sir Andrew Agnew, 9th Baronet. The painting was commissioned in 1892 and completed the same year by the American portrait artist John Singer Sargent. It measures 127 × 101 cm (50.0 × 39.8 in) and is owned by the Scottish National Gallery in Edinburgh, Scotland. The museum acquired it through the Cowan Smith Bequest Fund in 1925."
https://cdn.topofart.com/images/artists/Paul_Gauguin/paintings-wm/gauguin032.webp,nafeaffaa lpolpo (when will you marry),paul gauguin,1892,post-impressionism / synthetism / primitivism,
https://upload.wikimedia.org/wikipedia/commons/b/b7/Apoth%C3%A9ose_de_Delacroix%2C_par_Paul_C%C3%A9zanne.jpg,apotheose de delacroix,paul cezanne,1890-1894,post-impressionism,"Apotheose De Delacroix is a Post-Impressionism work by Paul Cezanne, dated 1890-1894.\n\nCézanne lived in Paris and increasingly in Aix without his family. Renoir visited him there in January 1888 and they worked together in Jas de Bouffan's studio. In 1890, Cézanne developed diabetes; the illness made it even more difficult for him to deal with his fellow human beings.\n\nCézanne painted five versions of The Card Players (Les Joueurs de cartes) in 1890 and 1895, in which the same person is represented in different variants. For The Card Players, he used farmers and day laborers who worked in the fields near the Jas de Bouffan as models."
https://upload.wikimedia.org/wikipedia/commons/7/73/Auguste_Renoir_-_Young_Girls_at_the_Piano_-_Google_Art_Project.jpg,girls at the piano,pierre-auguste renoir,1892,impressionism,"Girls At The Piano is a Impressionism work by Pierre-Auguste Renoir, dated 1892.\n\nFor the next several years he painted in a more severe style in an attempt to return to classicism. Concentrating on his drawing and emphasizing the outlines of figures, he painted works such as Blonde Bather (1881 and 1882) and The Large Bathers during what is sometimes referred to as his ""Ingres period"".\n\nAfter 1890 he changed direction again. To dissolve outlines, as in his earlier work, he returned to thinly brushed color. From this period onward he concentrated on monumental nudes and domestic scenes, fine examples of which are Girls at the Piano, 1892, and Grandes Baigneuses, 1887."
https://upload.wikimedia.org/wikipedia/commons/2/24/Caillebotte_-_The_Seine_at_Argenteuil%2C_c._1892.jpg,the seine at argenteuil,gustave caillebotte,1892,impressionism,"The Seine At Argenteuil is a Impressionism work by Gustave Caillebotte, dated 1892.\n\nCaillebotte is most well-known for smoothly executing depictions of the surroundings of Paris with realism, in the 1870s and 1880s. His painting career slowed dramatically in the early 1890s when he stopped working on large canvases.\n\nThe remaining 29 paintings (one by Degas was taken by Renoir in payment for his services as executor) were offered to the French government twice again, in 1904 and 1908, and were both times refused."
https://upload.wikimedia.org/wikipedia/commons/c/c5/Edvard_Munch%2C_1893%2C_The_Scream%2C_oil%2C_tempera_and_pastel_on_cardboard%2C_91_x_73_cm%2C_National_Gallery_of_Norway.jpg,the scream,edvard munch,1893,expressionism,"The Scream is an art composition created by Norwegian artist Edvard Munch in 1893. The Norwegian name of the piece is Skrik ('Scream'), and the German title under which it was first exhibited is Der Schrei der Natur. The agonized face in the painting has become one of the most iconic images in art, seen as representing a profound experience of existential dread related to the human condition. Munch's work, including The Scream, had a formative influence on the Expressionist movement."
https://upload.wikimedia.org/wikipedia/commons/a/a3/The_Place_du_Havre%2C_Paris.jpg,place du havre,camille pissarro,1893,impressionism,"Place Du Havre is a Impressionism work by Camille Pissarro, dated 1893.\n\nReturning to France, Pissarro lived in Pontoise from 1872 to 1884. In 1890 he again visited England and painted some ten scenes of central London.\n\nIn 1885 he met Georges Seurat and Paul Signac, both of whom relied on a more ""scientific"" theory of painting by using very small patches of pure colours to create the illusion of blended colours and shading when viewed from a distance."
https://upload.wikimedia.org/wikipedia/commons/e/e1/Ernesto_de_la_C%C3%A1rcova_-_Sin_pan_y_sin_trabajo.jpg,without bread and without work,ernesto de la carcova,1892-1894,realism,"Without Bread And Without Work is a Realism work by Ernesto De La Carcova, dated 1892-1894.\n\nGaining increasing renown, he was invited to direct the Argentine Artists' Fellowship Program in Paris in 1902 and received a gold medal for his work at the Universal Exposition of 1904 in St. Louis (United States). During his stay in Europe, he took an interest in sculpture, purchasing a number of reproductions of works in the Berlin State Museums collections, including those of a number of ancient Egyptian, Chaldean, and Greek busts and bronzes."
https://upload.wikimedia.org/wikipedia/commons/3/3a/Rideau%2C_Cruchon_et_Compotier%2C_par_Paul_C%C3%A9zanne%2C_Yorck_Project.jpg,"rideau, cruchon et compotier",paul cezanne,1893-1894,post-impressionism,"Rideau, Cruchon et Compotier is an oil on canvas painting created c. 1893 to 1894 by French artist Paul Cézanne. It is a formal still life composition, displaying Cézanne's exploration of form, balance, and symmetry in objects. On 10 May 1999, the painting was sold at Sotheby's auction for $60.5 million, making it the most expensive still life painting ever sold at an auction."
https://upload.wikimedia.org/wikipedia/commons/d/d8/Mary_Cassatt_-_The_Boating_Party_-_Google_Art_Project.jpg,the boating party,mary cassatt,1894,impressionism / post-impressionism,"The Boating Party is an oil painting by American artist Mary Cassatt created in 1893. It is also known under the titles La partie en bateau; La barque; Les canotiers; and En canot. Measuring nearly three by four feet, it is one of Cassatt’s largest and most ambitious paintings. It has been in the Chester Dale Collection of the National Gallery of Art since 1963."
https://upload.wikimedia.org/wikipedia/commons/e/e5/G._Caillebotte_-_Le_jardin_du_Petit_Gennevilliers_en_hiver.jpg,le jardin du petit gennevilliers en hiver,gustave caillebotte,1894,impressionism,"Le Jardin Du Petit Gennevilliers En Hiver is a Impressionism work by Gustave Caillebotte, dated 1894.\n\nCaillebotte is most well-known for smoothly executing depictions of the surroundings of Paris with realism, in the 1870s and 1880s. His painting career slowed dramatically in the early 1890s when he stopped working on large canvases.\n\nThe remaining 29 paintings (one by Degas was taken by Renoir in payment for his services as executor) were offered to the French government twice again, in 1904 and 1908, and were both times refused."
https://upload.wikimedia.org/wikipedia/commons/5/5d/Tom_Roberts_-_The_Golden_Fleece_-_Google_Art_Project.jpg,the golden fleece,tom roberts,1894,realism,"The Golden Fleece, originally known as Shearing at Newstead, is an 1894 painting by the Australian artist Tom Roberts. The painting depicts sheep shearers plying their trade in a timber shearing shed at Newstead North, a sheep station near Inverell on the Northern Tablelands of New South Wales. The same shed is depicted in another of Roberts' works, Shearing Shed, Newstead (1894)."
https://upload.wikimedia.org/wikipedia/commons/8/8d/Flaming_June%2C_by_Frederic_Lord_Leighton_%281830-1896%29.jpg,flaming june,frederic leighton,1895,aestheticism / classical realism,"Flaming June is a painting by Sir Frederic Leighton, produced in 1895. Painted with oil paints on a 47-by-47-inch square canvas, it depicts a sleeping woman in a sensuous version of his classicist Academic style. It is Leighton's most recognisable work, and is much reproduced in posters and other media."
https://upload.wikimedia.org/wikipedia/commons/6/69/Les_Joueurs_de_cartes%2C_par_Paul_C%C3%A9zanne.jpg,the card players,paul cezanne,1895,post-impressionism,"The Card Players is a series of oil paintings by the French Post-Impressionist artist Paul Cézanne. Painted during Cézanne's final period in the early 1890s, there are five paintings in the series. The versions vary in size, the number of players, and the setting in which the game takes place. Cézanne also completed numerous drawings and studies in preparation for The Card Players series."
https://cdn.topofart.com/images/artists/Adolphe-William_Bouguereau/paintings-wm/bouguereau055.webp,the abduction of psyche,william-adolphe bouguereau,1895,academicism,"The Abduction Of Psyche is a Academicism work by William-Adolphe Bouguereau, dated 1895.\n\nBouguereau received many commissions to decorate private houses and public buildings, and, early on, this added to his prestige and fame. As was typical of such commissions, he would sometimes paint in his own style, and at other times conform to an existing group style.\n\nIn The King in Yellow, by Robert W. Chambers, he is mentioned in various tales as a teacher at the École des Beaux-Arts. In Sir Arthur Conan Doyle's novel The Sign of the Four (1890), the character Mr Sholto remarks, ""there cannot be the least question about the Bouguereau."
https://upload.wikimedia.org/wikipedia/commons/8/8b/C%C3%A9zanne%2C_Paul_-_Still_Life_with_a_Curtain.jpg,still life with a curtain,paul cezanne,1895,post-impressionism,"Still Life With A Curtain is a Post-Impressionism work by Paul Cezanne, dated 1895.\n\nAmbroise Vollard, an aspiring gallery owner, opened Cézanne's first one-man show in November 1895. In his gallery, he showed a selection of 50 of around 150 works that Cézanne had sent him as a package.\n\nIn 1903, he exhibited for the first time at the newly established Salon d'Automne (Paris Autumn Salon). The painter and art theorist Émile Bernard first visited him for a month in February 1904 and published an article about the painter in L'Occident magazine in July."
https://upload.wikimedia.org/wikipedia/commons/e/e2/Lac_d%27Annecy%2C_par_Paul_C%C3%A9zanne.jpg,lac d'annecy,paul cezanne,1896,post-impressionism,"Lac D'Annecy is a Post-Impressionism work by Paul Cezanne, dated 1896.\n\nAmbroise Vollard, an aspiring gallery owner, opened Cézanne's first one-man show in November 1895. In his gallery, he showed a selection of 50 of around 150 works that Cézanne had sent him as a package.\n\nIn 1903, he exhibited for the first time at the newly established Salon d'Automne (Paris Autumn Salon). The painter and art theorist Émile Bernard first visited him for a month in February 1904 and published an article about the painter in L'Occident magazine in July."
https://upload.wikimedia.org/wikipedia/commons/3/3b/Pissarro_-_Pont_Boieldieu_in_Rouen%2C_Rainy_Weather.jpg,"pont boieldieu in rouen, rainy weather",camille pissarro,1896,impressionism,"Pont Boieldieu in Rouen, Rainy Weather is an 1896 painting by Camille Pissarro in the collection of the Art Gallery of Ontario."
https://upload.wikimedia.org/wikipedia/commons/0/0d/Morning%2C_An_Overcast_Day%2C_Rouen_MET_DT1863.jpg,"morning, an overcast day, rouen",camille pissarro,1896,impressionism,"Morning, An Overcast Day, Rouen is a late 19th-century painting by Danish-French artist Camille Pissarro. Done in oil on canvas, the work depicts the industrial cityscape of Rouen, France. The centerpiece of the painting is Boieldieu Bridge, a steel arch bridge which Pissarro painted from his room in a nearby hotel. The painting is in the collection of the Metropolitan Museum of Art."
https://upload.wikimedia.org/wikipedia/commons/3/3b/Pissarro_-_Pont_Boieldieu_in_Rouen%2C_Rainy_Weather.jpg,"pont boieldieu in rouen, rainy weather",camille pissarro,1896,impressionism,"Pont Boieldieu in Rouen, Rainy Weather is an 1896 painting by Camille Pissarro in the collection of the Art Gallery of Ontario."
https://upload.wikimedia.org/wikipedia/commons/f/f8/Steamboats_in_the_Port_of_Rouen_MET_DT1864.jpg,steamboats in the port of rouen,camille pissarro,1896,impressionism,"Steamboats in the Port of Rouen is a late 19th-century painting by Camille Pissarro. The oil-on-canvas painting depicts shipping in the port city of Rouen, France. Pissarro painted the work from his room in the Hôtel de Paris, which overlooked one of the city's quays. The painting is similar to Pissarro's Morning, An Overcast Day, Rouen, and both works are in the collection of the Metropolitan Museum of Art, in New York City."
https://upload.wikimedia.org/wikipedia/commons/0/06/La_Boh%C3%A9mienne_endormie.jpg,the sleeping gypsy,henri rousseau,1897,primitivism,"The Sleeping Gypsy is an 1897 oil on canvas painting by the French Naïve artist Henri Rousseau (1844–1910). It is a fantastical depiction of a lion musing over a sleeping woman on a moonlit night. It is held by the Museum of Modern Art in New York City, to which it was donated by Olga Guggenheim in 1939. In the museum, the painting is housed next to Vincent van Gogh's famous 1889 painting The Starry Night."
https://upload.wikimedia.org/wikipedia/commons/5/5d/Pissarro_Camille_-_Boulevard_Montmartre_%C3%A0_Paris.jpg,"boulevard montmartre, paris",camille pissarro,1897,impressionism,"Boulevard Montmartre, Mardi Gras (Paris, 1897) by Camille Pissarro currently resides in the permanent exhibition at the Armand Hammer Museum in Los Angeles, California. This work is part of a series of fourteen paintings depicting different times of the day and seasons of the Boulevard Montmartre in Paris. Camille Pissarro is known as the ""Father of Impression"" for his ""teacher's eye"" of drawing what he saw in front of him.\n\nPissarro first sketched this idea, before using oil on canvas to paint from his balcony window of the Grand Hôtel de Russie overlooking the grand boulevard."
https://upload.wikimedia.org/wikipedia/commons/2/21/Edgar_Germain_Hilaire_Degas_076.jpg,blue dancers,edgar degas,1897,impressionism / realism,"Blue Dancers is an 1897 pastel by Edgar Degas. It is held in the Pushkin Museum, in Moscow, which it entered in 1948 from the State Museum of Modern Western Art. It was in Durand-Ruel's collection and then until 1918 in Sergei Shchukin's collection in Moscow."
https://upload.wikimedia.org/wikipedia/commons/2/21/Edgar_Germain_Hilaire_Degas_076.jpg,blue dancers,edgar degas,1897,impressionism / realism,"Blue Dancers is an 1897 pastel by Edgar Degas. It is held in the Pushkin Museum, in Moscow, which it entered in 1948 from the State Museum of Modern Western Art. It was in Durand-Ruel's collection and then until 1918 in Sergei Shchukin's collection in Moscow."
https://upload.wikimedia.org/wikipedia/commons/8/86/Bath_Road%2C_London_by_Camille_Pissarro.jpg,"bath road, london",camille pissarro,1897,impressionism,"Bath Road, London is an 1897 Impressionist painting by the French artist Camille Pissarro with a scene of the new garden suburb of Bedford Park near Chiswick, noted for its distinctive Queen Anne Revival architecture. It depicts the view from 62 Bath Road where the artist's son Lucien Pissarro had moved with his family the previous year. The woman and child playing in the front garden are Lucien's wife Esther and daughter Orovida. At this time Camille had returned to a more orthodox form of impressionism."
https://upload.wikimedia.org/wikipedia/commons/a/ac/Camille_Pissarro_-_Rue_Saint-Honor%C3%A9%2C_dans_l%27apr%C3%A8s-midi._Effet_de_pluie.jpg,"rue saint-honore, dans l'apres-midi. effet de pluie",camille pissarro,1897,impressionism,"Rue Saint-Honore, Dans L'Apres-Midi. Effet De Pluie is a Impressionism work by Camille Pissarro, dated 1897.\n\nReturning to France, Pissarro lived in Pontoise from 1872 to 1884. In 1890 he again visited England and painted some ten scenes of central London.\n\nIn 1885 he met Georges Seurat and Paul Signac, both of whom relied on a more ""scientific"" theory of painting by using very small patches of pure colours to create the illusion of blended colours and shading when viewed from a distance."
https://upload.wikimedia.org/wikipedia/commons/5/5e/Camille_Pissarro_-_Boulevard_Montmartre%2C_Mardi_Gras_%281897%29.jpg,boulevard montmartre: mardi gras,camille pissarro,1897,impressionism,"Boulevard Montmartre, Mardi Gras by Camille Pissarro currently resides in the permanent exhibition at the Armand Hammer Museum in Los Angeles, California. This work is part of a series of fourteen paintings depicting different times of the day and seasons of the Boulevard Montmartre in Paris. Camille Pissarro is known as the ""Father of Impression"" for his ""teacher's eye"" of drawing what he saw in front of him."
https://upload.wikimedia.org/wikipedia/commons/7/79/Camille_Pissarro_-_Boulevard_Montmartre%2C_morning%2C_cloudy_weather_-_Google_Art_Project.jpg,"boulevard montmartre, morning, cloudy weather",camille pissarro,1897,impressionism,"Boulevard Montmartre, Morning, Cloudy Weather is a Impressionism work by Camille Pissarro, dated 1897.\n\nReturning to France, Pissarro lived in Pontoise from 1872 to 1884. In 1890 he again visited England and painted some ten scenes of central London.\n\nIn 1885 he met Georges Seurat and Paul Signac, both of whom relied on a more ""scientific"" theory of painting by using very small patches of pure colours to create the illusion of blended colours and shading when viewed from a distance."
https://upload.wikimedia.org/wikipedia/commons/1/1f/The_Boulevard_Montmartre_on_a_Winter_Morning.JPG,the boulevard montmartre on a winter morning,camille pissarro,1897,impressionism,"The Boulevard Montmartre On A Winter Morning is a Impressionism work by Camille Pissarro, dated 1897.\n\nReturning to France, Pissarro lived in Pontoise from 1872 to 1884. In 1890 he again visited England and painted some ten scenes of central London.\n\nIn 1885 he met Georges Seurat and Paul Signac, both of whom relied on a more ""scientific"" theory of painting by using very small patches of pure colours to create the illusion of blended colours and shading when viewed from a distance."
https://upload.wikimedia.org/wikipedia/commons/f/ff/Camille_Pissarro_-_Boulevard_Montmartre%2C_Spring_-_Google_Art_Project.jpg,"le boulevard de montmartre, matinee de printemps",camille pissarro,1897,impressionism,"Le Boulevard de Montmartre, matinée de printemps is an 1897 oil on canvas painting of Paris' Boulevard Montmartre by Camille Pissarro. The work is part of a series of 14 paintings from the same year depicting Pissarro's view of the boulevard from his room at the Grand Hôtel de Russie. A nearly identical work with the same title is in the collection of the Museum Langmatt."
https://upload.wikimedia.org/wikipedia/commons/f/f8/Pissarro_-_The_Boulevard_Montmartre_at_Night_%281897%29.jpg,the boulevard montmartre at night,camille pissarro,1897,impressionism,"The Boulevard Montmartre At Night is a Impressionism work by Camille Pissarro, dated 1897.\n\nReturning to France, Pissarro lived in Pontoise from 1872 to 1884. In 1890 he again visited England and painted some ten scenes of central London.\n\nIn 1885 he met Georges Seurat and Paul Signac, both of whom relied on a more ""scientific"" theory of painting by using very small patches of pure colours to create the illusion of blended colours and shading when viewed from a distance."
https://upload.wikimedia.org/wikipedia/commons/c/c6/14_oct_2014_theatre_fr.jpg,place du theatre francais: fog effect,camille pissarro,1897,impressionism,"Place Du Theatre Francais: Fog Effect is a Impressionism work by Camille Pissarro, dated 1897.\n\nReturning to France, Pissarro lived in Pontoise from 1872 to 1884. In 1890 he again visited England and painted some ten scenes of central London.\n\nIn 1885 he met Georges Seurat and Paul Signac, both of whom relied on a more ""scientific"" theory of painting by using very small patches of pure colours to create the illusion of blended colours and shading when viewed from a distance."
https://cdn.topofart.com/images/artists/John_Collier/paintings-wm/collier004.webp,lady godiva,john collier,1898,pre-raphaelite / romanticism / academicism,"Lady Godiva is an 1897 oil-on-canvas painting by English artist John Collier, who worked in the style of the Pre-Raphaelite Brotherhood. The portrayal of Lady Godiva and her well-known but apocryphal ride through Coventry, England, is held in Coventry's Herbert Art Gallery and Museum."
https://upload.wikimedia.org/wikipedia/commons/e/e1/Camille_Pissarro_036.jpg,"rouen, rue de l'epicerie",camille pissarro,1898,impressionism,"Rouen, Rue De L'Epicerie is a Impressionism work by Camille Pissarro, dated 1898.\n\nReturning to France, Pissarro lived in Pontoise from 1872 to 1884. In 1890 he again visited England and painted some ten scenes of central London.\n\nIn 1885 he met Georges Seurat and Paul Signac, both of whom relied on a more ""scientific"" theory of painting by using very small patches of pure colours to create the illusion of blended colours and shading when viewed from a distance."
https://upload.wikimedia.org/wikipedia/commons/b/b0/Camille_Pissarro_-_La_Place_due_Th%C3%A9%C3%A2tre_Fran%C3%A7ais_-_Google_Art_Project.jpg,la place du theatre francais,camille pissarro,1898,impressionism,"La Place du Théâtre Français is an 1898 oil painting by Danish-French Impressionist and Neo-Impressionist painter Camille Pissarro in the collection of the Los Angeles County Museum of Art in Los Angeles, California. It is one of the approximately 15 paintings that Pissarro made while staying at the Grand Hôtel du Louvre in Paris."
https://upload.wikimedia.org/wikipedia/commons/5/54/Camille_Pissarro_%281830-1903%29_-_%27View_of_Rouen%27%2C_1898.jpg,view of rouen,camille pissarro,1898,impressionism,"View Of Rouen is a Impressionism work by Camille Pissarro, dated 1898.\n\nReturning to France, Pissarro lived in Pontoise from 1872 to 1884. In 1890 he again visited England and painted some ten scenes of central London.\n\nIn 1885 he met Georges Seurat and Paul Signac, both of whom relied on a more ""scientific"" theory of painting by using very small patches of pure colours to create the illusion of blended colours and shading when viewed from a distance."
https://upload.wikimedia.org/wikipedia/commons/1/1c/Claude_Monet%2C_French_-_The_Japanese_Footbridge_and_the_Water_Lily_Pool%2C_Giverny_-_Google_Art_Project.jpg,the japanese footbridge,claude monet,1899,impressionism,"The Japanese Footbridge is a Impressionism work by Claude Monet, dated 1899.\n\nOn 2 March 1861, the 20-year-old Monet was drawn at Le Havre to be conscripted into the army. Certainly, his family could have paid the cost of 2,500 francs for a substitute, but while initially Monet claimed in 1900 that they required in return that he renounce his artistic career to take over the family bus\n\nDuring their stay the Monets and Alice in particular became friends with English hostess and patron of the arts Mary Hunter. She introduced the Monets to her social circle including her sister Ethel Smyth."
https://cdn.topofart.com/images/artists/Paul_Gauguin/paintings-wm/gauguin018.webp,two tahitian women,paul gauguin,1899,post-impressionism / symbolism / synthetism / primitivism,"Two Tahitian Women is an 1899 painting by Paul Gauguin. It depicts two topless women, one holding mango blossoms, on the Pacific Island of Tahiti. The painting is part of the permanent collection of the Metropolitan Museum of Art in New York City and was donated to the museum by William Church Osborn in 1949."
https://upload.wikimedia.org/wikipedia/commons/d/d8/Cezanne_Ambroise_Vollard.jpg,portrait of ambroise vollard,paul cezanne,1899,post-impressionism,"Portrait of Ambroise Vollard is an oil-on-canvas painting by Pablo Picasso, which he painted in 1910. It is now housed in the Pushkin Museum in Moscow. The painting is a representation of the influential art dealer Ambroise Vollard, who played an important role in Picasso's early career as an artist. It is painted in the style of Analytical Cubism, which Picasso pioneered."
https://upload.wikimedia.org/wikipedia/commons/0/00/Camille_Pissarro%2C_The_Garden_of_the_Tuileries_on_a_Winter_Afternoon%2C_1899.jpg,the garden of the tuileries on a winter afternoon,camille pissarro,1899,impressionism,"The Garden Of The Tuileries On A Winter Afternoon is a Impressionism work by Camille Pissarro, dated 1899.\n\nReturning to France, Pissarro lived in Pontoise from 1872 to 1884. In 1890 he again visited England and painted some ten scenes of central London.\n\nIn 1885 he met Georges Seurat and Paul Signac, both of whom relied on a more ""scientific"" theory of painting by using very small patches of pure colours to create the illusion of blended colours and shading when viewed from a distance."
https://upload.wikimedia.org/wikipedia/commons/1/14/WLA_metmuseum_Camille_Pissarro_French.jpg,the garden of the tuileries on a spring morning,camille pissarro,1899,impressionism,"The Garden Of The Tuileries On A Spring Morning is a Impressionism work by Camille Pissarro, dated 1899.\n\nReturning to France, Pissarro lived in Pontoise from 1872 to 1884. In 1890 he again visited England and painted some ten scenes of central London.\n\nIn 1885 he met Georges Seurat and Paul Signac, both of whom relied on a more ""scientific"" theory of painting by using very small patches of pure colours to create the illusion of blended colours and shading when viewed from a distance."
https://upload.wikimedia.org/wikipedia/commons/1/1e/Dancers-%281900%29-Degas.jpg,dancers,edgar degas,1900,impressionism / realism,"Blue Dancers is an 1897 pastel by Edgar Degas. It is held in the Pushkin Museum, in Moscow, which it entered in 1948 from the State Museum of Modern Western Art. It was in Durand-Ruel's collection and then until 1918 in Sergei Shchukin's collection in Moscow."
https://t0.gstatic.com/licensed-image?q=tbn:ANd9GcTrFVq6b2Q0YpZW0hjst-yuZCRLMBZE3GqFUTcfukxEaDiWmBLKXtRDnb3EQ15_qB6LY0_sJRxUbYcwGa24,deserted wharf (the old mill at cos cob),john henry twachtman,1900-1902,american impressionism,"Deserted Wharf (The Old Mill At Cos Cob) is a American Impressionism work by John Henry Twachtman, dated 1900-1902.\n\nJohn Henry Twachtman (August 4, 1853 – August 8, 1902) was an American painter best known for his impressionist landscapes, though his painting style varied widely through his career.\n\nIn Connecticut his painting style shifted again, this time to a highly personal impressionist technique. Twachtman painted many landscapes of his farm and garden in Greenwich, often depicting the snow-covered landscape."
https://upload.wikimedia.org/wikipedia/commons/8/83/Paul_C%C3%A9zanne%2C_Pyramid_of_Skulls%2C_c._1901.jpg,pyramid of skulls,paul cezanne,1901,post-impressionism,"Pyramid Of Skulls is a Post-Impressionism work by Paul Cezanne, dated 1901.\n\nA portrait of Cézanne was painted by his friend and mentor Pissarro in 1874, and in 1901 the co-founder of the Nabis group, Maurice Denis, created Hommage à Cézanne, showing Cézanne's painting Still Life with Fruit on the easel amidst artist friends at the Vollard Gallery.\n\nIn 1901, Cézanne acquired a piece of land north of the city of Aix-en-Provence along the Chemin des Lauves, an isolated road on some high ground, where he had his studio built on the Chemin des Lauves in 1902 according to his needs (Atelier de Cézanne, now open to the public). He moved there in 1903."
https://upload.wikimedia.org/wikipedia/commons/7/7c/Vassily_Kandinsky%2C_1901_-_Akhtyrka.jpg,akhtyrka,wassily kandinsky,1901,post-impressionism / expressionism,"Akhtyrka is a Post-Impressionism / Expressionism work by Wassily Kandinsky, dated 1901.\n\nKandinsky was similarly influenced during this period by Richard Wagner's Lohengrin which, he felt, pushed the limits of music and melody beyond standard lyricism. He was also spiritually influenced by Madame Blavatsky, the best-known exponent of theosophy.\n\nPerhaps the most important of his paintings from the first decade of the 1900s was The Blue Rider (1903), which shows a small cloaked figure on a speeding horse rushing through a rocky meadow. The rider's cloak is medium blue, which casts a darker-blue shadow."
https://upload.wikimedia.org/wikipedia/commons/2/2d/Hay_Harvest_at_%C3%89ragny%2C_1901%2C_Camille_Pissarro.jpg,hay harvest at eragny,camille pissarro,1901,impressionism / neo-impressionism / pointillism,"Hay Harvest At Eragny is a Impressionism / Neo-Impressionism / Pointillism work by Camille Pissarro, dated 1901.\n\nReturning to France, Pissarro lived in Pontoise from 1872 to 1884. In 1890 he again visited England and painted some ten scenes of central London. He came back again in 1892, painting in Kew Gardens and Kew Green, and also in 1897, when he produced several oils described as being of Bedford Park, Chiswick, but in fact all being of the nearby Stamford Brook area except for one of Bath Road, which runs from Stamford Brook along the south edge of Bedford Park."
https://upload.wikimedia.org/wikipedia/commons/2/2d/Camille_Pissarro_%281830-1903%29_-_%27Morning%2C_Winter_Sunshine%2C_Frost%2C_the_Pont-Neuf%2C_the_Seine%2C_the_Louvre%2C_Soleil_D%27hiver_Gella_Blanc%27%2C_ca._1901.jpg,"morning, winter sunshine, frost, the pont-neuf, the seine, the louvre, soleil d'hiver gella blanc",camille pissarro,1901,impressionism,"Morning, Winter Sunshine, Frost, The Pont-Neuf, The Seine, The Louvre, Soleil D'Hiver Gella Blanc is a Impressionism work by Camille Pissarro, dated 1901.\n\nReturning to France, Pissarro lived in Pontoise from 1872 to 1884. In 1890 he again visited England and painted some ten scenes of central London. He came back again in 1892, painting in Kew Gardens and Kew Green, and also in 1897, when he produced several oils described as being of Bedford Park, Chiswick, but in fact all being of the nearby Stamford Brook area except for one of Bath Road, which runs from Stamford Brook along the south edge of Bedford Park."
https://upload.wikimedia.org/wikipedia/commons/b/bf/Matisse_-_Luxembourg_Gardens_%281901%29.jpg,luxembourg gardens,henri matisse,1901,fauvism,"Luxembourg Gardens is a Fauvism work by Henri Matisse, dated 1901.\n\nMany of Matisse's paintings from 1898 to 1901 make use of a Divisionist technique he adopted after reading Paul Signac's essay, ""D'Eugène Delacroix au Néo-impressionisme"". In May 1902, Amélie's parents became ensnared in a major financial scandal, the Humbert Affair.\n\nFauvism as a style began around 1900 and continued beyond 1910. The movement as such lasted only a few years, 1904–1908, and had three exhibitions. The leaders of the movement were Matisse and André Derain. Matisse's first solo exhibition was at Ambroise Vollard's gallery in 1904, without much success."
https://upload.wikimedia.org/wikipedia/commons/4/47/Matisse_-_Dishes_and_Fruit_%281901%29.jpg,dishes and fruit,henri matisse,1901,fauvism,"Dishes And Fruit is a Fauvism work by Henri Matisse, dated 1901.\n\nMany of Matisse's paintings from 1898 to 1901 make use of a Divisionist technique he adopted after reading Paul Signac's essay, ""D'Eugène Delacroix au Néo-impressionisme"". In May 1902, Amélie's parents became ensnared in a major financial scandal, the Humbert Affair.\n\nFauvism as a style began around 1900 and continued beyond 1910. The movement as such lasted only a few years, 1904–1908, and had three exhibitions. The leaders of the movement were Matisse and André Derain. Matisse's first solo exhibition was at Ambroise Vollard's gallery in 1904, without much success."
https://upload.wikimedia.org/wikipedia/commons/2/25/Paul_C%C3%A9zanne%2C_French_-_The_Large_Bathers_-_Google_Art_Project.jpg,the bathers,paul cezanne,1898-1905,post-impressionism,"The Bathers is a Post-Impressionism work by Paul Cezanne, dated 1898-1905.\n\nIn 1903, he exhibited for the first time at the newly established Salon d'Automne (Paris Autumn Salon). The painter and art theorist Émile Bernard first visited him for a month in February 1904 and published an article about the painter in L'Occident magazine in July.\n\nThe art market, meanwhile continued to react positively to Cézanne's works; Pissarro wrote from Paris in June 1899 about the auction of the Chocquet collection from his estate: ""These include thirty-two Cézannes of the first rank."
https://upload.wikimedia.org/wikipedia/commons/d/de/Camille_Pissarro_-_The_Fish_Market_in_Dieppe%2C_Grey_Weather%2C_Morning_-_1902_-_Dallas_Museum_of_Art.jpg,"the fish market, dieppe: grey weather, morning",camille pissarro,1902,impressionism,"The Fish Market, Dieppe: Grey Weather, Morning is a Impressionism work by Camille Pissarro, dated 1902.\n\nReturning to France, Pissarro lived in Pontoise from 1872 to 1884. In 1890 he again visited England and painted some ten scenes of central London. He came back again in 1892, painting in Kew Gardens and Kew Green, and also in 1897, when he produced several oils described as being of Bedford Park, Chiswick, but in fact all being of the nearby Stamford Brook area except for one of Bath Road, which runs from Stamford Brook along the south edge of Bedford Park."
https://upload.wikimedia.org/wikipedia/commons/f/f8/Henri_Matisse%2C_1902%2C_Notre-Dame%2C_une_fin_d%27apr%C3%A8s-midi%2C_oil_on_paper_mounted_on_canvas%2C_72.4_x_54.6_cm%2C_Albright-Knox_Art_Gallery.jpg,a glimpse of notre-dame in the late afternoon,henri matisse,1902,fauvism,"A Glimpse Of Notre-Dame In The Late Afternoon is a Fauvism work by Henri Matisse, dated 1902.\n\nMany of Matisse's paintings from 1898 to 1901 make use of a Divisionist technique he adopted after reading Paul Signac's essay, ""D'Eugène Delacroix au Néo-impressionisme"". In May 1902, Amélie's parents became ensnared in a major financial scandal, the Humbert Affair.\n\nFauvism as a style began around 1900 and continued beyond 1910. The movement as such lasted only a few years, 1904–1908, and had three exhibitions. The leaders of the movement were Matisse and André Derain. Matisse's first solo exhibition was at Ambroise Vollard's gallery in 1904, without much success."
https://upload.wikimedia.org/wikipedia/commons/4/49/Snow_in_New_York.jpg,snow in new york,robert henru,1902,american realism,
https://upload.wikimedia.org/wikipedia/en/b/bc/Old_guitarist_chicago.jpg,the old guitarist,pablo picasso,1903,symbolism / expressionism,"The Old Guitarist is an oil painting by Pablo Picasso, which he created in late 1903 and early 1904. It depicts an elderly musician, a haggard man with threadbare clothing, who is hunched over his guitar while playing in the streets of Barcelona, Spain. It is on display at the Art Institute of Chicago as part of the Helen Birch Bartlett Memorial Collection.\n\nAt the time of The Old Guitarist's creation, Modernism, Impressionism, Post-Impressionism, and Symbolism had greatly influenced Picasso's style. Furthermore, El Greco, Picasso's poor standard of living, and the suicide of a dear friend Carlos Casagemas influenced Picasso's style at the time which came to be known as his Blue Period."
https://upload.wikimedia.org/wikipedia/en/b/b1/Picasso_la_vie.jpg,la vie,pablo picasso,1903,symbolism / expressionism,"La Vie is a Symbolism / Expressionism work by Pablo Picasso, dated 1903.\n\nPicasso's Blue Period, characterised by sombre paintings rendered in shades of blue and blue-green only occasionally warmed by other colours, began either in Spain in early 1901 or in Paris in the second half of the year.\n\nThe same mood pervades the well-known etching The Frugal Repast (1904), which depicts a blind man and a sighted woman, both emaciated, seated at a nearly bare table."
https://cdn.topofart.com/images/artists/John_William_Waterhouse/paintings-wm/waterhouse059.webp,boreas,john william waterhouse,1903,pre-raphaelite / romanticism,"Boreas is a Pre-Raphaelite / Romanticism work by John William Waterhouse, dated 1903.\n\nHe submitted his 1888 Ophelia painting in order to receive his diploma from the Royal Academy. (He had originally wanted to submit a painting titled A Mermaid, but it was not completed in time.) After this, the painting was lost until the 20th century.\n\nIn 1883, Waterhouse married Esther Kenworthy, the daughter of an art schoolmaster from Ealing who had exhibited her own flower-paintings at the Royal Academy and elsewhere. In 1895 Waterhouse was elected to the status of full Academician. He taught at the St."
https://upload.wikimedia.org/wikipedia/commons/7/7b/Wassily_Kandinsky%2C_1903%2C_The_Blue_Rider_%28Der_Blaue_Reiter%29%2C_oil_on_canvas%2C_52.1_x_54.6_cm%2C_Stiftung_Sammlung_E.G._B%C3%BChrle%2C_Zurich.jpg,the blue rider,wassily kandinsky,1903,expressionism / abstraction,"The Blue Rider (German: Der Blaue Reiter) is a 1903 oil painting by Wassily Kandinsky. The work depicts a rider in a blue cloak riding on a white horse through a meadow, with a forest in the background. The painting uses bright colors, repetition of shapes and short brush strokes creating a sense of motion.\n\nThe painting contains elements of many different art movements and it marks Kandinsky's transition from figurative art to abstraction."
https://upload.wikimedia.org/wikipedia/commons/5/53/Camille_Pissarro_-_Self-portrait2_-_Tate_Britain.jpg,self-portrait,camille pissarro,1903,impressionism,"Self-Portrait is a Impressionism work by Camille Pissarro, dated 1903.\n\nReturning to France, Pissarro lived in Pontoise from 1872 to 1884. In 1890 he again visited England and painted some ten scenes of central London.\n\nIn 1885 he met Georges Seurat and Paul Signac, both of whom relied on a more ""scientific"" theory of painting by using very small patches of pure colours to create the illusion of blended colours and shading when viewed from a distance."
https://upload.wikimedia.org/wikipedia/commons/c/c9/Montagne_Sainte-Victoire%2C_par_Paul_C%C3%A9zanne_108.jpg,montagne sainte-victoire,paul cezanne,1904,post-impressionism,"Montagne Sainte-Victoire is a Post-Impressionism work by Paul Cezanne, dated 1904.\n\nIn 1903, he exhibited for the first time at the newly established Salon d'Automne (Paris Autumn Salon). The painter and art theorist Émile Bernard first visited him for a month in February 1904 and published an article about the painter in L'Occident magazine in July.\n\nPaul Cézanne was the first artist to begin breaking down objects into simple geometric shapes. In his much-quoted letter of 15 April 1904 to the painter and art theorist Émile Bernard, who had met Cézanne in his last years, he wrote: ""Treat nature according to cylinder, sphere, and cone and put the whole in p"
https://upload.wikimedia.org/wikipedia/commons/0/07/Matisse-Luxe.jpg,"luxe, calme et volupte",henri matisse,1904,fauvism / neo-impressionism / divisionism,"Luxe, Calme Et Volupte is a Fauvism / Neo-Impressionism / Divisionism work by Henri Matisse, dated 1904.\n\nFauvism as a style began around 1900 and continued beyond 1910. The movement as such lasted only a few years, 1904–1908, and had three exhibitions. The leaders of the movement were Matisse and André Derain. Matisse's first solo exhibition was at Ambroise Vollard's gallery in 1904, without much success.\n\nFrom 16 May–13 September 2026 San Francisco Museum of Modern Art will exhibit Matisse's Femme au chapeau: A Modern Scandal which restages what visitors and critics experienced when they first encountered Femme au chapeau (Woman with a Hat) in 1905 “painted in bold color and loose brushstrokes that defied conv"
https://upload.wikimedia.org/wikipedia/en/8/8d/Pablo_Picasso%2C_1905%2C_Au_Lapin_Agile_%28At_the_Lapin_Agile%29%2C_oil_on_canvas%2C_99.1_x_100.3_cm%2C_Metropolitan_Museum_of_Art.jpg,au lapin agile,pablo picasso,1905,classicism / expressionism,"Au Lapin Agile (English: At the Lapin Agile) is a 1905 oil on canvas painting by Pablo Picasso. It depicts the interior of the Lapin Agile, a famous cabaret club in the Montmartre area of Paris. The composition was produced during Picasso's Rose Period and includes a self-portrait of the artist who frequented the club in his youth. The painting is listed as one of the most expensive paintings after achieving a price of $40.7 million at Sotheby's auction on 27 November 1989. It is housed in the collection of the Metropolitan Museum of Art in New York City."
https://upload.wikimedia.org/wikipedia/commons/f/fb/Matisse-Woman-with-a-Hat.jpg,woman with a hat,henri matisse,1905,fauvism,"Woman with a Hat (French: La femme au chapeau) is an oil-on-canvas painting by Henri Matisse. It depicts Matisse's wife, Amélie Matisse. It was painted in 1905 and exhibited at the Salon d'Automne during the autumn of the same year, along with works by André Derain, Maurice de Vlaminck and several other artists later known as ""Fauves"".\n\nCritic Louis Vauxcelles, in comparing the paintings of Matisse and his associates with a Renaissance-type sculpture displayed alongside them, used the phrase ""Donatello chez les fauves..."" (Donatello among the wild beasts)."
https://upload.wikimedia.org/wikipedia/commons/5/59/Matisse-Open-Window.jpg,"open window, collioure",henri matisse,1905,fauvism,"The Open Window, also known as Open Window, Collioure, is a painting by Henri Matisse. The work, an oil on canvas, was painted in 1905 and exhibited at the Salon d'Automne in Paris the same year. It was bequeathed in 1998 by the estate of Mrs. John Hay Whitney to the National Gallery of Art, Washington, DC.\n\nIt is an example of the Fauvist style of painting that Matisse became famous for, and for which he was a leader, roughly between 1900–1909. The Open Window depicts the view out the window of his apartment in Collioure, on the Southern coast of France. We see sailboats on the water, as viewed from Matisse's hotel window overlooking the harbour."
https://upload.wikimedia.org/wikipedia/commons/2/2d/Matisse_-_Green_Line.jpeg,portrait of madame matisse (the green line),henri matisse,1905,fauvism,"Portrait Of Madame Matisse (The Green Line) is a Fauvism work by Henri Matisse, dated 1905.\n\nThe intense colourism of the works he painted between 1900 and 1905 brought him notoriety as one of the Fauves. Many of his finest works were created in the decade or so after 1906, when he developed a rigorous style that emphasized flattened forms and decorative pattern.\n\nMatisse and a group of artists now known as ""Fauves"" exhibited together in a room at the Salon d'Automne in 1905. The paintings expressed emotion with wild, often dissonant colours, without regard for the subject's natural colours. Matisse showed The Open Window and Woman with a Hat at the Salon."
https://upload.wikimedia.org/wikipedia/commons/b/b9/Bonheur_Matisse.jpg,le bonheur de vivre,henri matisse,1905-1906,fauvism,"Le bonheur de vivre (The Joy of Life) is a painting by Henri Matisse. Along with Picasso's Les Demoiselles d'Avignon, Le bonheur de vivre is regarded as one of the pillars of early modernism. The monumental canvas was first exhibited at the Salon des Indépendants of 1906, where its cadmium colors and spatial distortions caused a public expression of protest and outrage."
https://upload.wikimedia.org/wikipedia/en/d/d6/GertrudeStein.JPG,portrait of gertrude stein,pablo picasso,1906,classicism / expressionism,"Portrait of Gertrude Stein (French: Portrait de Gertrude Stein) is an oil-on-canvas painting of the American writer and art collector Gertrude Stein by Pablo Picasso, which was begun in 1905 and finished the following year. The painting is housed in the Metropolitan Museum of Art in New York. It is considered one of the important works of Picasso's Rose Period. The portrait has historical significance, due to the subject's role in Picasso's early life as a struggling artist and eventual commercial success. It also represents a significant transitional step in the artist's move towards Cubism."
https://upload.wikimedia.org/wikipedia/commons/e/eb/Le_Jardinier_Vallier%2C_par_Paul_C%C3%A9zanne%2C_coll._priv%C3%A9e%2C_1906.jpg,portrait of gardiner vallier,paul cezanne,1906,post-impressionism,"Portrait Of Gardiner Vallier is a Post-Impressionism work by Paul Cezanne, dated 1906.\n\nFrom 15 October to 15 November 1904, an entire room of the Salon d'Automne was furnished with the works of Cézanne. In 1905, an exhibition was held in London, in which his work was also shown; the Galerie Vollard exhibited his works in June, and the Salon d'Automne followed in turn from 19 October to 25 Novem\n\nÉmile Bernard wrote of Cézanne's unusual way of working: ""He began with the shadow parts and with one spot, on which he put a second, larger one, then a third, until all these shades, covering each other, modelled the object with their colouring."
https://upload.wikimedia.org/wikipedia/commons/8/8f/Henri_Matisse_Self-Portrait_in_a_Striped_T-shirt_%281906%29.jpg,self-portrait in a striped t-shirt,henri matisse,1906,fauvism,"Self-Portrait In A Striped T-Shirt is a Fauvism work by Henri Matisse, dated 1906.\n\nThe decline of the Fauvist movement after 1906 did not affect the career of Matisse; many of his finest works were created between 1906 and 1917, when he was an active part of the great gathering of artistic talent in Montparnasse, even though he did not quite fit in, with his conservative appearance and stri\n\nIn 1907, Guillaume Apollinaire, commenting about Matisse in an article published in La Falange, wrote, ""We are not here in the presence of an extravagant or an extremist undertaking: Matisse's art is eminently reasonable."" But Matisse's work of the time also encountered vehement criticism, and it was difficul"
https://upload.wikimedia.org/wikipedia/commons/c/c5/Matisse_-_Vase%2C_Bottle_and_Fruit_%281906%29.jpg,"vase, bottle and fruit",henri matisse,1906,fauvism,"Vase, Bottle And Fruit is a Fauvism work by Henri Matisse, dated 1906.\n\nThe decline of the Fauvist movement after 1906 did not affect the career of Matisse; many of his finest works were created between 1906 and 1917, when he was an active part of the great gathering of artistic talent in Montparnasse, even though he did not quite fit in, with his conservative appearance and stri\n\nHis friends organized and financed the Académie Matisse in Paris, a private and non-commercial school in which Matisse instructed young artists. It operated from 1907 until 1911."
https://uploads3.wikiart.org/images/pablo-picasso/nude-with-raised-arms-the-avignon-dancer-1907.jpg!Large.jpg,nude with raised arms,pablo picasso,1907,cubism / african / primitivism,"Nude With Raised Arms is a Cubism / African / Primitivism work by Pablo Picasso, dated 1907.\n\nOther works from this period include Nude with Raised Arms (1907) and Three Women (1908). Formal ideas developed during this period lead directly into the Cubist period that follows.\n\nPicasso's African-influenced Period begins with his painting Les Demoiselles d'Avignon. The three figures on the left were inspired by Iberian sculpture, but he repainted the faces of the two figures on the right after being powerfully impressed by African artefacts he saw in June 1907 in the ethnographic mus"
https://upload.wikimedia.org/wikipedia/en/4/4c/Les_Demoiselles_d%27Avignon.jpg,les demoiselles d'avignon,pablo picasso,1907,cubism / african / primitivism,"Les Demoiselles D'Avignon is a Cubism / African / Primitivism work by Pablo Picasso, dated 1907.\n\nThe Rose Period is characterised by a lighter tone and style utilising orange and pink colours and featuring many circus people, acrobats and harlequins known in France as saltimbanques. The harlequin, a comedic character usually depicted in chequered patterned clothing, became a personal symbol for Picasso.\n\nOther works from this period include Nude with Raised Arms (1907) and Three Women (1908). Formal ideas developed during this period lead directly into the Cubist period that follows."
https://upload.wikimedia.org/wikipedia/commons/b/b5/Matisse_Souvenir_de_Biskra.jpg,blue nude (souvenir de biskra),henri matisse,1907,fauvism,"The Blue Nudes is a series of collages, and related color lithographs, by Henri Matisse, made from paper cut-outs depicting nude figures in various positions. Restricted by his physical condition after his surgery for stomach cancer, Matisse began creating art by cutting and painting sheets of paper by hand; these Matisse viewed as independent artworks in their own right. The Blue Nudes refers also to the editioned multiples based on the cut-outs. Matisse supervised the creation of these lithographs until his death in 1954.\n\nBlue Nude IV, the first of the four nudes, took a notebook of studies and two weeks' work of cutting-and-arranging before the resulting artefact satisfied him."
https://upload.wikimedia.org/wikipedia/commons/8/86/Matisse.mme-matisse-madras.jpg,"madras rouge, the red turban",henri matisse,1907,fauvism / expressionism,"Madras Rouge, The Red Turban is a Fauvism / Expressionism work by Henri Matisse, dated 1907.\n\nThe decline of the Fauvist movement after 1906 did not affect the career of Matisse; many of his finest works were created between 1906 and 1917, when he was an active part of the great gathering of artistic talent in Montparnasse, even though he did not quite fit in, with his conservative appearance and stri\n\nNotes of a Painter (""Note d'un peintre"") (1908) Painter's Notes on Drawing (""Notes d'un peintre sur son dessin"") (1939) Jazz (1947) Matisse on Art, collected by Jack D. Flam (1973)"
https://upload.wikimedia.org/wikipedia/en/b/b7/Pablo_Picasso%2C_1908%2C_Trois_femmes_%28Three_Women%29%2C_oil_on_canvas%2C_200_x_185_cm%2C_Hermitage_Museum%2C_Saint_Petersburg.jpg,three women,pablo picasso,1908,cubism / african / primitivism,"Three Women is a Cubism / African / Primitivism work by Pablo Picasso, dated 1908.\n\nOther works from this period include Nude with Raised Arms (1907) and Three Women (1908). Formal ideas developed during this period lead directly into the Cubist period that follows.\n\nPicasso's early sculptures were carved from wood or modelled in wax or clay, but from 1909 to 1928 Picasso abandoned modelling and instead made sculptural constructions using diverse materials."
https://upload.wikimedia.org/wikipedia/commons/c/c8/Klimt_-_The_Kiss.jpg,the kiss,gustav klimt,1908,symbolism / art nouveau,"The Kiss is a Symbolism / Art Nouveau work by Gustav Klimt, dated 1908.\n\nFrom 1900, Gustav Klimt became famous above all as a ""painter of women"". He created about one large-format portrait of a woman per year, in which he applied the principles of Art Nouveau—flatness, decoration, and gold leaf application.\n\nIn 1917, Hugo Heller acquired the publishing rights and remaining material from the estate of Galerie Miethke to produce a new edition of the portfolio. It was published in 1918 as Das Werk von Gustav Klimt and included introductory essays by Hermann Bahr and Peter Altenberg."
https://upload.wikimedia.org/wikipedia/en/3/36/Pablo_Picasso%2C_1909%2C_Femme_assise_%28Sitzende_Frau%29%2C_oil_on_canvas%2C_100_x_80_cm%2C_Staatliche_Museen_zu_Berlin%2C_Neue_Nationalgalerie.jpg,femme assise,pablo picasso,1909,cubism,"Femme Assise is a Cubism work by Pablo Picasso, dated 1909.\n\nIn 1925 the Surrealist writer and poet André Breton declared Picasso as ""one of ours"" in his article Le Surréalisme et la peinture, published in Révolution surréaliste. Les Demoiselles was reproduced for the first time in Europe in the same issue.\n\nPicasso's early sculptures were carved from wood or modelled in wax or clay, but from 1909 to 1928 Picasso abandoned modelling and instead made sculptural constructions using diverse materials."
https://upload.wikimedia.org/wikipedia/commons/6/66/Henri_Matisse%2C_1909%2C_La_danse_%28I%29%2C_Museum_of_Modern_Art.jpg,dance i,henri matisse,1909,fauvism,"Dance (La Danse) is a painting made by Henri Matisse in 1910, at the request of Russian businessman and art collector Sergei Shchukin, who bequeathed the large decorative panel to the Hermitage Museum, in Saint Petersburg, where it hangs beside Music. The composition of dancing figures is commonly recognized as ""a key point of (Matisse's) career and in the development of modern painting"". A preliminary version of the work, sketched by Matisse in 1909 as a study for the work, resides at MoMA in New York, where it has been labeled Dance (I)."
https://upload.wikimedia.org/wikipedia/en/8/8f/Pablo_Picasso%2C_1909-10%2C_Figure_dans_un_Fauteuil_%28Seated_Nude%2C_Femme_nue_assise%29%2C_oil_on_canvas%2C_92.1_x_73_cm%2C_Tate_Modern%2C_London.jpg,figure dans un fauteuil,pablo picasso,1909-1910,cubism,"Figure Dans Un Fauteuil is a Cubism work by Pablo Picasso, dated 1909-1910.\n\nIn 1925 the Surrealist writer and poet André Breton declared Picasso as ""one of ours"" in his article Le Surréalisme et la peinture, published in Révolution surréaliste. Les Demoiselles was reproduced for the first time in Europe in the same issue.\n\nPicasso's early sculptures were carved from wood or modelled in wax or clay, but from 1909 to 1928 Picasso abandoned modelling and instead made sculptural constructions using diverse materials."
https://upload.wikimedia.org/wikipedia/en/b/bb/Pablo_Picasso%2C_1910%2C_Woman_with_Mustard_Pot_%28La_Femme_au_pot_de_moutarde%29%2C_oil_on_canvas%2C_73_x_60_cm%2C_Gemeentemuseum%2C_The_Hague._Exhibited_at_the_Armory_Show%2C_New_York%2C_Chicago%2C_Boston_1913.jpg,woman with mustard pot,pablo picasso,1910,cubism,"Woman With Mustard Pot is a Cubism work by Pablo Picasso, dated 1910.\n\nPicasso's early sculptures were carved from wood or modelled in wax or clay, but from 1909 to 1928 Picasso abandoned modelling and instead made sculptural constructions using diverse materials.\n\nIn 1925 the Surrealist writer and poet André Breton declared Picasso as ""one of ours"" in his article Le Surréalisme et la peinture, published in Révolution surréaliste. Les Demoiselles was reproduced for the first time in Europe in the same issue."
https://upload.wikimedia.org/wikipedia/en/1/1c/Pablo_Picasso%2C_1910%2C_Girl_with_a_Mandolin_%28Fanny_Tellier%29%2C_oil_on_canvas%2C_100.3_x_73.6_cm%2C_Museum_of_Modern_Art_New_York..jpg,girl with a mandolin,pablo picasso,1910,cubism,"Girl with a Mandolin (Fanny Tellier) is a 1910 Cubist painting by Pablo Picasso. The artwork was one of Picasso’s early Analytic Cubist creations, through which he aimed to reduce organic forms to geometric shapes. It shows the model Fanny Tellier in the nude, with her hands on a mandolin. Tellier volunteered to model for Picasso but, according to the latter, eventually refused to continue sitting for him after the painting took longer to complete than she had expected. Picasso accordingly left the portrait unfinished, though later suggested that he could have done nothing further to improve it."
https://upload.wikimedia.org/wikipedia/commons/6/68/Picasso_Portrait_of_Daniel-Henry_Kahnweiler_1910.jpg,portrait of daniel-henry kahnweiler,pablo picasso,1910,cubism,"Portrait of Daniel-Henry Kahnweiler is an oil on canvas painting by Pablo Picasso in the Analytical Cubism style. It was completed in the autumn of 1910 and depicts the prominent art dealer Daniel-Henry Kahnweiler, who played an important role in supporting Cubism. The painting is housed in the collection of the Art Institute of Chicago."
https://upload.wikimedia.org/wikipedia/commons/d/d3/Renoir_Self-Portrait_1910.jpg,self-portrait,pierre-auguste renoir,1910,impressionism,"Self-Portrait is a Impressionism work by Pierre-Auguste Renoir, dated 1910.\n\nRenoir's portrait of the Austrian actress Tilla Durieux (1914) contains playful flecks of vibrant color on her shawl that offset the classical pose of the actress and highlight Renoir's skill just five years before his death."
https://upload.wikimedia.org/wikipedia/commons/5/50/Pierre-Auguste_Renoir_-_Autoportrait_5.JPG,self-portrait,pierre-auguste renoir,1910,impressionism,"Self-Portrait is a Impressionism work by Pierre-Auguste Renoir, dated 1910.\n\nRenoir's portrait of the Austrian actress Tilla Durieux (1914) contains playful flecks of vibrant color on her shawl that offset the classical pose of the actress and highlight Renoir's skill just five years before his death."
https://upload.wikimedia.org/wikipedia/en/c/ca/Pablo_Picasso%2C_1910-11%2C_Guitariste%2C_La_mandoliniste%2C_Woman_playing_guitar%2C_oil_on_canvas.jpg,"guitariste, la mandoliniste",pablo picasso,1910-1911,cubism,"Guitariste, La Mandoliniste is a Cubism work by Pablo Picasso, dated 1910-1911.\n\nPicasso's early sculptures were carved from wood or modelled in wax or clay, but from 1909 to 1928 Picasso abandoned modelling and instead made sculptural constructions using diverse materials.\n\nIn 1925 the Surrealist writer and poet André Breton declared Picasso as ""one of ours"" in his article Le Surréalisme et la peinture, published in Révolution surréaliste. Les Demoiselles was reproduced for the first time in Europe in the same issue."
https://upload.wikimedia.org/wikipedia/en/7/7f/Pablo_Picasso%2C_1911%2C_Still_Life_with_a_Bottle_of_Rum%2C_oil_on_canvas%2C_61.3_x_50.5_cm%2C_Metropolitan_Museum_of_Art%2C_New_York.jpg,still life with a bottle of rum,pablo picasso,1911,cubism,"Still Life With A Bottle Of Rum is a Cubism work by Pablo Picasso, dated 1911.\n\nPicasso's early sculptures were carved from wood or modelled in wax or clay, but from 1909 to 1928 Picasso abandoned modelling and instead made sculptural constructions using diverse materials.\n\non canvas edged with rope). In 1912 Galerias Dalmau in Barcelona did two exhibitions side by side of Picasso and artist Joaquin Torres-Garcia."
https://upload.wikimedia.org/wikipedia/en/d/dc/Pablo_Picasso%2C_1911%2C_The_Poet_%28Le_po%C3%A8te%29%2C_C%C3%A9ret%2C_oil_on_linen%2C_131.2_%C3%97_89.5_cm%2C_The_Solomon_R._Guggenheim_Foundation%2C_Peggy_Guggenheim_Collection%2C_Venice.jpg,the poet,pablo picasso,1911,cubism,"The Poet is a Cubism work by Pablo Picasso, dated 1911.\n\nPicasso's early sculptures were carved from wood or modelled in wax or clay, but from 1909 to 1928 Picasso abandoned modelling and instead made sculptural constructions using diverse materials.\n\nSynthetic cubism was a further development of the genre of cubism, in which cut paper fragments – often wallpaper or portions of newspaper pages – were pasted into compositions, marking the first cubist collage and simultaneously what is often considered to be the first assemblage, with his creation of the se"
https://uploads2.wikiart.org/00475/images/wassily-kandinsky/composition-iv-1911.jpg!Large.jpg,composition iv,wassily kandinsky,1911,expressionism / abstraction,"Composition Iv is a Expressionism / Abstraction work by Wassily Kandinsky, dated 1911.\n\nHis writing in The Blue Rider Almanac and the treatise ""On the Spiritual in Art"" (which was released in 1910) were both a defence and promotion of abstract art and an affirmation that all forms of art were equally capable of reaching a level of spirituality.\n\nSadleir's interest in Kandinsky also led to Kandinsky's first works entering a British art collection; Sadleir's father, Michael Sadler, acquired several wood-prints and the abstract painting Fragment for Composition VII in 1913 following a visit by father and son to meet Kandinsky in Munich that year."
https://upload.wikimedia.org/wikipedia/commons/f/f9/The_Farm_at_Les_Collettes%2C_Cagnes_MET_DT215205.jpg,"the farm at les collettes, cagnes",pierre-auguste renoir,1908-1914,impressionism,"The Farm At Les Collettes, Cagnes is a Impressionism work by Pierre-Auguste Renoir, dated 1908-1914.\n\nRenoir's portrait of the Austrian actress Tilla Durieux (1914) contains playful flecks of vibrant color on her shawl that offset the classical pose of the actress and highlight Renoir's skill just five years before his death."
https://upload.wikimedia.org/wikipedia/commons/e/ef/L%27Atelier_rouge%2C_par_Henri_Matisse.jpg,the red studio,henri matisse,1911,fauvism / post-impressionism,"The Red Studio is an oil on canvas painting by French artist Henri Matisse from 1911. It is held in the collection of the Museum of Modern Art, in New York."
https://upload.wikimedia.org/wikipedia/en/3/3c/Pablo_Picasso%2C_1911-12%2C_Violon_%28Violin%29%2C_oil_on_canvas%2C_Kr%C3%B6ller-M%C3%BCller_Museum%2C_Otterlo%2C_Netherlands.jpg,violon,pablo picasso,1911-1912,cubism,"Violon is a Cubism work by Pablo Picasso, dated 1911-1912.\n\n1942: tome II, vol.1, Œuvres de 1906 à 1912. Introduction p. XI–, 172 pages, 360 reproductions 1944: tome II, vol.2, Œuvres de 1912 à 1917. Introduction p. IX–, 233 p. pp. 173 to 406, 604 reproductions\n\nPicasso's early sculptures were carved from wood or modelled in wax or clay, but from 1909 to 1928 Picasso abandoned modelling and instead made sculptural constructions using diverse materials."
https://www.pablopicasso.org/assets/img/paintings/still-life-with-chair-caning.jpg,still life with chair caning,pablo picasso,1912,cubism,"Still Life with Chair Caning is an ovular 1912 mixed-media collage work by Pablo Picasso (1881–1973), which is considered to be the first cubist collage as well as, by some, the first assemblage. The work consists of oil and printed oilcloth on canvas edged with rope. It is said that by introducing the facsimile of a newspaper into the work, he was ""inserting a fragment of reality into the fictive realm of painting""."
https://cdn.topofart.com/images/artists/Marcel-Duchamp/paintings-wm/duchamp-001.webp,nude descending a staircase ii,marcel duchamp,1912,cubism,"Nude Descending a Staircase, No. 2 is a 1912 painting by Marcel Duchamp. The work is widely regarded as a Modernist classic and has become one of the most famous of its time. Before its first presentation at the 1912 Salon des Indépendants in Paris it was rejected by the Cubists as being too Futurist. It was then exhibited with the Cubists at Galeries Dalmau's Exposició d'Art Cubista, in Barcelona, 20 April – 10 May 1912. The painting was subsequently shown, and ridiculed, at the 1913 Armory Show in New York City."
https://upload.wikimedia.org/wikipedia/commons/4/4a/Henri_Matisse%2C_1911-12%2C_La_Fen%C3%AAtre_%C3%A0_Tanger_%28Paysage_vu_d%27une_fen%C3%AAtre_Landscape_viewed_from_a_window%2C_Tangiers%29%2C_oil_on_canvas%2C_115_x_80_cm%2C_Pushkin_Museum.jpg,window at tangier,henri matisse,1912,modernism / fauvism,"Window at Tangier; also referred to as La Fenêtre à Tanger, Paysage vu d'une fenêtre, and Landscape viewed from a window, Tangiers, is a painting by Henri Matisse, executed in 1912. It is held at the Pushkin Museum of Fine Arts, Moscow."
https://upload.wikimedia.org/wikipedia/commons/a/a1/McSorley%27s_Bar_1912_John_Sloan.jpg,mcsorley's bar,john french sloan,1912,american realism,"Mcsorley's Bar is a American Realism work by John French Sloan, dated 1912.\n\nSloan tended to observe city dwellers interacting in an intimate setting. A student of his wrote, he ""concerned himself with what we call genre: street scenes, restaurant life, paintings of saloons, ferry boats, roof tops, back yards, and so on through a whole catalogue of commonplace subjects."" Like Edward H\n\nSloan's growing discontent with what he called ""the Plutocracy's government"" led him to join the Socialist Party in 1910. Dolly Sloan also became active in Socialist projects at this time."
https://upload.wikimedia.org/wikipedia/commons/0/0c/Franz_Marc_-_The_Foxes_-_Google_Art_Project.jpg,the foxes,franz marc,1913,expressionism / der blaue reiter,"The Foxes is a Expressionism / Der Blaue Reiter work by Franz Marc, dated 1913.\n\nMorgan Meis writes, ""we can say that Franz Marc became an artist in the winter of 1910-11. Something awoke in him, something came together."" ""Marc made the leap from artistic confusion to profound vision.... His animals began to emerge pure and true from the canvas.... Color was the main thing.\n\nIn 1911, Marc founded the Der Blaue Reiter journal, which became the center of an artist circle, along with Macke, Wassily Kandinsky, and others who had decided to split off from the Neue Künstlervereinigung movement."
https://cdn.topofart.com/images/artists/Wassily_Kandinsky/paintings-wm/kandinsky002.webp,concentric circles,wassily kandinsky,1913,abstraction / expressionism,"Concentric Circles is a Abstraction / Expressionism work by Wassily Kandinsky, dated 1913.\n\nSadleir's interest in Kandinsky also led to Kandinsky's first works entering a British art collection; Sadleir's father, Michael Sadler, acquired several wood-prints and the abstract painting Fragment for Composition VII in 1913 following a visit by father and son to meet Kandinsky in Munich that year.\n\nIn addition to painting, Kandinsky was an art theorist; his influence on the history of Western art stems perhaps more from his theoretical works than from his paintings. He helped found the Neue Künstlervereinigung München (Munich New Artists' Association), becoming its president in 1909."
https://upload.wikimedia.org/wikipedia/commons/3/3a/Vassily_Kandinsky%2C_1913_-_Composition_6.jpg,composition vi,wassily kandinsky,1913,expressionism / abstraction,"Composition VI is a 1913 oil painting on canvas by the Russian artist Wassily Kandinsky, now in the Hermitage Museum, in Saint Petersburg."
https://upload.wikimedia.org/wikipedia/commons/0/01/Composition_VII_-_Wassily_Kandinsky%2C_GAC.jpg,composition vii,wassily kandinsky,1913,expressionism / abstraction,"Composition VII is a 1913 abstract oil painting by Russian-born painter Wassily Kandinsky. It is in the collection of the Tretyakov Gallery, in Moscow. Art historians have concluded that the work is a combination of the themes of Resurrection, Judgment Day, the Flood and the Garden of Eden."
https://upload.wikimedia.org/wikipedia/commons/b/b9/Henri_Matisse%2C_1913%2C_Portrait_of_the_Artist%27s_Wife%2C_oil_on_canvas%2C_146_x_97.7_cm%2C_Hermitage%2C_Saint_Petersburg.jpg,portrait of the artist's wife,henri matisse,1913,modernism / abstraction,"Portrait Of The Artist's Wife is a Modernism / Abstraction work by Henri Matisse, dated 1913.\n\nThe decline of the Fauvist movement after 1906 did not affect the career of Matisse; many of his finest works were created between 1906 and 1917, when he was an active part of the great gathering of artistic talent in Montparnasse, even though he did not quite fit in, with his conservative appearance and stri\n\nMatisse spent seven months in Morocco from 1912 to 1913, producing about 24 paintings and numerous drawings. His frequent orientalist topics of later paintings, such as odalisques, can be traced to this period."
https://upload.wikimedia.org/wikipedia/commons/4/4e/Henri_Matisse%2C_1915-16%2C_The_Moroccans%2C_oil_on_canvas%2C_181.3_x_279.4_cm%2C_Museum_of_Modern_Art.jpg,the moroccans,henri matisse,1915-1916,cubism / fauvism,"The Moroccans is a Cubism / Fauvism work by Henri Matisse, dated 1915-1916.\n\nMatisse had a long association with the Russian art collector Sergei Shchukin. He created one of his major works La Danse specially for Shchukin as part of a two painting commission, the other painting being Music (1910).\n\nAlthough the paper cut-out was Matisse's major medium in the final decade of his life, his first recorded use of the technique was in 1919 during the design of decor for the Le chant du rossignol, an opera composed by Igor Stravinsky. Albert C."
https://upload.wikimedia.org/wikipedia/commons/c/c3/Henri_Matisse%2C_1916-17%2C_Auguste_Pellerin_II%2C_oil_on_canvas%2C_150.2_x_96.2_cm%2C_Centre_Georges_Pompidou%2C_Paris.jpg,auguste pellerin ii,henri matisse,1916-1917,post-impressionism / modernism,"Auguste Pellerin Ii is a Post-Impressionism / Modernism work by Henri Matisse, dated 1916-1917.\n\nThe decline of the Fauvist movement after 1906 did not affect the career of Matisse; many of his finest works were created between 1906 and 1917, when he was an active part of the great gathering of artistic talent in Montparnasse, even though he did not quite fit in, with his conservative appearance and stri\n\nAlthough the paper cut-out was Matisse's major medium in the final decade of his life, his first recorded use of the technique was in 1919 during the design of decor for the Le chant du rossignol, an opera composed by Igor Stravinsky. Albert C."
https://upload.wikimedia.org/wikipedia/commons/0/0f/Henri_Matisse%2C_1916-17%2C_Le_Peintre_dans_son_atelier_%28The_Painter_and_His_Model%29%2C_oil_on_canvas%2C_146.5_x_97_cm%2C_Mus%C3%A9e_National_d%27Art_Moderne%2C_Centre_Georges_Pompidou%2C_Paris.jpg,the painter and his model,henri matisse,1916-1917,modernism,"The Painter and His Model (French titles: Le Peintre dans son atelier, Le peintre et son modèle, l'Atelier, quai Saint-Michel) is a work by Henri Matisse painted late 1916, early 1917. It is currently in the collection of the Musée National d'Art Moderne, Centre Georges Pompidou, Paris. In this work Matisse depicted himself in his studio on the fourth floor of 19 Quai Saint-Michel, at work on his painting Laurette in a Green Robe (1916).\n\nThis painting belongs to the series of Matisse's studio with views of l'Île de la Cité and the Pont Saint-Michel. According to Matisse (when the painting was acquired by the Musée National d'Art Moderne in 1945), this work was painted in 1917."
https://images.squarespace-cdn.com/content/v1/57f0b8c859cc68fe6a908fb7/1637375436964-PIBCXKHU6H94XJ4HQ2M2/Childe+Hassam+-+Allies+Day+-+1917.jpeg?format=2500w,"allies day, may 1917",childe hassam,1917,american impressionism,"Allies Day, May 1917 is a American Impressionism work by Childe Hassam, dated 1917.\n\nThe most distinctive and famous works of Hassam's later life comprise the set of some thirty paintings known as the ""Flag series"".\n\nClaude Monet, among other French artists, had also painted flag-themed works, but Hassam's have a distinctly American character, showing the flags displayed on New York's most fashionable street with his own compositional style and artistic vision."
https://cdn.topofart.com/images/artists/Amedeo_Modigliani/paintings-wm/modigliani004.webp,red nude (nude on a cushion),amedeo modigliani,1917,expressionism,"Red Nude (Nude On A Cushion) is a Expressionism work by Amedeo Modigliani, dated 1917.\n\nThe several dozen nudes Modigliani painted between 1916 and 1919 constitute many of his best-known works. This series of nudes was commissioned by Modigliani's dealer and friend Léopold Zborowski, who lent the artist use of his apartment, supplied models and painting materials, and paid him between fifteen an\n\nNude Sitting on a Divan is one of a series of nudes painted by Modigliani in 1917 that created a sensation when exhibited in Paris that year. According to the catalogue description from the 2010 sale of the painting at Sotheby's, seven nudes were exhibited in the 1917 show."
https://upload.wikimedia.org/wikipedia/commons/d/dd/Marcel_Duchamp%2C_1917%2C_Fountain%2C_photograph_by_Alfred_Stieglitz.jpg,fountain,marcel duchamp,1917,dada / conceptual,"Fountain was a readymade sculpture attributed to Marcel Duchamp in 1917, consisting of a porcelain urinal signed ""R. Mutt"". The work is regarded by art historians and theorists of the avant-garde as a major landmark in 20th-century art."
https://upload.wikimedia.org/wikipedia/en/6/6e/Pablo_Picasso%2C_1917-18%2C_Portrait_d%27Olga_dans_un_fauteuil_%28Olga_in_an_Armchair%29%2C_oil_on_canvas%2C_130_x_88.8_cm%2C_Mus%C3%A9e_Picasso%2C_Paris%2C_France.jpg,portrait d'olga dans un fauteuil,pablo picasso,1918,neoclassicism / surrealism,"Portrait D'Olga Dans Un Fauteuil is a Neoclassicism / Surrealism work by Pablo Picasso, dated 1918.\n\nFrom the beginning of his career, Picasso displayed an interest in subject matter of every kind, and demonstrated a great stylistic versatility that enabled him to work in several styles at once.\n\n1949: tome III, Œuvres de 1917 à 1919. Introduction p. IX–, 152 pages, 465 reproductions 1951: tome IV, Œuvres de 1920 à 1922. Introduction p. VII–, 192 pages, 455 reproductions"
https://upload.wikimedia.org/wikipedia/commons/f/f8/Henri_Matisse%2C_1918%2C_Portrait_du_peintre_%28Autoportrait%2C_Self-portrait%29%2C_oil_on_canvas%2C_65_x_54_cm%2C_Matisse_Museum_%28Le_Cateau%29.jpg,self-portrait,henri matisse,1918,modernism / post-impressionism,"Self-Portrait is a Modernism / Post-Impressionism work by Henri Matisse, dated 1918.\n\nThe decline of the Fauvist movement after 1906 did not affect the career of Matisse; many of his finest works were created between 1906 and 1917, when he was an active part of the great gathering of artistic talent in Montparnasse, even though he did not quite fit in, with his conservative appearance and stri\n\nAlthough the paper cut-out was Matisse's major medium in the final decade of his life, his first recorded use of the technique was in 1919 during the design of decor for the Le chant du rossignol, an opera composed by Igor Stravinsky. Albert C."
https://upload.wikimedia.org/wikipedia/en/a/a3/Pablo_Picasso%2C_1919%2C_Sleeping_Peasants%2C_gouache%2C_watercolor_and_pencil_on_paper%2C_31.1_x_48.9_cm%2C_Museum_of_Modern_Art%2C_New_York.jpg,sleeping peasants,pablo picasso,1919,neoclassicism / surrealism,"Sleeping Peasants is a Neoclassicism / Surrealism work by Pablo Picasso, dated 1919.\n\nPicasso. Œuvres de 1920 à 1926, Cahiers d'art, Paris Dessins de Picasso 1892–1948, Paris, Éditions Cahiers d'art, 1949 Picasso. Dessins, Hazan, 199 reproductions, 1949\n\nFrom the beginning of his career, Picasso displayed an interest in subject matter of every kind, and demonstrated a great stylistic versatility that enabled him to work in several styles at once."
https://upload.wikimedia.org/wikipedia/commons/2/2a/Matisse_-_White_Plumes_%28Les_plumes_blanches%29_1919_MIA.jpg,white plumes,henri matisse,1919,modernism,"White Plumes is a Modernism work by Henri Matisse, dated 1919.\n\nThe decline of the Fauvist movement after 1906 did not affect the career of Matisse; many of his finest works were created between 1906 and 1917, when he was an active part of the great gathering of artistic talent in Montparnasse, even though he did not quite fit in, with his conservative appearance and stri\n\nAlthough the paper cut-out was Matisse's major medium in the final decade of his life, his first recorded use of the technique was in 1919 during the design of decor for the Le chant du rossignol, an opera composed by Igor Stravinsky. Albert C."
https://upload.wikimedia.org/wikipedia/commons/0/05/Henri_Matisse%2C_1920-21%2C_Odalisque%2C_oil_on_canvas%2C_61.4_x_74.4_cm%2C_Stedelijk_Museum.jpg,odalisque,henri matisse,1920-1921,modernism / post-impressionism,"Odalisque is a Modernism / Post-Impressionism work by Henri Matisse, dated 1920-1921.\n\nAlthough the paper cut-out was Matisse's major medium in the final decade of his life, his first recorded use of the technique was in 1919 during the design of decor for the Le chant du rossignol, an opera composed by Igor Stravinsky. Albert C.\n\nAfter 1930, a new vigor and bolder simplification appeared in his work. American art collector Albert C. Barnes convinced Matisse to produce a large mural for the Barnes Foundation, The Dance II, which was completed in 1932; the Foundation owns several dozen other Matisse paintings."
https://upload.wikimedia.org/wikipedia/en/6/6a/Pablo_Picasso%2C_1921%2C_Nu_assis_s%27essuyant_le_pied_%28Seated_Nude_Drying_her_Foot%29%2C_pastel%2C_66_x_50.8_cm%2C_Berggruen_Museum.jpg,nu assis s'essuyant le pied,pablo picasso,1921,neoclassicism / surrealism,"Nu Assis S'Essuyant Le Pied is a Neoclassicism / Surrealism work by Pablo Picasso, dated 1921.\n\n1952: tome V, Œuvres de 1923 à 1925. Introduction p. IX–, 188 pages, 466 reproductions 1954: tome VI, Supplément aux tomes I à V. Sans introduction, 176 pages, 1481 reproductions\n\nFrom the beginning of his career, Picasso displayed an interest in subject matter of every kind, and demonstrated a great stylistic versatility that enabled him to work in several styles at once."
https://upload.wikimedia.org/wikipedia/commons/9/9c/Paul_Klee%2C_1922%2C_Red_Balloon%2C_oil_on_chalk-primed_gauze%2C_mounted_on_board%2C_31.7_x_31.1_cm%2C_Solomon_R._Guggenheim_Museum.jpg,red balloon,paul klee,1922,bauhaus / abstraction / expressionism / cubism,Red Balloon or Red Balloons may refer to:
https://upload.wikimedia.org/wikipedia/commons/8/84/Vassily_Kandinsky%2C_1922_-_Kleine_Welten_I_%28new_file%29.jpg,small worlds i,wassily kandinsky,1922,abstraction,"Small Worlds I is a Abstraction work by Wassily Kandinsky, dated 1922.\n\nIn 1896, Kandinsky settled in Munich, studying first at Anton Ažbe's private school and then at the Academy of Fine Arts. During this time, he was first the teacher and then the partner of German artist Gabriele Münter. He returned to Moscow in 1914 after the outbreak of World War I.\n\nKandinsky was one of Die Blaue Vier (The Blue Four), which was a group that was formed in 1923 with Paul Klee, Lyonel Feininger and Alexej von Jawlensky at the instigation of Galka Scheyer, who promoted their work in the United States from 1924 onward."
https://www.wassilykandinsky.net/images/works/50.jpg,composition viii,wassily kandinsky,1923,abstraction / geometric abstraction,"Composition Viii is a Abstraction / Geometric Abstraction work by Wassily Kandinsky, dated 1923.\n\nKandinsky was one of Die Blaue Vier (The Blue Four), which was a group that was formed in 1923 with Paul Klee, Lyonel Feininger and Alexej von Jawlensky at the instigation of Galka Scheyer, who promoted their work in the United States from 1924 onward.\n\nIn May 1922, he attended the International Congress of Progressive Artists and signed the ""Founding Proclamation of the Union of Progressive International Artists""."
https://upload.wikimedia.org/wikipedia/commons/c/c4/Vassily_Kandinsky%2C_1923_-_On_White_II.jpg,on white ii,wassily kandinsky,1923,abstraction,"On White Ii is a Abstraction work by Wassily Kandinsky, dated 1923.\n\nKandinsky was one of Die Blaue Vier (The Blue Four), which was a group that was formed in 1923 with Paul Klee, Lyonel Feininger and Alexej von Jawlensky at the instigation of Galka Scheyer, who promoted their work in the United States from 1924 onward.\n\nThe two-metre-wide Yellow – red – blue (1925) of several main forms: a vertical yellow rectangle, an inclined red cross and a large dark blue circle; a multitude of straight (or sinuous) black lines, circular arcs, monochromatic circles and scattered, coloured checker-boards contribute to its delicate complex"
https://upload.wikimedia.org/wikipedia/commons/f/f0/Vassily_Kandinsky%2C_1923_-_Circles_in_a_Circle.jpg,circles in a circle,wassily kandinsky,1923,abstraction,"Circles In A Circle is a Abstraction work by Wassily Kandinsky, dated 1923.\n\nKandinsky was similarly influenced during this period by Richard Wagner's Lohengrin which, he felt, pushed the limits of music and melody beyond standard lyricism. He was also spiritually influenced by Madame Blavatsky, the best-known exponent of theosophy.\n\nKandinsky was one of Die Blaue Vier (The Blue Four), which was a group that was formed in 1923 with Paul Klee, Lyonel Feininger and Alexej von Jawlensky at the instigation of Galka Scheyer, who promoted their work in the United States from 1924 onward."
https://uploads0.wikiart.org/images/wassily-kandinsky/black-and-violet-1923.jpg,black and violet,wassily kandinsky,1923,abstraction,"Black And Violet is a Abstraction work by Wassily Kandinsky, dated 1923.\n\nKandinsky was one of Die Blaue Vier (The Blue Four), which was a group that was formed in 1923 with Paul Klee, Lyonel Feininger and Alexej von Jawlensky at the instigation of Galka Scheyer, who promoted their work in the United States from 1924 onward.\n\nIn May 1922, he attended the International Congress of Progressive Artists and signed the ""Founding Proclamation of the Union of Progressive International Artists""."
https://upload.wikimedia.org/wikipedia/commons/a/a6/Kandinsky_-_Jaune_Rouge_Bleu.jpg,yellow-red-blue,wassily kandinsky,1925,expressionism / abstraction,"Yellow-Red-Blue is a Expressionism / Abstraction work by Wassily Kandinsky, dated 1925.\n\nKandinsky was one of Die Blaue Vier (The Blue Four), which was a group that was formed in 1923 with Paul Klee, Lyonel Feininger and Alexej von Jawlensky at the instigation of Galka Scheyer, who promoted their work in the United States from 1924 onward.\n\nThe two-metre-wide Yellow – red – blue (1925) of several main forms: a vertical yellow rectangle, an inclined red cross and a large dark blue circle; a multitude of straight (or sinuous) black lines, circular arcs, monochromatic circles and scattered, coloured checker-boards contribute to its delicate complex"
https://upload.wikimedia.org/wikipedia/en/b/b9/MagrittePipe.jpg,the treachery of images,rene magritte,1929,surrealism,"The Treachery of Images is a 1929 painting by Belgian surrealist painter René Magritte. It is also known as This Is Not a Pipe, Ceci n'est pas une pipe and The Wind and the Song. It is on display at the Los Angeles County Museum of Art."
https://upload.wikimedia.org/wikipedia/commons/c/cc/Grant_Wood_-_American_Gothic_-_Google_Art_Project.jpg,american gothic,grant wood,1930,social realism / american modernism,"American Gothic is a 1930 oil painting on beaverboard by the American Regionalist artist Grant Wood, depicting a Midwestern farmer and his daughter standing in front of their Carpenter Gothic style home. It is one of the most famous American paintings of the 20th century and is frequently referenced in popular culture."
https://upload.wikimedia.org/wikipedia/commons/a/a4/Piet_Mondriaan%2C_1930_-_Mondrian_Composition_II_in_Red%2C_Blue%2C_and_Yellow.jpg,"composition with red, blue and yellow",piet mondrian,1930,geometric abstraction / de stijl,"Composition with Red, Blue and Yellow is an oil on canvas painting by Piet Mondrian, from 1930."
https://uploads6.wikiart.org/images/salvador-dali/the-persistence-of-memory-1931.jpg!Large.jpg,the persistence of memory,salvador dali,1931,surrealism,"The Persistence of Memory is a 1931 painting by artist Salvador Dalí and one of the most recognizable works of Surrealism. First exhibited at the Julien Levy Gallery in 1932 and sold for $250, The Persistence of Memory was donated to the Museum of Modern Art (MoMA) in New York City two years later in 1934 by an anonymous donor, where it has remained ever since. It is widely recognized and frequently referred to in popular culture, and sometimes referred to by more descriptive titles, such as ""The Melting Clocks"", ""The Soft Watches"" or ""The Melting Watches""."
https://www.diegorivera.org/assets/img/famous/flower-carrier.jpg,the flower carrier,diego rivera,1935,social realism / muralism,"The Flower Carrier is a Social Realism / Muralism work by Diego Rivera, dated 1935.\n\nDuring the McCarthyism of the 1950s, a large sign was placed in the courtyard defending the artistic merit of the murals while attacking his politics as ""detestable"". His mural Man at the Crossroads, originally a three-paneled work, begun as a commission for John D. Rockefeller Jr.\n\nWhen Rivera refused to remove Lenin from the painting, he was ordered to leave the US. One of Rivera's assistants managed to take a few photographs of the work so Diego was able to later recreate it. American poet Archibald MacLeish wrote six ""irony-laden"" poems about the mural."
https://www.pablopicasso.org/assets/img/paintings/guernica3.jpg,guernica,pablo picasso,1937,cubism,"Guernica is a large 1937 oil painting by Spanish artist Pablo Picasso. It is one of his best-known works, regarded by many art critics as the most moving and powerful anti-war painting in history. It is exhibited in the Museo Reina Sofía in Madrid."
https://www.fridakahlo.org/assets/img/paintings/the-two-fridas.jpg,the two fridas,frida kahlo,1939,surrealism / mexicanidad,"The Two Fridas is a Surrealism / Mexicanidad work by Frida Kahlo, dated 1939.\n\nFollowing her separation from Rivera, Kahlo moved back to La Casa Azul and, determined to earn her own living, began another productive period as an artist, inspired by her experiences abroad.\n\nSelf-portrait on the Border of Mexico and the United States (1932) Henry Ford Hospital (1932) Self-Portrait Dedicated to Leon Trotsky (1937) The Two Fridas (1939) The Dream (The Bed) (1940)."
https://uploads7.wikiart.org/images/wassily-kandinsky/composition-x-1939.jpg!Large.jpg,composition x,wassily kandinsky,1939,abstraction,"Composition X is an abstract oil painting created in 1939 by the Russian émigré artist Wassily Kandinsky, then living near Paris. It is part of the collection of the Kunstsammlung Nordrhein-Westfalen in Düsseldorf, Germany."
https://upload.wikimedia.org/wikipedia/commons/a/a8/Nighthawks_by_Edward_Hopper_1942.jpg,nighthawks,edward hopper,1942,american realism / social realism / urban realism / existentialism,Nighthawks is a 1942 oil on canvas painting by the American artist Edward Hopper that portrays four people in a downtown diner late at night as viewed through the diner's large glass window. The light coming from the diner illuminates a darkened and deserted urban streetscape.
https://upload.wikimedia.org/wikipedia/commons/3/30/Piet_Mondrian%2C_1942_-_Broadway_Boogie_Woogie.jpg,broadway boogie woogie,piet mondrian,1942-1943,geometric abstraction / de stijl,"Broadway Boogie Woogie is an oil on canvas painting by Piet Mondrian, completed in 1943, after he had moved to New York in 1940."
https://upload.wikimedia.org/wikipedia/en/6/6a/The_Charnel_House_by_Picasso.jpg,the charnel house,pablo picasso,1944-1945,cubism,"The Charnel House is an unfinished 1944–1945 oil and charcoal on canvas painting by Spanish artist Pablo Picasso, which is purported to deal with the Nazi genocide of the Holocaust. The black and white 'grisaille' composition centres on a massed pile of corpses and was based primarily upon film and photographs of a slaughtered family during the Spanish Civil War. It is considered to be the second of three major anti-war Picassos, preceded by Guernica in 1937 and succeeded by Massacre in Korea in 1951. The painting is housed in the Museum of Modern Art in New York City."
https://upload.wikimedia.org/wikipedia/commons/4/4c/Roundbale1.jpg,haymaking,arkady plastov,1945,realism,"Haymaking is a painting by Russian Soviet artist Arkady Plastov. The painting embodied the artist's hope for a better future, for the arrival of a peaceful life. An everyday episode depicted in the painting Haymaking acquires a sublime meaning thanks to the monumentality of the canvas. At the same time, the canvas is filled with lyricism and the pictures are poetry."
https://www.jackson-pollock.org/assets/img/paintings/number-5.jpg,"no. 5, 1948",jackson pollock,1948,abstract expressionism,"No. 5, 1948 is a 1948 painting by Jackson Pollock, an American painter known for his contributions to the abstract expressionist movement. It was sold on 22 May 2006 for $140 million, a new mark for highest ever price for a painting, not surpassed until April 2011."
https://miro.medium.com/v2/resize:fit:2000/1*aL7u4f6CPc_Zc-o9Y5rusQ.jpeg,christina's world,andrew wyeth,1948,american realism,"Christina's World is a 1948 painting by American painter Andrew Wyeth and one of the best-known American paintings of the mid-20th century. It is a tempera work done in a realist style, depicting a woman in an inclined position on the ground in a treeless, mostly tawny field, looking up at a gray house on the horizon, a barn, and various other small outbuildings adjacent to the house. It is held by the Museum of Modern Art, in New York."
https://upload.wikimedia.org/wikipedia/en/f/f2/Number_17A.jpg,number 17a,jackson pollock,1948,abstract expressionism,"Number 17A is an abstract expressionist painting by American painter Jackson Pollock, from 1948."
https://www.jackson-pollock.org/assets/img/paintings/number-1.jpg,number 1,jackson pollock,1948,abstract expressionism,"Number 1 is a Abstract Expressionism work by Jackson Pollock, dated 1948.\n\nPollock's most famous paintings were made during the ""drip period"" between 1947 and 1950. However, when investigating the impact that other artists have had on him and his ""drip paintings"", the time that Pollock spent working and studying in the Experimental Workshop with David Alfaro Siqueiros in 1936 is rar\n\nEventually, he became famous for his ""drip"" paintings and was the subject of an article in the 8 August 1949 issue of LIFE titled ""Jackson Pollock: Is he the greatest living painter in the United States?"" Thanks to the mediation of Alfonso Ossorio, a close friend of Pollock, and the art historian Michel Tapié"
https://www.jackson-pollock.org/assets/img/paintings/mural-on-indian-red-ground.jpg,mural on indian red ground,jackson pollock,1950,abstract expressionism,"Mural on Indian Red Ground is a 1950 abstract expressionist drip painting by American artist Jackson Pollock, currently in the collection of the Tehran Museum of Contemporary Art. It is valued at about $250 million and is considered one of Pollock's greatest works."
https://www.jackson-pollock.org/assets/img/paintings/autumn-rhythm.jpg,autumn rhythm (number 30),jackson pollock,1950,abstract expressionism,"Autumn Rhythm is a 1950 abstract expressionist painting by American artist Jackson Pollock in the collection of the Metropolitan Museum of Art in New York City. The work is a distinguished example of Pollock's 1947-50 poured-painting style, and is often considered one of his most notable works."
https://www.jackson-pollock.org/assets/img/paintings/one-number31.jpg,one: number 31,jackson pollock,1950,abstract expressionism,"One: Number 31 is a Abstract Expressionism work by Jackson Pollock, dated 1950.\n\nEventually, he became famous for his ""drip"" paintings and was the subject of an article in the 8 August 1949 issue of LIFE titled ""Jackson Pollock: Is he the greatest living painter in the United States?"" Thanks to the mediation of Alfonso Ossorio, a close friend of Pollock, and the art historian Michel Tapié\n\nPollock's work after 1951 was darker in color, including a collection painted in black on unprimed canvases. These paintings have been referred to as his ""Black pourings"" and when he exhibited them at the Betty Parsons Gallery in New York, none of them sold."
https://www.jackson-pollock.org/assets/img/paintings/convergence.jpg,convergence,jackson pollock,1952,abstract expressionism,"Convergence is an oil painting by Jackson Pollock, from 1952. It is held at the Buffalo AKG Art Museum, in Buffalo."
https://www.jackson-pollock.org/assets/img/paintings/blue-poles.jpg,blue poles,jackson pollock,1952,abstract expressionismn,"Blue Poles, also known as Number 11, 1952, is an abstract expressionist painting by the American artist Jackson Pollock. It was purchased amid controversy by the National Gallery of Australia in 1973 and today remains one of the gallery's major paintings."
https://www.jackson-pollock.org/assets/img/paintings/the-deep.jpg,the deep,jackson pollock,1953,abstract expressionism,"The Deep is a 1953 abstract expressionist painting by American painter Jackson Pollock. It is held in the Musée National d'Art Moderne, in Paris."
https://upload.wikimedia.org/wikipedia/en/7/7d/Matissesnail.jpg,the snail,henri matisse,1953,abstraction / modernism,"The Snail (L'escargot) is a collage by Henri Matisse. The work was created from summer 1952 to early 1953. It is pigmented with gouache on paper, cut with shears and pasted onto a base layer of white paper measuring 9'43⁄4"" × 9' 5"" (287 × 288 cm). The piece is in the Tate Modern collection in London."
https://upload.wikimedia.org/wikipedia/en/8/87/Marilyndiptych.jpg,marilyn diptych,andy warhol,1962,pop,"Marilyn Diptych is a 1962 silkscreen painting by American artist Andy Warhol depicting actress Marilyn Monroe. Created shortly after Monroe's death in August 1962, the work consists of fifty repeated images based on a publicity still from the 1953 film Niagara photographed by Gene Kornman. The painting is divided into two adjoining panels, with brightly colored portraits on the left and fading black-and-white impressions on the right."
https://wallpapercave.com/wp/wp8122841.jpg,the son of man,rene magritte,1964,surrealism,The Son of Man is a 1964 painting by the Belgian surrealist painter René Magritte. It is perhaps his best-known artwork.
